time_s,time_ns,time_ps,p_left,p_right,population_imbalance,omega_rad_s,tau_p_s
0.0,0.0,0.0,1.0,0.0,-1.0,11253517.47192591,2.7916539530214507e-07
1.3961760205158544e-10,0.13961760205158544,139.61760205158544,0.9999993828413111,6.171586889314185e-07,-0.9999987656826221,11253517.47192591,2.7916539530214507e-07
2.792352041031709e-10,0.2792352041031709,279.2352041031709,0.9999975313667677,2.4686332322221283e-06,-0.9999950627335354,11253517.47192591,2.7916539530214507e-07
4.1885280615475633e-10,0.41885280615475634,418.8528061547563,0.9999944455809407,5.5544190592504705e-06,-0.9999888911618815,11253517.47192591,2.7916539530214507e-07
5.584704082063418e-10,0.5584704082063418,558.4704082063417,0.9999901254914476,9.874508552332184e-06,-0.9999802509828952,11253517.47192591,2.7916539530214507e-07
6.980880102579272e-10,0.6980880102579271,698.0880102579272,0.9999845711089532,1.5428891046720405e-05,-0.9999691422179064,11253517.47192591,2.7916539530214507e-07
8.377056123095127e-10,0.8377056123095127,837.7056123095126,0.9999777824471693,2.221755283071669e-05,-0.9999555648943386,11253517.47192591,2.7916539530214507e-07
9.773232143610981e-10,0.9773232143610981,977.3232143610982,0.9999697595228545,3.0240477145559996e-05,-0.999939519045709,11253517.47192591,2.7916539530214507e-07
1.1169408164126835e-09,1.1169408164126835,1116.9408164126835,0.9999605023558145,3.9497644185593206e-05,-0.9999210047116289,11253517.47192591,2.7916539530214507e-07
1.256558418464269e-09,1.2565584184642689,1256.558418464269,0.9999500109689017,4.998903109826314e-05,-0.9999000219378034,11253517.47192591,2.7916539530214507e-07
1.3961760205158543e-09,1.3961760205158542,1396.1760205158544,0.9999382853880159,6.171461198412054e-05,-0.9998765707760318,11253517.47192591,2.7916539530214507e-07
1.53579362256744e-09,1.53579362256744,1535.79362256744,0.999925325642103,7.467435789704213e-05,-0.999850651284206,11253517.47192591,2.7916539530214507e-07
1.6754112246190253e-09,1.6754112246190254,1675.4112246190252,0.9999111317631558,8.886823684417511e-05,-0.9998222635263116,11253517.47192591,2.7916539530214507e-07
1.8150288266706107e-09,1.8150288266706107,1815.0288266706107,0.9998957037862141,0.00010429621378593712,-0.9997914075724281,11253517.47192591,2.7916539530214507e-07
1.9546464287221963e-09,1.9546464287221963,1954.6464287221963,0.9998790417493637,0.00012095825063634935,-0.9997580834987274,11253517.47192591,2.7916539530214507e-07
2.0942640307737817e-09,2.0942640307737816,2094.2640307737815,0.9998611456937372,0.00013885430626287,-0.9997222913874744,11253517.47192591,2.7916539530214507e-07
2.233881632825367e-09,2.233881632825367,2233.881632825367,0.9998420156635133,0.00015798433648672727,-0.9996840313270265,11253517.47192591,2.7916539530214507e-07
2.3734992348769525e-09,2.3734992348769524,2373.4992348769524,0.9998216517059171,0.000178348294082864,-0.9996433034118342,11253517.47192591,2.7916539530214507e-07
2.513116836928538e-09,2.5131168369285377,2513.116836928538,0.99980005387122,0.00019994612878004858,-0.9996001077424399,11253517.47192591,2.7916539530214507e-07
2.6527344389801232e-09,2.652734438980123,2652.7344389801233,0.9997772222127388,0.0002227777872611525,-0.9995544444254776,11253517.47192591,2.7916539530214507e-07
2.7923520410317086e-09,2.7923520410317084,2792.3520410317087,0.9997531567868367,0.0002468432131632059,-0.9995063135736735,11253517.47192591,2.7916539530214507e-07
2.9319696430832944e-09,2.9319696430832947,2931.9696430832946,0.9997278576529227,0.0002721423470773421,-0.9994557153058454,11253517.47192591,2.7916539530214507e-07
3.07158724513488e-09,3.07158724513488,3071.58724513488,0.9997013248734506,0.0002986751265493526,-0.9994026497469013,11253517.47192591,2.7916539530214507e-07
3.2112048471864652e-09,3.2112048471864654,3211.204847186465,0.9996735585139206,0.0003264414860794096,-0.9993471170278412,11253517.47192591,2.7916539530214507e-07
3.3508224492380506e-09,3.3508224492380507,3350.8224492380505,0.9996445586428775,0.00035544135712256564,-0.999289117285755,11253517.47192591,2.7916539530214507e-07
3.490440051289636e-09,3.490440051289636,3490.440051289636,0.9996143253319112,0.0003856746680887535,-0.9992286506638224,11253517.47192591,2.7916539530214507e-07
3.6300576533412214e-09,3.6300576533412214,3630.0576533412213,0.9995828586556571,0.0004171413443428973,-0.9991657173113142,11253517.47192591,2.7916539530214507e-07
3.769675255392807e-09,3.7696752553928072,3769.6752553928072,0.9995501586917948,0.000449841308205301,-0.9991003173835895,11253517.47192591,2.7916539530214507e-07
3.909292857444393e-09,3.9092928574443926,3909.2928574443927,0.9995162255210482,0.0004837744789517595,-0.9990324510420965,11253517.47192591,2.7916539530214507e-07
4.048910459495978e-09,4.048910459495978,4048.910459495978,0.9994810592271864,0.0005189407728135587,-0.9989621184543729,11253517.47192591,2.7916539530214507e-07
4.188528061547563e-09,4.188528061547563,4188.528061547563,0.9994446598970219,0.0005553401029780303,-0.9988893197940438,11253517.47192591,2.7916539530214507e-07
4.328145663599149e-09,4.328145663599149,4328.145663599149,0.9994070276204114,0.0005929723795884967,-0.9988140552408229,11253517.47192591,2.7916539530214507e-07
4.467763265650734e-09,4.467763265650734,4467.763265650734,0.9993681624902554,0.0006318375097446038,-0.9987363249805108,11253517.47192591,2.7916539530214507e-07
4.6073808677023195e-09,4.60738086770232,4607.38086770232,0.9993280646024973,0.0006719353975025988,-0.9986561292049947,11253517.47192591,2.7916539530214507e-07
4.746998469753905e-09,4.746998469753905,4746.998469753905,0.9992867340561247,0.0007132659438753297,-0.9985734681122493,11253517.47192591,2.7916539530214507e-07
4.88661607180549e-09,4.8866160718054905,4886.616071805491,0.9992441709531671,0.0007558290468329121,-0.9984883419063342,11253517.47192591,2.7916539530214507e-07
5.026233673857076e-09,5.026233673857075,5026.233673857076,0.9992003753986975,0.0007996246013025066,-0.9984007507973951,11253517.47192591,2.7916539530214507e-07
5.165851275908661e-09,5.165851275908661,5165.851275908661,0.999155347500831,0.0008446524991689297,-0.998310695001662,11253517.47192591,2.7916539530214507e-07
5.3054688779602465e-09,5.305468877960246,5305.468877960247,0.9991090873707253,0.0008909126292746539,-0.9982181747414507,11253517.47192591,2.7916539530214507e-07
5.445086480011832e-09,5.445086480011832,5445.086480011832,0.9990615951225796,0.0009384048774204179,-0.9981231902451593,11253517.47192591,2.7916539530214507e-07
5.584704082063417e-09,5.584704082063417,5584.704082063417,0.9990128708736348,0.0009871291263651716,-0.9980257417472695,11253517.47192591,2.7916539530214507e-07
5.7243216841150035e-09,5.7243216841150035,5724.321684115003,0.9989629147441734,0.0010370852558265753,-0.9979258294883468,11253517.47192591,2.7916539530214507e-07
5.863939286166589e-09,5.863939286166589,5863.939286166589,0.998911726857519,0.001088273142481111,-0.9978234537150379,11253517.47192591,2.7916539530214507e-07
6.003556888218174e-09,6.003556888218174,6003.556888218174,0.9988593073400354,0.0011406926599646372,-0.9977186146800707,11253517.47192591,2.7916539530214507e-07
6.14317449026976e-09,6.14317449026976,6143.17449026976,0.9988056563211275,0.0011943436788725004,-0.997611312642255,11253517.47192591,2.7916539530214507e-07
6.282792092321345e-09,6.282792092321345,6282.792092321345,0.9987507739332401,0.001249226066759923,-0.9975015478664802,11253517.47192591,2.7916539530214507e-07
6.4224096943729304e-09,6.422409694372931,6422.40969437293,0.9986946603118576,0.0013053396881423929,-0.9973893206237152,11253517.47192591,2.7916539530214507e-07
6.562027296424516e-09,6.562027296424516,6562.027296424516,0.9986373155955042,0.001362684404495773,-0.9972746311910083,11253517.47192591,2.7916539530214507e-07
6.701644898476101e-09,6.7016448984761015,6701.644898476101,0.9985787399257431,0.0014212600742569692,-0.9971574798514862,11253517.47192591,2.7916539530214507e-07
6.841262500527687e-09,6.841262500527686,6841.262500527687,0.998518933447176,0.0014810665528240397,-0.997037866894352,11253517.47192591,2.7916539530214507e-07
6.980880102579272e-09,6.980880102579272,6980.880102579272,0.9984578963074434,0.0015421036925565845,-0.9969157926148868,11253517.47192591,2.7916539530214507e-07
7.120497704630857e-09,7.120497704630857,7120.497704630858,0.9983956286572238,0.0016043713427763007,-0.9967912573144475,11253517.47192591,2.7916539530214507e-07
7.260115306682443e-09,7.260115306682443,7260.115306682443,0.9983321306502331,0.0016678693497669816,-0.9966642613004661,11253517.47192591,2.7916539530214507e-07
7.399732908734028e-09,7.399732908734028,7399.732908734029,0.9982674024432246,0.0017325975567753504,-0.9965348048864493,11253517.47192591,2.7916539530214507e-07
7.539350510785614e-09,7.5393505107856145,7539.3505107856145,0.998201444195989,0.0017985558040110594,-0.996402888391978,11253517.47192591,2.7916539530214507e-07
7.6789681128372e-09,7.678968112837199,7678.968112837199,0.9981342560713528,0.0018657439286472455,-0.9962685121427055,11253517.47192591,2.7916539530214507e-07
7.818585714888785e-09,7.818585714888785,7818.585714888785,0.998065838235179,0.0019341617648210296,-0.996131676470358,11253517.47192591,2.7916539530214507e-07
7.95820331694037e-09,7.958203316940371,7958.20331694037,0.9979961908563663,0.002003809143633739,-0.9959923817127325,11253517.47192591,2.7916539530214507e-07
8.097820918991956e-09,8.097820918991957,8097.820918991956,0.9979253141068485,0.0020746858931514622,-0.995850628213697,11253517.47192591,2.7916539530214507e-07
8.237438521043541e-09,8.237438521043542,8237.438521043541,0.9978532081615947,0.0021467918384053264,-0.9957064163231895,11253517.47192591,2.7916539530214507e-07
8.377056123095127e-09,8.377056123095127,8377.056123095126,0.9977798731986078,0.002220126801392164,-0.9955597463972157,11253517.47192591,2.7916539530214507e-07
8.516673725146712e-09,8.516673725146712,8516.673725146713,0.9977053093989253,0.002294690601074678,-0.9954106187978506,11253517.47192591,2.7916539530214507e-07
8.656291327198298e-09,8.656291327198298,8656.291327198298,0.9976295169466178,0.002370483053382111,-0.9952590338932357,11253517.47192591,2.7916539530214507e-07
8.795908929249883e-09,8.795908929249883,8795.908929249883,0.9975524960287894,0.002447503971210574,-0.9951049920575787,11253517.47192591,2.7916539530214507e-07
8.935526531301468e-09,8.935526531301468,8935.526531301468,0.9974742468355764,0.00252575316442355,-0.9949484936711528,11253517.47192591,2.7916539530214507e-07
9.075144133353054e-09,9.075144133353053,9075.144133353053,0.9973947695601477,0.002605230439852335,-0.9947895391202954,11253517.47192591,2.7916539530214507e-07
9.214761735404639e-09,9.21476173540464,9214.76173540464,0.9973140643987033,0.0026859356012966518,-0.9946281287974066,11253517.47192591,2.7916539530214507e-07
9.354379337456224e-09,9.354379337456225,9354.379337456225,0.9972321315504752,0.002767868449524813,-0.9944642631009504,11253517.47192591,2.7916539530214507e-07
9.49399693950781e-09,9.49399693950781,9493.99693950781,0.9971489712177253,0.002851028782274667,-0.9942979424354506,11253517.47192591,2.7916539530214507e-07
9.633614541559395e-09,9.633614541559396,9633.614541559395,0.9970645836057463,0.0029354163942535982,-0.9941291672114927,11253517.47192591,2.7916539530214507e-07
9.77323214361098e-09,9.773232143610981,9773.232143610981,0.9969789689228605,0.0030210310771395243,-0.9939579378457211,11253517.47192591,2.7916539530214507e-07
9.912849745662566e-09,9.912849745662566,9912.849745662566,0.996892127380419,0.003107872619581009,-0.993784254760838,11253517.47192591,2.7916539530214507e-07
1.0052467347714151e-08,10.05246734771415,10052.467347714151,0.996804059192802,0.003195940807198039,-0.993608118385604,11253517.47192591,2.7916539530214507e-07
1.0192084949765737e-08,10.192084949765738,10192.084949765736,0.9967147645774177,0.0032852354225823555,-0.9934295291548354,11253517.47192591,2.7916539530214507e-07
1.0331702551817322e-08,10.331702551817322,10331.702551817321,0.9966242437547017,0.0033757562452982337,-0.9932484875094034,11253517.47192591,2.7916539530214507e-07
1.0471320153868908e-08,10.471320153868907,10471.320153868908,0.9965324969481172,0.0034675030518828143,-0.9930649938962344,11253517.47192591,2.7916539530214507e-07
1.0610937755920493e-08,10.610937755920492,10610.937755920493,0.9964395243841533,0.0035604756158467143,-0.9928790487683066,11253517.47192591,2.7916539530214507e-07
1.0750555357972078e-08,10.750555357972079,10750.555357972078,0.9963453262923254,0.0036546737076746383,-0.9926906525846508,11253517.47192591,2.7916539530214507e-07
1.0890172960023664e-08,10.890172960023664,10890.172960023663,0.9962499029051741,0.003750097094825877,-0.9924998058103482,11253517.47192591,2.7916539530214507e-07
1.1029790562075249e-08,11.029790562075249,11029.79056207525,0.996153254458265,0.0038467455417350305,-0.9923065089165299,11253517.47192591,2.7916539530214507e-07
1.1169408164126835e-08,11.169408164126834,11169.408164126835,0.9960553811901878,0.003944618809812284,-0.9921107623803755,11253517.47192591,2.7916539530214507e-07
1.1309025766178422e-08,11.309025766178422,11309.025766178422,0.9959562833425556,0.004043716657444407,-0.9919125666851112,11253517.47192591,2.7916539530214507e-07
1.1448643368230007e-08,11.448643368230007,11448.643368230007,0.9958559611600051,0.004144038839994868,-0.9917119223200102,11253517.47192591,2.7916539530214507e-07
1.1588260970281592e-08,11.588260970281592,11588.260970281592,0.9957544148901951,0.004245585109804884,-0.9915088297803902,11253517.47192591,2.7916539530214507e-07
1.1727878572333178e-08,11.727878572333179,11727.878572333178,0.9956516447838062,0.0043483552161938666,-0.9913032895676124,11253517.47192591,2.7916539530214507e-07
1.1867496174384763e-08,11.867496174384764,11867.496174384763,0.99554765109454,0.004452348905459924,-0.99109530218908,11253517.47192591,2.7916539530214507e-07
1.2007113776436349e-08,12.007113776436348,12007.113776436348,0.9954424340791195,0.00455756592088058,-0.990884868158239,11253517.47192591,2.7916539530214507e-07
1.2146731378487934e-08,12.146731378487933,12146.731378487933,0.9953359939972866,0.004664006002713494,-0.9906719879945731,11253517.47192591,2.7916539530214507e-07
1.228634898053952e-08,12.28634898053952,12286.34898053952,0.9952283311118031,0.004771668888196967,-0.9904566622236062,11253517.47192591,2.7916539530214507e-07
1.2425966582591105e-08,12.425966582591105,12425.966582591105,0.9951194456884493,0.0048805543115506556,-0.9902388913768987,11253517.47192591,2.7916539530214507e-07
1.256558418464269e-08,12.56558418464269,12565.58418464269,0.9950093379960238,0.004990662003976243,-0.9900186759920475,11253517.47192591,2.7916539530214507e-07
1.2705201786694275e-08,12.705201786694275,12705.201786694275,0.9948980083063419,0.005101991693658048,-0.9897960166126838,11253517.47192591,2.7916539530214507e-07
1.2844819388745861e-08,12.844819388745861,12844.81938874586,0.9947854568942363,0.0052145431057636915,-0.9895709137884725,11253517.47192591,2.7916539530214507e-07
1.2984436990797446e-08,12.984436990797446,12984.436990797447,0.9946716840375551,0.005328315962444874,-0.9893433680751103,11253517.47192591,2.7916539530214507e-07
1.3124054592849032e-08,13.124054592849031,13124.054592849032,0.9945566900171621,0.005443309982837985,-0.9891133800343241,11253517.47192591,2.7916539530214507e-07
1.3263672194900617e-08,13.263672194900616,13263.672194900617,0.9944404751169352,0.00555952488306477,-0.9888809502338705,11253517.47192591,2.7916539530214507e-07
1.3403289796952202e-08,13.403289796952203,13403.289796952202,0.9943230396237669,0.005676960376233109,-0.9886460792475338,11253517.47192591,2.7916539530214507e-07
1.3542907399003788e-08,13.542907399003788,13542.907399003789,0.9942043838275624,0.005795616172437623,-0.9884087676551248,11253517.47192591,2.7916539530214507e-07
1.3682525001055373e-08,13.682525001055373,13682.525001055374,0.9940845080212395,0.0059154919787604565,-0.988169016042479,11253517.47192591,2.7916539530214507e-07
1.3822142603106959e-08,13.82214260310696,13822.142603106959,0.9939634125007278,0.006036587499272161,-0.9879268250014557,11253517.47192591,2.7916539530214507e-07
1.3961760205158544e-08,13.961760205158544,13961.760205158544,0.9938410975649681,0.0061589024350319765,-0.9876821951299362,11253517.47192591,2.7916539530214507e-07
1.410137780721013e-08,14.10137780721013,14101.377807210129,0.9937175635159109,0.0062824364840891045,-0.9874351270318218,11253517.47192591,2.7916539530214507e-07
1.4240995409261715e-08,14.240995409261714,14240.995409261715,0.993592810658517,0.006407189341483044,-0.987185621317034,11253517.47192591,2.7916539530214507e-07
1.43806130113133e-08,14.3806130113133,14380.6130113133,0.9934668393007555,0.0065331606992445335,-0.986933678601511,11253517.47192591,2.7916539530214507e-07
1.4520230613364886e-08,14.520230613364886,14520.230613364885,0.9933396497536036,0.006660350246396385,-0.9866792995072071,11253517.47192591,2.7916539530214507e-07
1.4659848215416471e-08,14.65984821541647,14659.84821541647,0.993211242331046,0.006788757668954037,-0.9864224846620919,11253517.47192591,2.7916539530214507e-07
1.4799465817468056e-08,14.799465817468056,14799.465817468057,0.9930816173500736,0.006918382649926391,-0.9861632347001472,11253517.47192591,2.7916539530214507e-07
1.4939083419519642e-08,14.939083419519642,14939.083419519642,0.9929507751306832,0.007049224869316806,-0.9859015502613664,11253517.47192591,2.7916539530214507e-07
1.507870102157123e-08,15.078701021571229,15078.701021571229,0.9928187159958763,0.0071812840041236,-0.9856374319917527,11253517.47192591,2.7916539530214507e-07
1.5218318623622813e-08,15.218318623622812,15218.318623622812,0.9926854402716591,0.007314559728340941,-0.9853708805433181,11253517.47192591,2.7916539530214507e-07
1.53579362256744e-08,15.357936225674399,15357.936225674399,0.9925509482870402,0.007449051712959842,-0.9851018965740803,11253517.47192591,2.7916539530214507e-07
1.5497553827725983e-08,15.497553827725984,15497.553827725984,0.9924152403740314,0.007584759625968662,-0.9848304807480628,11253517.47192591,2.7916539530214507e-07
1.563717142977757e-08,15.63717142977757,15637.17142977757,0.9922783168676459,0.007721683132354162,-0.9845566337352918,11253517.47192591,2.7916539530214507e-07
1.5776789031829154e-08,15.776789031829153,15776.789031829154,0.9921401781058978,0.007859821894102115,-0.9842803562117957,11253517.47192591,2.7916539530214507e-07
1.591640663388074e-08,15.916406633880742,15916.40663388074,0.9920008244298015,0.007999175570198525,-0.9840016488596031,11253517.47192591,2.7916539530214507e-07
1.6056024235932325e-08,16.056024235932323,16056.024235932326,0.99186025618337,0.008139743816629963,-0.9837205123667401,11253517.47192591,2.7916539530214507e-07
1.6195641837983912e-08,16.195641837983914,16195.641837983912,0.9917184737136152,0.008281526286384788,-0.9834369474272304,11253517.47192591,2.7916539530214507e-07
1.6335259440035496e-08,16.335259440035497,16335.259440035496,0.9915754773705461,0.008424522629453868,-0.9831509547410922,11253517.47192591,2.7916539530214507e-07
1.6474877042087083e-08,16.474877042087083,16474.877042087082,0.9914312675071685,0.008568732492831521,-0.982862535014337,11253517.47192591,2.7916539530214507e-07
1.6614494644138666e-08,16.614494644138667,16614.494644138667,0.9912858444794839,0.008714155520516187,-0.9825716889589677,11253517.47192591,2.7916539530214507e-07
1.6754112246190253e-08,16.754112246190253,16754.112246190252,0.9911392086464885,0.008860791353511532,-0.982278417292977,11253517.47192591,2.7916539530214507e-07
1.6893729848241837e-08,16.893729848241836,16893.729848241837,0.9909913603701728,0.009008639629827231,-0.9819827207403455,11253517.47192591,2.7916539530214507e-07
1.7033347450293424e-08,17.033347450293423,17033.347450293426,0.99084230001552,0.009157699984480017,-0.98168460003104,11253517.47192591,2.7916539530214507e-07
1.7172965052345008e-08,17.17296505234501,17172.965052345007,0.9906920279505058,0.009307972049494129,-0.9813840559010116,11253517.47192591,2.7916539530214507e-07
1.7312582654396595e-08,17.312582654396596,17312.582654396596,0.9905405445460971,0.009459455453902865,-0.9810810890921942,11253517.47192591,2.7916539530214507e-07
1.745220025644818e-08,17.45220025644818,17452.200256448177,0.9903878501762511,0.009612149823748972,-0.9807757003525022,11253517.47192591,2.7916539530214507e-07
1.7591817858499766e-08,17.591817858499766,17591.817858499766,0.9902339452179142,0.009766054782085809,-0.9804678904358284,11253517.47192591,2.7916539530214507e-07
1.773143546055135e-08,17.73143546055135,17731.43546055135,0.9900788300510217,0.009921169948978292,-0.9801576601020434,11253517.47192591,2.7916539530214507e-07
1.7871053062602937e-08,17.871053062602936,17871.053062602936,0.9899225050584963,0.010077494941503728,-0.9798450101169927,11253517.47192591,2.7916539530214507e-07
1.8010670664654524e-08,18.010670664654523,18010.670664654524,0.9897649706262472,0.010235029373752758,-0.9795299412524945,11253517.47192591,2.7916539530214507e-07
1.8150288266706107e-08,18.150288266706106,18150.288266706106,0.9896062271431696,0.010393772856830408,-0.9792124542863392,11253517.47192591,2.7916539530214507e-07
1.8289905868757694e-08,18.289905868757696,18289.905868757694,0.9894462750011429,0.010553724998857095,-0.9788925500022858,11253517.47192591,2.7916539530214507e-07
1.8429523470809278e-08,18.42952347080928,18429.52347080928,0.9892851145950308,0.010714885404969288,-0.9785702291900615,11253517.47192591,2.7916539530214507e-07
1.8569141072860865e-08,18.569141072860866,18569.141072860864,0.9891227463226792,0.010877253677320842,-0.9782454926453583,11253517.47192591,2.7916539530214507e-07
1.870875867491245e-08,18.70875867491245,18708.75867491245,0.9889591705849162,0.011040829415083775,-0.9779183411698325,11253517.47192591,2.7916539530214507e-07
1.8848376276964036e-08,18.848376276964036,18848.376276964034,0.9887943877855505,0.011205612214449434,-0.977588775571101,11253517.47192591,2.7916539530214507e-07
1.898799387901562e-08,18.98799387901562,18987.99387901562,0.9886283983313708,0.011371601668629161,-0.9772567966627417,11253517.47192591,2.7916539530214507e-07
1.9127611481067207e-08,19.127611481067206,19127.611481067208,0.9884612026321443,0.01153879736785568,-0.9769224052642886,11253517.47192591,2.7916539530214507e-07
1.926722908311879e-08,19.267229083118792,19267.22908311879,0.9882928011006162,0.01170719889938382,-0.9765856022012325,11253517.47192591,2.7916539530214507e-07
1.9406846685170378e-08,19.40684668517038,19406.846685170378,0.9881231941525082,0.01187680584749179,-0.9762463883050163,11253517.47192591,2.7916539530214507e-07
1.954646428722196e-08,19.546464287221962,19546.464287221963,0.987952382206518,0.012047617793481957,-0.9759047644130361,11253517.47192591,2.7916539530214507e-07
1.9686081889273548e-08,19.68608188927355,19686.081889273548,0.987780365684318,0.01221963431568196,-0.9755607313686361,11253517.47192591,2.7916539530214507e-07
1.9825699491325132e-08,19.825699491325132,19825.699491325133,0.9876071450105541,0.012392854989445923,-0.9752142900211083,11253517.47192591,2.7916539530214507e-07
1.996531709337672e-08,19.96531709337672,19965.317093376718,0.9874327206128448,0.012567279387155184,-0.9748654412256896,11253517.47192591,2.7916539530214507e-07
2.0104934695428303e-08,20.1049346954283,20104.934695428303,0.9872570929217803,0.012742907078219623,-0.9745141858435606,11253517.47192591,2.7916539530214507e-07
2.024455229747989e-08,20.24455229747989,20244.55229747989,0.9870802623709214,0.012919737629078665,-0.9741605247418428,11253517.47192591,2.7916539530214507e-07
2.0384169899531474e-08,20.384169899531475,20384.169899531473,0.9869022293967977,0.013097770603202274,-0.9738044587935955,11253517.47192591,2.7916539530214507e-07
2.052378750158306e-08,20.52378750158306,20523.78750158306,0.986722994438908,0.013277005561092015,-0.973445988877816,11253517.47192591,2.7916539530214507e-07
2.0663405103634644e-08,20.663405103634645,20663.405103634643,0.9865425579397178,0.01345744206028221,-0.9730851158794356,11253517.47192591,2.7916539530214507e-07
2.080302270568623e-08,20.80302270568623,20803.02270568623,0.9863609203446588,0.013639079655341169,-0.9727218406893177,11253517.47192591,2.7916539530214507e-07
2.0942640307737815e-08,20.942640307737815,20942.640307737816,0.9861780821021281,0.013821917897871905,-0.9723561642042562,11253517.47192591,2.7916539530214507e-07
2.1082257909789402e-08,21.0822579097894,21082.2579097894,0.9859940436634864,0.014005956336513636,-0.9719880873269728,11253517.47192591,2.7916539530214507e-07
2.1221875511840986e-08,21.221875511840985,21221.875511840986,0.9858088054830574,0.014191194516942618,-0.9716176109661148,11253517.47192591,2.7916539530214507e-07
2.1361493113892573e-08,21.361493113892575,21361.49311389257,0.9856223680181265,0.014377631981873473,-0.971244736036253,11253517.47192591,2.7916539530214507e-07
2.1501110715944157e-08,21.501110715944158,21501.110715944156,0.9854347317289398,0.014565268271060194,-0.9708694634578796,11253517.47192591,2.7916539530214507e-07
2.1640728317995744e-08,21.640728317995745,21640.728317995745,0.9852458970787026,0.014754102921297363,-0.9704917941574052,11253517.47192591,2.7916539530214507e-07
2.1780345920047328e-08,21.780345920047328,21780.345920047326,0.985055864533579,0.014944135466421093,-0.9701117290671579,11253517.47192591,2.7916539530214507e-07
2.1919963522098915e-08,21.919963522098914,21919.963522098915,0.9848646345626895,0.015135365437310533,-0.9697292691253789,11253517.47192591,2.7916539530214507e-07
2.2059581124150498e-08,22.059581124150498,22059.5811241505,0.9846722076381114,0.015327792361888692,-0.9693444152762227,11253517.47192591,2.7916539530214507e-07
2.2199198726202085e-08,22.199198726202084,22199.198726202085,0.9844785842348762,0.01552141576512378,-0.9689571684697524,11253517.47192591,2.7916539530214507e-07
2.233881632825367e-08,22.338816328253667,22338.81632825367,0.9842837648309697,0.015716235169030313,-0.9685675296619394,11253517.47192591,2.7916539530214507e-07
2.2478433930305256e-08,22.478433930305258,22478.433930305255,0.9840877499073296,0.015912250092670388,-0.9681754998146592,11253517.47192591,2.7916539530214507e-07
2.2618051532356843e-08,22.618051532356844,22618.051532356843,0.9838905399478453,0.016109460052154745,-0.9677810798956905,11253517.47192591,2.7916539530214507e-07
2.2757669134408427e-08,22.757669134408427,22757.66913440843,0.983692135439356,0.01630786456064398,-0.9673842708787119,11253517.47192591,2.7916539530214507e-07
2.2897286736460014e-08,22.897286736460014,22897.286736460013,0.9834925368716501,0.016507463128349886,-0.9669850737433001,11253517.47192591,2.7916539530214507e-07
2.3036904338511598e-08,23.036904338511597,23036.9043385116,0.9832917447374636,0.016708255262536387,-0.9665834894749272,11253517.47192591,2.7916539530214507e-07
2.3176521940563185e-08,23.176521940563184,23176.521940563183,0.9830897595324788,0.01691024046752121,-0.9661795190649576,11253517.47192591,2.7916539530214507e-07
2.331613954261477e-08,23.316139542614767,23316.13954261477,0.9828865817553235,0.017113418244676493,-0.965773163510647,11253517.47192591,2.7916539530214507e-07
2.3455757144666356e-08,23.455757144666357,23455.757144666357,0.9826822119075693,0.017317788092430675,-0.9653644238151387,11253517.47192591,2.7916539530214507e-07
2.359537474671794e-08,23.59537474671794,23595.37474671794,0.9824766504937309,0.017523349506269104,-0.9649533009874618,11253517.47192591,2.7916539530214507e-07
2.3734992348769526e-08,23.734992348769527,23734.992348769527,0.9822698980212642,0.017730101978735813,-0.9645397960425284,11253517.47192591,2.7916539530214507e-07
2.387460995082111e-08,23.87460995082111,23874.609950821112,0.9820619550005656,0.01793804499943441,-0.9641239100011312,11253517.47192591,2.7916539530214507e-07
2.4014227552872697e-08,24.014227552872697,24014.227552872697,0.9818528219449705,0.018147178055029578,-0.963705643889941,11253517.47192591,2.7916539530214507e-07
2.415384515492428e-08,24.15384515492428,24153.84515492428,0.9816424993707519,0.018357500629248125,-0.9632849987415038,11253517.47192591,2.7916539530214507e-07
2.4293462756975868e-08,24.293462756975867,24293.462756975867,0.9814309877971195,0.01856901220288054,-0.9628619755942389,11253517.47192591,2.7916539530214507e-07
2.443308035902745e-08,24.43308035902745,24433.08035902745,0.9812182877462181,0.01878171225378189,-0.9624365754924362,11253517.47192591,2.7916539530214507e-07
2.457269796107904e-08,24.57269796107904,24572.69796107904,0.9810043997431266,0.01899560025687347,-0.9620087994862532,11253517.47192591,2.7916539530214507e-07
2.4712315563130622e-08,24.712315563130623,24712.31556313062,0.9807893243158561,0.019210675684143974,-0.9615786486317122,11253517.47192591,2.7916539530214507e-07
2.485193316518221e-08,24.85193316518221,24851.93316518221,0.9805730619953493,0.019426938004650673,-0.9611461239906987,11253517.47192591,2.7916539530214507e-07
2.4991550767233793e-08,24.991550767233793,24991.55076723379,0.9803556133154792,0.019644386684520898,-0.9607112266309583,11253517.47192591,2.7916539530214507e-07
2.513116836928538e-08,25.13116836928538,25131.16836928538,0.9801369788130467,0.019863021186953267,-0.9602739576260935,11253517.47192591,2.7916539530214507e-07
2.5270785971336964e-08,25.270785971336963,25270.785971336965,0.9799171590277809,0.020082840972219074,-0.9598343180555617,11253517.47192591,2.7916539530214507e-07
2.541040357338855e-08,25.41040357338855,25410.40357338855,0.9796961545023364,0.020303845497663564,-0.9593923090046728,11253517.47192591,2.7916539530214507e-07
2.5550021175440135e-08,25.550021175440136,25550.021175440135,0.9794739657822927,0.020526034217707267,-0.9589479315645855,11253517.47192591,2.7916539530214507e-07
2.5689638777491722e-08,25.689638777491723,25689.63877749172,0.9792505934161526,0.02074940658384733,-0.9585011868323052,11253517.47192591,2.7916539530214507e-07
2.5829256379543306e-08,25.829256379543306,25829.256379543305,0.9790260379553409,0.020973962044659067,-0.9580520759106819,11253517.47192591,2.7916539530214507e-07
2.5968873981594893e-08,25.968873981594893,25968.873981594894,0.9788002999542029,0.02119970004579702,-0.9576005999084058,11253517.47192591,2.7916539530214507e-07
2.6108491583646476e-08,26.108491583646476,26108.491583646475,0.9785733799700035,0.021426620029996513,-0.957146759940007,11253517.47192591,2.7916539530214507e-07
2.6248109185698063e-08,26.248109185698063,26248.109185698064,0.978345278562925,0.021654721437074975,-0.9566905571258499,11253517.47192591,2.7916539530214507e-07
2.6387726787749647e-08,26.387726787749646,26387.72678774965,0.9781159962960666,0.02188400370393334,-0.9562319925921332,11253517.47192591,2.7916539530214507e-07
2.6527344389801234e-08,26.527344389801232,26527.344389801234,0.9778855337354425,0.022114466264557486,-0.955771067470885,11253517.47192591,2.7916539530214507e-07
2.6666961991852818e-08,26.66696199185282,26666.96199185282,0.9776538914499806,0.02234610855001945,-0.9553077828999612,11253517.47192591,2.7916539530214507e-07
2.6806579593904405e-08,26.806579593904406,26806.579593904404,0.9774210700115209,0.0225789299884791,-0.9548421400230418,11253517.47192591,2.7916539530214507e-07
2.6946197195955992e-08,26.946197195955992,26946.197195955992,0.9771870699948146,0.022812930005185306,-0.9543741399896293,11253517.47192591,2.7916539530214507e-07
2.7085814798007576e-08,27.085814798007576,27085.814798007577,0.9769518919775224,0.02304810802247753,-0.9539037839550448,11253517.47192591,2.7916539530214507e-07
2.7225432400059163e-08,27.225432400059162,27225.432400059162,0.9767155365402129,0.02328446345978713,-0.9534310730804259,11253517.47192591,2.7916539530214507e-07
2.7365050002110746e-08,27.365050002110745,27365.050002110747,0.9764780042663612,0.02352199573363878,-0.9529560085327224,11253517.47192591,2.7916539530214507e-07
2.7504667604162334e-08,27.504667604162332,27504.667604162332,0.9762392957423478,0.023760704257652143,-0.9524785914846956,11253517.47192591,2.7916539530214507e-07
2.7644285206213917e-08,27.64428520621392,27644.285206213917,0.975999411557457,0.024000588442543047,-0.9519988231149139,11253517.47192591,2.7916539530214507e-07
2.7783902808265504e-08,27.783902808265506,27783.902808265506,0.9757583523038749,0.02424164769612508,-0.9515167046077497,11253517.47192591,2.7916539530214507e-07
2.7923520410317088e-08,27.92352041031709,27923.520410317087,0.9755161185766891,0.024483881423310927,-0.9510322371533781,11253517.47192591,2.7916539530214507e-07
2.8063138012368675e-08,28.063138012368675,28063.138012368676,0.9752727109738859,0.02472728902611404,-0.9505454219477718,11253517.47192591,2.7916539530214507e-07
2.820275561442026e-08,28.20275561442026,28202.755614420257,0.9750281300963501,0.024971869903649913,-0.9500562601927003,11253517.47192591,2.7916539530214507e-07
2.8342373216471846e-08,28.342373216471845,28342.373216471846,0.9747823765478623,0.025217623452137683,-0.9495647530957245,11253517.47192591,2.7916539530214507e-07
2.848199081852343e-08,28.48199081852343,28481.99081852343,0.9745354509350983,0.025464549064901643,-0.9490709018701966,11253517.47192591,2.7916539530214507e-07
2.8621608420575017e-08,28.621608420575015,28621.608420575016,0.9742873538676273,0.025712646132372674,-0.9485747077352547,11253517.47192591,2.7916539530214507e-07
2.87612260226266e-08,28.7612260226266,28761.2260226266,0.9740380859579103,0.02596191404208964,-0.9480761719158206,11253517.47192591,2.7916539530214507e-07
2.8900843624678187e-08,28.90084362467819,28900.843624678186,0.9737876478212988,0.02621235217870116,-0.9475752956425976,11253517.47192591,2.7916539530214507e-07
2.904046122672977e-08,29.04046122672977,29040.46122672977,0.9735360400760331,0.02646395992396694,-0.9470720801520662,11253517.47192591,2.7916539530214507e-07
2.9180078828781358e-08,29.180078828781358,29180.07882878136,0.9732832633432407,0.026716736656759388,-0.9465665266864813,11253517.47192591,2.7916539530214507e-07
2.9319696430832942e-08,29.31969643083294,29319.69643083294,0.973029318246935,0.026970681753064996,-0.9460586364938699,11253517.47192591,2.7916539530214507e-07
2.945931403288453e-08,29.459314032884528,29459.31403288453,0.9727742054140138,0.027225794585986174,-0.9455484108280277,11253517.47192591,2.7916539530214507e-07
2.9598931634936113e-08,29.59893163493611,29598.931634936114,0.9725179254742575,0.027482074525742473,-0.945035850948515,11253517.47192591,2.7916539530214507e-07
2.97385492369877e-08,29.7385492369877,29738.5492369877,0.9722604790603278,0.027739520939672302,-0.9445209581206555,11253517.47192591,2.7916539530214507e-07
2.9878166839039283e-08,29.878166839039284,29878.166839039284,0.9720018668077655,0.027998133192234487,-0.9440037336155309,11253517.47192591,2.7916539530214507e-07
3.001778444109087e-08,30.017784441090868,30017.784441090866,0.9717420893549902,0.028257910645009876,-0.9434841787099804,11253517.47192591,2.7916539530214507e-07
3.015740204314246e-08,30.157402043142458,30157.402043142458,0.9714811473432972,0.028518852656702842,-0.9429622946865943,11253517.47192591,2.7916539530214507e-07
3.029701964519404e-08,30.29701964519404,30297.019645194043,0.9712190414168572,0.02878095858314278,-0.9424380828337144,11253517.47192591,2.7916539530214507e-07
3.0436637247245625e-08,30.436637247245624,30436.637247245624,0.970955772222714,0.02904422777728599,-0.941911544445428,11253517.47192591,2.7916539530214507e-07
3.057625484929721e-08,30.576254849297207,30576.25484929721,0.9706913404107831,0.029308659589216912,-0.9413826808215662,11253517.47192591,2.7916539530214507e-07
3.07158724513488e-08,30.715872451348798,30715.872451348798,0.97042574663385,0.029574253366149994,-0.9408514932676999,11253517.47192591,2.7916539530214507e-07
3.085549005340038e-08,30.855490053400384,30855.490053400383,0.9701589915475688,0.02984100845243126,-0.9403179830951376,11253517.47192591,2.7916539530214507e-07
3.0995107655451967e-08,30.995107655451967,30995.107655451968,0.9698910758104602,0.030108924189539754,-0.9397821516209204,11253517.47192591,2.7916539530214507e-07
3.113472525750355e-08,31.13472525750355,31134.72525750355,0.9696220000839106,0.030377999916089415,-0.9392440001678213,11253517.47192591,2.7916539530214507e-07
3.127434285955514e-08,31.27434285955514,31274.34285955514,0.9693517650321694,0.030648234967830645,-0.9387035300643387,11253517.47192591,2.7916539530214507e-07
3.1413960461606724e-08,31.413960461606724,31413.960461606723,0.9690803713223484,0.030919628677651634,-0.9381607426446967,11253517.47192591,2.7916539530214507e-07
3.155357806365831e-08,31.553578063658307,31553.578063658308,0.9688078196244194,0.031192180375580525,-0.9376156392488388,11253517.47192591,2.7916539530214507e-07
3.16931956657099e-08,31.693195665709897,31693.1956657099,0.9685341106112133,0.03146588938878675,-0.9370682212224266,11253517.47192591,2.7916539530214507e-07
3.183281326776148e-08,31.832813267761484,31832.81326776148,0.9682592449584173,0.031740755041582636,-0.9365184899168346,11253517.47192591,2.7916539530214507e-07
3.1972430869813066e-08,31.972430869813067,31972.430869813066,0.9679832233445747,0.032016776655425405,-0.9359664466891493,11253517.47192591,2.7916539530214507e-07
3.211204847186465e-08,32.11204847186465,32112.04847186465,0.9677060464510816,0.0322939535489184,-0.9354120929021632,11253517.47192591,2.7916539530214507e-07
3.225166607391624e-08,32.25166607391624,32251.66607391624,0.9674277149621868,0.03257228503781312,-0.9348554299243736,11253517.47192591,2.7916539530214507e-07
3.2391283675967824e-08,32.39128367596783,32391.283675967825,0.9671482295649891,0.03285177043501086,-0.9342964591299783,11253517.47192591,2.7916539530214507e-07
3.253090127801941e-08,32.53090127801941,32530.901278019406,0.9668675909494358,0.03313240905056419,-0.9337351818988715,11253517.47192591,2.7916539530214507e-07
3.267051888007099e-08,32.67051888007099,32670.51888007099,0.9665857998083212,0.033414200191678844,-0.9331715996166423,11253517.47192591,2.7916539530214507e-07
3.281013648212258e-08,32.81013648212258,32810.13648212258,0.9663028568372845,0.03369714316271549,-0.9326057136745689,11253517.47192591,2.7916539530214507e-07
3.2949754084174165e-08,32.94975408417417,32949.754084174165,0.9660187627348088,0.0339812372651912,-0.9320375254696176,11253517.47192591,2.7916539530214507e-07
3.308937168622575e-08,33.089371686225746,33089.37168622575,0.9657335182022185,0.03426648179778147,-0.9314670364044371,11253517.47192591,2.7916539530214507e-07
3.322898928827733e-08,33.22898928827733,33228.989288277335,0.9654471239436784,0.03455287605632168,-0.9308942478873568,11253517.47192591,2.7916539530214507e-07
3.336860689032892e-08,33.36860689032892,33368.60689032892,0.965159580666191,0.03484041933380905,-0.930319161332382,11253517.47192591,2.7916539530214507e-07
3.350822449238051e-08,33.508224492380506,33508.224492380505,0.9648708890795958,0.035129110920404216,-0.9297417781591917,11253517.47192591,2.7916539530214507e-07
3.364784209443209e-08,33.64784209443209,33647.84209443209,0.9645810498965669,0.0354189501034331,-0.9291620997931338,11253517.47192591,2.7916539530214507e-07
3.3787459696483674e-08,33.78745969648367,33787.459696483675,0.9642900638326113,0.035709936167388656,-0.9285801276652226,11253517.47192591,2.7916539530214507e-07
3.3927077298535265e-08,33.927077298535266,33927.07729853527,0.9639979316060674,0.03600206839393255,-0.9279958632121348,11253517.47192591,2.7916539530214507e-07
3.406669490058685e-08,34.066694900586846,34066.69490058685,0.963704653938103,0.036295346061896994,-0.927409307876206,11253517.47192591,2.7916539530214507e-07
3.420631250263843e-08,34.20631250263843,34206.31250263843,0.9634102315527134,0.036589768447286564,-0.9268204631054269,11253517.47192591,2.7916539530214507e-07
3.4345930104690016e-08,34.34593010469002,34345.930104690015,0.9631146651767202,0.03688533482327988,-0.9262293303534403,11253517.47192591,2.7916539530214507e-07
3.4485547706741606e-08,34.485547706741606,34485.54770674161,0.9628179555397683,0.037182044460231656,-0.9256359110795367,11253517.47192591,2.7916539530214507e-07
3.462516530879319e-08,34.62516530879319,34625.16530879319,0.962520103374326,0.03747989662567397,-0.9250402067486521,11253517.47192591,2.7916539530214507e-07
3.4764782910844774e-08,34.76478291084477,34764.78291084478,0.9622211094156812,0.03777889058431877,-0.9244422188313624,11253517.47192591,2.7916539530214507e-07
3.490440051289636e-08,34.90440051289636,34904.400512896354,0.9619209744019409,0.03807902559805909,-0.9238419488038818,11253517.47192591,2.7916539530214507e-07
3.504401811494795e-08,35.044018114947946,35044.01811494795,0.9616196990740287,0.03838030092597128,-0.9232393981480573,11253517.47192591,2.7916539530214507e-07
3.518363571699953e-08,35.18363571699953,35183.63571699953,0.9613172841756834,0.03868271582431654,-0.9226345683513668,11253517.47192591,2.7916539530214507e-07
3.5323253319051115e-08,35.32325331905111,35323.25331905112,0.9610137304534571,0.03898626954654294,-0.9220274609069141,11253517.47192591,2.7916539530214507e-07
3.54628709211027e-08,35.4628709211027,35462.8709211027,0.9607090386567128,0.03929096134328719,-0.9214180773134255,11253517.47192591,2.7916539530214507e-07
3.560248852315429e-08,35.60248852315429,35602.48852315429,0.9604032095376234,0.03959679046237663,-0.9208064190752467,11253517.47192591,2.7916539530214507e-07
3.574210612520587e-08,35.74210612520587,35742.10612520587,0.9600962438511693,0.03990375614883074,-0.9201924877023386,11253517.47192591,2.7916539530214507e-07
3.588172372725746e-08,35.88172372725746,35881.72372725746,0.9597881423551365,0.04021185764486346,-0.9195762847102731,11253517.47192591,2.7916539530214507e-07
3.602134132930905e-08,36.021341329309045,36021.34132930905,0.9594789058101153,0.0405210941898847,-0.9189578116202306,11253517.47192591,2.7916539530214507e-07
3.616095893136063e-08,36.16095893136063,36160.958931360634,0.9591685349794976,0.04083146502050233,-0.9183370699589952,11253517.47192591,2.7916539530214507e-07
3.6300576533412215e-08,36.30057653341221,36300.57653341221,0.9588570306294758,0.041142969370524196,-0.9177140612589516,11253517.47192591,2.7916539530214507e-07
3.64401941354638e-08,36.4401941354638,36440.1941354638,0.9585443935290403,0.04145560647095975,-0.9170887870580806,11253517.47192591,2.7916539530214507e-07
3.657981173751539e-08,36.57981173751539,36579.81173751539,0.9582306244499776,0.0417693755500223,-0.9164612488999553,11253517.47192591,2.7916539530214507e-07
3.671942933956697e-08,36.71942933956697,36719.429339566974,0.9579157241668695,0.04208427583313046,-0.9158314483337391,11253517.47192591,2.7916539530214507e-07
3.6859046941618556e-08,36.85904694161856,36859.04694161856,0.9575996934570894,0.04240030654291055,-0.9151993869141788,11253517.47192591,2.7916539530214507e-07
3.699866454367014e-08,36.99866454367014,36998.66454367014,0.9572825331008019,0.04271746689919814,-0.9145650662016038,11253517.47192591,2.7916539530214507e-07
3.713828214572173e-08,37.13828214572173,37138.28214572173,0.9569642438809598,0.04303575611904015,-0.9139284877619196,11253517.47192591,2.7916539530214507e-07
3.7277899747773314e-08,37.27789974777331,37277.899747773314,0.9566448265833033,0.0433551734166967,-0.9132896531666066,11253517.47192591,2.7916539530214507e-07
3.74175173498249e-08,37.4175173498249,37417.5173498249,0.9563242819963568,0.04367571800364323,-0.9126485639927135,11253517.47192591,2.7916539530214507e-07
3.755713495187648e-08,37.557134951876485,37557.134951876484,0.9560026109114278,0.0439973890885722,-0.9120052218228556,11253517.47192591,2.7916539530214507e-07
3.769675255392807e-08,37.69675255392807,37696.75255392807,0.9556798141226048,0.044320185877395224,-0.9113596282452097,11253517.47192591,2.7916539530214507e-07
3.7836370155979656e-08,37.83637015597966,37836.370155979654,0.9553558924267551,0.04464410757324483,-0.9107117848535102,11253517.47192591,2.7916539530214507e-07
3.797598775803124e-08,37.97598775803124,37975.98775803124,0.9550308466235233,0.04496915337647672,-0.9100616932470467,11253517.47192591,2.7916539530214507e-07
3.811560536008282e-08,38.115605360082824,38115.60536008282,0.9547046775153285,0.04529532248467155,-0.909409355030657,11253517.47192591,2.7916539530214507e-07
3.8255222962134414e-08,38.25522296213441,38255.222962134416,0.954377385907363,0.04562261409263696,-0.908754771814726,11253517.47192591,2.7916539530214507e-07
3.8394840564186e-08,38.394840564186,38394.840564186,0.9540489726075906,0.045951027392409416,-0.9080979452151812,11253517.47192591,2.7916539530214507e-07
3.853445816623758e-08,38.534458166237584,38534.45816623758,0.9537194384267436,0.04628056157325644,-0.9074388768534871,11253517.47192591,2.7916539530214507e-07
3.8674075768289165e-08,38.674075768289164,38674.07576828916,0.9533887841783215,0.04661121582167854,-0.906777568356643,11253517.47192591,2.7916539530214507e-07
3.8813693370340755e-08,38.81369337034076,38813.693370340756,0.9530570106785888,0.046942989321411166,-0.9061140213571777,11253517.47192591,2.7916539530214507e-07
3.895331097239234e-08,38.95331097239234,38953.31097239234,0.9527241187465734,0.04727588125342669,-0.9054482374931467,11253517.47192591,2.7916539530214507e-07
3.909292857444392e-08,39.092928574443924,39092.928574443926,0.9523901092040634,0.04760989079593653,-0.9047802184081268,11253517.47192591,2.7916539530214507e-07
3.9232546176495506e-08,39.232546176495504,39232.5461764955,0.9520549828756069,0.047945017124393086,-0.9041099657512137,11253517.47192591,2.7916539530214507e-07
3.9372163778547097e-08,39.3721637785471,39372.163778547096,0.9517187405885081,0.04828125941149192,-0.9034374811770163,11253517.47192591,2.7916539530214507e-07
3.951178138059868e-08,39.51178138059868,39511.78138059868,0.9513813831728264,0.04861861682717361,-0.9027627663456528,11253517.47192591,2.7916539530214507e-07
3.9651398982650264e-08,39.651398982650264,39651.398982650266,0.9510429114613741,0.048957088538625904,-0.9020858229227482,11253517.47192591,2.7916539530214507e-07
3.979101658470185e-08,39.79101658470185,39791.01658470185,0.9507033262897142,0.04929667371028573,-0.9014066525794284,11253517.47192591,2.7916539530214507e-07
3.993063418675344e-08,39.93063418675344,39930.634186753436,0.9503626284961586,0.0496373715038414,-0.9007252569923172,11253517.47192591,2.7916539530214507e-07
4.007025178880502e-08,40.070251788805024,40070.25178880502,0.9500208189217656,0.04997918107823446,-0.9000416378435312,11253517.47192591,2.7916539530214507e-07
4.0209869390856606e-08,40.2098693908566,40209.869390856606,0.949677898410338,0.05032210158966194,-0.899355796820676,11253517.47192591,2.7916539530214507e-07
4.0349486992908196e-08,40.3494869929082,40349.4869929082,0.9493338678084215,0.050666132191578395,-0.8986677356168431,11253517.47192591,2.7916539530214507e-07
4.048910459495978e-08,40.48910459495978,40489.10459495978,0.9489887279653022,0.0510112720346978,-0.8979774559306044,11253517.47192591,2.7916539530214507e-07
4.0628722197011364e-08,40.62872219701136,40628.72219701136,0.948642479733004,0.051357520266996026,-0.897284959466008,11253517.47192591,2.7916539530214507e-07
4.076833979906295e-08,40.76833979906295,40768.339799062946,0.9482951239662873,0.0517048760337126,-0.8965902479325747,11253517.47192591,2.7916539530214507e-07
4.090795740111454e-08,40.90795740111454,40907.95740111454,0.9479466615226468,0.052053338477353106,-0.8958933230452937,11253517.47192591,2.7916539530214507e-07
4.104757500316612e-08,41.04757500316612,41047.57500316612,0.947597093262309,0.052402906737690935,-0.895194186524618,11253517.47192591,2.7916539530214507e-07
4.1187192605217705e-08,41.1871926052177,41187.19260521771,0.9472464200482302,0.05275357995176977,-0.8944928400964605,11253517.47192591,2.7916539530214507e-07
4.132681020726929e-08,41.32681020726929,41326.810207269285,0.9468946427460945,0.05310535725390553,-0.893789285492189,11253517.47192591,2.7916539530214507e-07
4.146642780932088e-08,41.46642780932088,41466.42780932088,0.9465417622243114,0.05345823777568859,-0.8930835244486228,11253517.47192591,2.7916539530214507e-07
4.160604541137246e-08,41.60604541137246,41606.04541137246,0.9461877793540143,0.05381222064598573,-0.8923755587080286,11253517.47192591,2.7916539530214507e-07
4.1745663013424047e-08,41.74566301342405,41745.66301342405,0.9458326950090574,0.05416730499094258,-0.8916653900181148,11253517.47192591,2.7916539530214507e-07
4.188528061547563e-08,41.88528061547563,41885.28061547563,0.9454765100660144,0.05452348993398559,-0.8909530201320288,11253517.47192591,2.7916539530214507e-07
4.202489821752722e-08,42.02489821752722,42024.89821752722,0.9451192254041758,0.054880774595824244,-0.8902384508083516,11253517.47192591,2.7916539530214507e-07
4.2164515819578804e-08,42.1645158195788,42164.5158195788,0.9447608419055469,0.05523915809445318,-0.8895216838110938,11253517.47192591,2.7916539530214507e-07
4.230413342163039e-08,42.30413342163039,42304.13342163039,0.9444013604548456,0.05559863954515443,-0.8888027209096911,11253517.47192591,2.7916539530214507e-07
4.244375102368197e-08,42.44375102368197,42443.75102368197,0.9440407819395005,0.05595921806049958,-0.888081563879001,11253517.47192591,2.7916539530214507e-07
4.258336862573356e-08,42.58336862573356,42583.368625733565,0.943679107249648,0.05632089275035207,-0.887358214499296,11253517.47192591,2.7916539530214507e-07
4.2722986227785146e-08,42.72298622778515,42722.98622778514,0.9433163372781308,0.056683662721869144,-0.8866326745562616,11253517.47192591,2.7916539530214507e-07
4.286260382983673e-08,42.86260382983673,42862.60382983673,0.9429524729204959,0.05704752707950417,-0.8859049458409918,11253517.47192591,2.7916539530214507e-07
4.3002221431888314e-08,43.002221431888316,43002.22143188831,0.942587515074991,0.057412484925009,-0.8851750301499819,11253517.47192591,2.7916539530214507e-07
4.3141839033939904e-08,43.1418390339399,43141.839033939905,0.942221464642564,0.057778535357436045,-0.8844429292851279,11253517.47192591,2.7916539530214507e-07
4.328145663599149e-08,43.28145663599149,43281.45663599149,0.9418543225268596,0.05814567747314042,-0.8837086450537193,11253517.47192591,2.7916539530214507e-07
4.342107423804307e-08,43.42107423804307,43421.074238043075,0.9414860896342176,0.05851391036578241,-0.8829721792684353,11253517.47192591,2.7916539530214507e-07
4.3560691840094655e-08,43.560691840094655,43560.69184009465,0.9411167668736706,0.058883233126329426,-0.8822335337473413,11253517.47192591,2.7916539530214507e-07
4.3700309442146245e-08,43.70030944214624,43700.309442146245,0.9407463551569415,0.059253644843058506,-0.881492710313883,11253517.47192591,2.7916539530214507e-07
4.383992704419783e-08,43.83992704419783,43839.92704419783,0.9403748553984417,0.05962514460155838,-0.8807497107968834,11253517.47192591,2.7916539530214507e-07
4.397954464624941e-08,43.979544646249416,43979.544646249415,0.9400022685152681,0.059997731484731864,-0.8800045370305363,11253517.47192591,2.7916539530214507e-07
4.4119162248300997e-08,44.119162248300995,44119.162248301,0.9396285954272019,0.06037140457279805,-0.8792571908544038,11253517.47192591,2.7916539530214507e-07
4.425877985035259e-08,44.25877985035259,44258.779850352585,0.9392538370567054,0.060746162943294546,-0.8785076741134108,11253517.47192591,2.7916539530214507e-07
4.439839745240417e-08,44.39839745240417,44398.39745240417,0.9388779943289203,0.06112200567107978,-0.8777559886578405,11253517.47192591,2.7916539530214507e-07
4.4538015054455754e-08,44.538015054455755,44538.015054455755,0.9385010681716646,0.06149893182833538,-0.8770021363433291,11253517.47192591,2.7916539530214507e-07
4.467763265650734e-08,44.677632656507335,44677.63265650734,0.9381230595154317,0.061876940484568266,-0.8762461190308635,11253517.47192591,2.7916539530214507e-07
4.481725025855893e-08,44.81725025855893,44817.25025855893,0.9377439692933868,0.06225603070661323,-0.8754879385867735,11253517.47192591,2.7916539530214507e-07
4.495686786061051e-08,44.956867860610515,44956.86786061051,0.9373637984413652,0.06263620155863486,-0.8747275968827304,11253517.47192591,2.7916539530214507e-07
4.5096485462662096e-08,45.096485462662095,45096.485462662095,0.9369825478978697,0.06301745210213028,-0.8739650957957394,11253517.47192591,2.7916539530214507e-07
4.5236103064713686e-08,45.23610306471369,45236.10306471369,0.936600218604069,0.06339978139593111,-0.8732004372081379,11253517.47192591,2.7916539530214507e-07
4.537572066676527e-08,45.37572066676527,45375.72066676527,0.9362168115037941,0.0637831884962059,-0.8724336230075882,11253517.47192591,2.7916539530214507e-07
4.5515338268816854e-08,45.515338268816855,45515.33826881686,0.9358323275435373,0.06416767245646271,-0.8716646550870746,11253517.47192591,2.7916539530214507e-07
4.565495587086844e-08,45.654955870868434,45654.955870868434,0.935446767672449,0.06455323232755095,-0.8708935353448981,11253517.47192591,2.7916539530214507e-07
4.579457347292003e-08,45.79457347292003,45794.57347292003,0.9350601328423358,0.06493986715766414,-0.8701202656846716,11253517.47192591,2.7916539530214507e-07
4.593419107497161e-08,45.934191074971615,45934.19107497161,0.9346724240076579,0.06532757599234207,-0.8693448480153159,11253517.47192591,2.7916539530214507e-07
4.6073808677023195e-08,46.073808677023194,46073.8086770232,0.9342836421255267,0.06571635787447333,-0.8685672842510535,11253517.47192591,2.7916539530214507e-07
4.621342627907478e-08,46.21342627907478,46213.42627907478,0.9338937881557026,0.06610621184429738,-0.8677875763114051,11253517.47192591,2.7916539530214507e-07
4.635304388112637e-08,46.35304388112637,46353.04388112637,0.9335028630605928,0.06649713693940723,-0.8670057261211856,11253517.47192591,2.7916539530214507e-07
4.649266148317795e-08,46.492661483177955,46492.66148317795,0.9331108678052484,0.06688913219475151,-0.8662217356104969,11253517.47192591,2.7916539530214507e-07
4.663227908522954e-08,46.632279085229534,46632.27908522954,0.9327178033573629,0.06728219664263713,-0.8654356067147257,11253517.47192591,2.7916539530214507e-07
4.677189668728112e-08,46.77189668728112,46771.89668728112,0.9323236706872684,0.0676763293127316,-0.8646473413745368,11253517.47192591,2.7916539530214507e-07
4.691151428933271e-08,46.911514289332715,46911.514289332714,0.9319284707679347,0.06807152923206528,-0.8638569415358694,11253517.47192591,2.7916539530214507e-07
4.7051131891384295e-08,47.051131891384294,47051.13189138429,0.9315322045749661,0.0684677954250339,-0.8630644091499322,11253517.47192591,2.7916539530214507e-07
4.719074949343588e-08,47.19074949343588,47190.74949343588,0.931134873086599,0.06886512691340096,-0.8622697461731981,11253517.47192591,2.7916539530214507e-07
4.733036709548746e-08,47.33036709548746,47330.36709548746,0.9307364772836999,0.0692635227163001,-0.8614729545673998,11253517.47192591,2.7916539530214507e-07
4.746998469753905e-08,47.469984697539054,47469.984697539054,0.9303370181497623,0.06966298185023773,-0.8606740362995247,11253517.47192591,2.7916539530214507e-07
4.7609602299590636e-08,47.609602299590634,47609.60229959064,0.929936496670905,0.07006350332909494,-0.8598729933418101,11253517.47192591,2.7916539530214507e-07
4.774921990164222e-08,47.74921990164222,47749.219901642224,0.9295349138358693,0.07046508616413072,-0.8590698276717386,11253517.47192591,2.7916539530214507e-07
4.7888837503693804e-08,47.88883750369381,47888.8375036938,0.9291322706360166,0.0708677293639835,-0.8582645412720331,11253517.47192591,2.7916539530214507e-07
4.8028455105745394e-08,48.028455105745394,48028.455105745394,0.9287285680653254,0.0712714319346745,-0.8574571361306509,11253517.47192591,2.7916539530214507e-07
4.816807270779698e-08,48.16807270779698,48168.07270779698,0.9283238071203906,0.07167619287960936,-0.8566476142407813,11253517.47192591,2.7916539530214507e-07
4.830769030984856e-08,48.30769030984856,48307.69030984856,0.9279179888004188,0.07208201119958124,-0.8558359776008375,11253517.47192591,2.7916539530214507e-07
4.8447307911900145e-08,48.44730791190015,48447.30791190015,0.9275111141072272,0.0724888858927728,-0.8550222282144544,11253517.47192591,2.7916539530214507e-07
4.8586925513951736e-08,48.58692551395173,48586.92551395173,0.9271031840452408,0.07289681595475922,-0.8542063680904817,11253517.47192591,2.7916539530214507e-07
4.872654311600332e-08,48.72654311600332,48726.54311600332,0.9266941996214899,0.07330580037851003,-0.8533883992429798,11253517.47192591,2.7916539530214507e-07
4.88661607180549e-08,48.8661607180549,48866.1607180549,0.9262841618456079,0.07371583815439214,-0.8525683236912158,11253517.47192591,2.7916539530214507e-07
4.900577832010649e-08,49.00577832010649,49005.77832010649,0.925873071729828,0.07412692827017198,-0.851746143459656,11253517.47192591,2.7916539530214507e-07
4.914539592215808e-08,49.14539592215808,49145.39592215808,0.9254609302889818,0.07453906971101826,-0.8509218605779636,11253517.47192591,2.7916539530214507e-07
4.928501352420966e-08,49.28501352420966,49285.01352420966,0.9250477385404957,0.07495226145950429,-0.8500954770809914,11253517.47192591,2.7916539530214507e-07
4.9424631126261245e-08,49.42463112626125,49424.63112626124,0.9246334975043895,0.0753665024956105,-0.849266995008779,11253517.47192591,2.7916539530214507e-07
4.9564248728312835e-08,49.56424872831283,49564.248728312836,0.9242182082032728,0.07578179179672712,-0.8484364164065457,11253517.47192591,2.7916539530214507e-07
4.970386633036442e-08,49.70386633036442,49703.86633036442,0.9238018716623435,0.07619812833765655,-0.847603743324687,11253517.47192591,2.7916539530214507e-07
4.9843483932416e-08,49.843483932416,49843.483932416006,0.9233844889093841,0.07661551109061593,-0.8467689778187681,11253517.47192591,2.7916539530214507e-07
4.9983101534467586e-08,49.983101534467586,49983.10153446758,0.9229660609747603,0.07703393902523964,-0.8459321219495206,11253517.47192591,2.7916539530214507e-07
5.012271913651918e-08,50.12271913651918,50122.719136519176,0.9225465888914179,0.07745341110858206,-0.8450931777828359,11253517.47192591,2.7916539530214507e-07
5.026233673857076e-08,50.26233673857076,50262.33673857076,0.9221260736948803,0.07787392630511969,-0.8442521473897606,11253517.47192591,2.7916539530214507e-07
5.0401954340622344e-08,50.401954340622346,50401.954340622346,0.9217045164232458,0.0782954835767542,-0.8434090328464916,11253517.47192591,2.7916539530214507e-07
5.054157194267393e-08,50.541571942673926,50541.57194267393,0.9212819181171854,0.07871808188281454,-0.8425638362343708,11253517.47192591,2.7916539530214507e-07
5.068118954472552e-08,50.68118954472552,50681.189544725516,0.92085827981994,0.07914172018006005,-0.8417165596398799,11253517.47192591,2.7916539530214507e-07
5.08208071467771e-08,50.8208071467771,50820.8071467771,0.9204336025773177,0.07956639742268229,-0.8408672051546353,11253517.47192591,2.7916539530214507e-07
5.0960424748828686e-08,50.960424748828686,50960.424748828686,0.9200078874376917,0.07999211256230832,-0.8400157748753834,11253517.47192591,2.7916539530214507e-07
5.110004235088027e-08,51.10004235088027,51100.04235088027,0.9195811354519969,0.08041886454800301,-0.8391622709039939,11253517.47192591,2.7916539530214507e-07
5.123965995293186e-08,51.23965995293186,51239.65995293186,0.9191533476737284,0.08084665232627158,-0.8383066953474567,11253517.47192591,2.7916539530214507e-07
5.1379277554983444e-08,51.379277554983446,51379.27755498344,0.9187245251589378,0.08127547484106218,-0.8374490503178755,11253517.47192591,2.7916539530214507e-07
5.151889515703503e-08,51.518895157035026,51518.895157035025,0.9182946689662314,0.08170533103376865,-0.8365893379324627,11253517.47192591,2.7916539530214507e-07
5.165851275908661e-08,51.65851275908661,51658.51275908661,0.9178637801567668,0.0821362198432331,-0.8357275603135337,11253517.47192591,2.7916539530214507e-07
5.17981303611382e-08,51.7981303611382,51798.1303611382,0.9174318597942515,0.08256814020574849,-0.8348637195885029,11253517.47192591,2.7916539530214507e-07
5.1937747963189785e-08,51.937747963189786,51937.74796318979,0.916998908944939,0.08300109105506104,-0.8339978178898779,11253517.47192591,2.7916539530214507e-07
5.207736556524137e-08,52.07736556524137,52077.365565241365,0.9165649286776266,0.08343507132237338,-0.8331298573552532,11253517.47192591,2.7916539530214507e-07
5.221698316729295e-08,52.21698316729295,52216.98316729295,0.9161299200636533,0.08387007993634665,-0.8322598401273067,11253517.47192591,2.7916539530214507e-07
5.235660076934454e-08,52.356600769344546,52356.60076934454,0.9156938841768965,0.08430611582310349,-0.8313877683537929,11253517.47192591,2.7916539530214507e-07
5.2496218371396127e-08,52.496218371396125,52496.21837139613,0.9152568220937694,0.08474317790623065,-0.8305136441875387,11253517.47192591,2.7916539530214507e-07
5.263583597344771e-08,52.63583597344771,52635.83597344771,0.9148187348932186,0.08518126510678137,-0.8296374697864373,11253517.47192591,2.7916539530214507e-07
5.2775453575499294e-08,52.77545357549929,52775.4535754993,0.9143796236567217,0.08562037634327835,-0.8287592473134433,11253517.47192591,2.7916539530214507e-07
5.2915071177550885e-08,52.915071177550885,52915.07117755088,0.9139394894682836,0.08606051053171637,-0.8278789789365673,11253517.47192591,2.7916539530214507e-07
5.305468877960247e-08,53.054688779602465,53054.68877960247,0.9134983334144351,0.08650166658556491,-0.8269966668288702,11253517.47192591,2.7916539530214507e-07
5.319430638165405e-08,53.19430638165405,53194.30638165405,0.9130561565842292,0.08694384341577077,-0.8261123131684585,11253517.47192591,2.7916539530214507e-07
5.3333923983705636e-08,53.33392398370564,53333.92398370564,0.9126129600692392,0.08738703993076086,-0.8252259201384784,11253517.47192591,2.7916539530214507e-07
5.3473541585757226e-08,53.473541585757225,53473.54158575722,0.9121687449635552,0.08783125503644484,-0.8243374899271103,11253517.47192591,2.7916539530214507e-07
5.361315918780881e-08,53.61315918780881,53613.15918780881,0.9117235123637821,0.08827648763621787,-0.8234470247275643,11253517.47192591,2.7916539530214507e-07
5.3752776789860394e-08,53.75277678986039,53752.77678986039,0.9112772633690367,0.0887227366309633,-0.8225545267380734,11253517.47192591,2.7916539530214507e-07
5.3892394391911984e-08,53.892394391911985,53892.394391911985,0.9108299990809446,0.08917000091905536,-0.8216599981618893,11253517.47192591,2.7916539530214507e-07
5.403201199396357e-08,54.032011993963565,54032.01199396357,0.9103817206036382,0.08961827939636186,-0.8207634412072764,11253517.47192591,2.7916539530214507e-07
5.417162959601515e-08,54.17162959601515,54171.629596015155,0.909932429043753,0.09006757095624696,-0.8198648580875061,11253517.47192591,2.7916539530214507e-07
5.4311247198066735e-08,54.31124719806674,54311.24719806673,0.9094821255104262,0.09051787448957388,-0.8189642510208524,11253517.47192591,2.7916539530214507e-07
5.4450864800118325e-08,54.450864800118325,54450.864800118325,0.9090308111152923,0.09096918888470779,-0.8180616222305845,11253517.47192591,2.7916539530214507e-07
5.459048240216991e-08,54.59048240216991,54590.48240216991,0.9085784869724819,0.09142151302751811,-0.8171569739449638,11253517.47192591,2.7916539530214507e-07
5.473010000422149e-08,54.73010000422149,54730.100004221495,0.9081251541986182,0.09187484580138183,-0.8162503083972363,11253517.47192591,2.7916539530214507e-07
5.4869717606273077e-08,54.86971760627308,54869.71760627308,0.907670813912814,0.09232918608718593,-0.815341627825628,11253517.47192591,2.7916539530214507e-07
5.500933520832467e-08,55.009335208324664,55009.335208324665,0.9072154672366698,0.09278453276333021,-0.8144309344733396,11253517.47192591,2.7916539530214507e-07
5.514895281037625e-08,55.14895281037625,55148.95281037625,0.90675911529427,0.09324088470572994,-0.81351823058854,11253517.47192591,2.7916539530214507e-07
5.5288570412427834e-08,55.28857041242784,55288.570412427835,0.906301759212181,0.09369824078781896,-0.8126035184243621,11253517.47192591,2.7916539530214507e-07
5.542818801447942e-08,55.42818801447942,55428.18801447942,0.905843400119448,0.09415659988055208,-0.811686800238896,11253517.47192591,2.7916539530214507e-07
5.556780561653101e-08,55.56780561653101,55567.80561653101,0.9053840391475919,0.09461596085240809,-0.8107680782951838,11253517.47192591,2.7916539530214507e-07
5.570742321858259e-08,55.70742321858259,55707.42321858259,0.9049236774306073,0.09507632256939264,-0.8098473548612146,11253517.47192591,2.7916539530214507e-07
5.5847040820634176e-08,55.84704082063418,55847.040820634174,0.9044623161049593,0.09553768389504069,-0.8089246322099186,11253517.47192591,2.7916539530214507e-07
5.598665842268576e-08,55.98665842268576,55986.65842268576,0.9039999563095803,0.0960000436904197,-0.8079999126191606,11253517.47192591,2.7916539530214507e-07
5.612627602473735e-08,56.12627602473735,56126.27602473735,0.9035365991858678,0.09646340081413218,-0.8070731983717356,11253517.47192591,2.7916539530214507e-07
5.6265893626788934e-08,56.26589362678894,56265.89362678894,0.9030722458776814,0.09692775412231863,-0.8061444917553628,11253517.47192591,2.7916539530214507e-07
5.640551122884052e-08,56.40551122884052,56405.511228840514,0.9026068975313397,0.09739310246866034,-0.8052137950626794,11253517.47192591,2.7916539530214507e-07
5.65451288308921e-08,56.545128830892104,56545.1288308921,0.9021405552956179,0.09785944470438218,-0.8042811105912357,11253517.47192591,2.7916539530214507e-07
5.668474643294369e-08,56.68474643294369,56684.74643294369,0.9016732203217445,0.09832677967825554,-0.8033464406434889,11253517.47192591,2.7916539530214507e-07
5.6824364034995275e-08,56.82436403499528,56824.36403499528,0.901204893763399,0.0987951062366011,-0.8024097875267979,11253517.47192591,2.7916539530214507e-07
5.696398163704686e-08,56.96398163704686,56963.98163704686,0.9007355767767085,0.09926442322329149,-0.8014711535534169,11253517.47192591,2.7916539530214507e-07
5.710359923909844e-08,57.10359923909844,57103.59923909844,0.9002652705202454,0.09973472947975465,-0.8005305410404908,11253517.47192591,2.7916539530214507e-07
5.724321684115003e-08,57.24321684115003,57243.21684115003,0.8997939761550239,0.10020602384497612,-0.7995879523100478,11253517.47192591,2.7916539530214507e-07
5.738283444320162e-08,57.38283444320162,57382.83444320162,0.8993216948444978,0.1006783051555023,-0.7986433896889955,11253517.47192591,2.7916539530214507e-07
5.75224520452532e-08,57.5224520452532,57522.4520452532,0.898848427754557,0.10115157224544308,-0.797696855509114,11253517.47192591,2.7916539530214507e-07
5.7662069647304784e-08,57.66206964730478,57662.06964730479,0.8983741760535251,0.1016258239464749,-0.7967483521070502,11253517.47192591,2.7916539530214507e-07
5.7801687249356375e-08,57.80168724935638,57801.68724935637,0.8978989409121565,0.10210105908784356,-0.795797881824313,11253517.47192591,2.7916539530214507e-07
5.794130485140796e-08,57.941304851407956,57941.30485140796,0.897422723503633,0.102577276496367,-0.7948454470072659,11253517.47192591,2.7916539530214507e-07
5.808092245345954e-08,58.08092245345954,58080.92245345954,0.8969455250035616,0.10305447499643844,-0.7938910500071232,11253517.47192591,2.7916539530214507e-07
5.822054005551113e-08,58.22054005551113,58220.540055511134,0.896467346589971,0.10353265341002904,-0.7929346931799419,11253517.47192591,2.7916539530214507e-07
5.8360157657562716e-08,58.360157657562716,58360.15765756272,0.895988189443309,0.10401181055669095,-0.7919763788866181,11253517.47192591,2.7916539530214507e-07
5.84997752596143e-08,58.4997752596143,58499.775259614304,0.8955080547464398,0.1044919452535602,-0.7910161094928796,11253517.47192591,2.7916539530214507e-07
5.8639392861665884e-08,58.63939286166588,58639.39286166588,0.8950269436846404,0.10497305631535958,-0.7900538873692808,11253517.47192591,2.7916539530214507e-07
5.8779010463717474e-08,58.779010463717476,58779.01046371747,0.8945448574455983,0.10545514255440164,-0.7890897148911966,11253517.47192591,2.7916539530214507e-07
5.891862806576906e-08,58.918628065769056,58918.62806576906,0.8940617972194086,0.1059382027805914,-0.7881235944388172,11253517.47192591,2.7916539530214507e-07
5.905824566782064e-08,59.05824566782064,59058.24566782064,0.8935777641985703,0.10642223580142979,-0.7871555283971405,11253517.47192591,2.7916539530214507e-07
5.9197863269872225e-08,59.19786326987222,59197.86326987223,0.8930927595779841,0.10690724042201594,-0.7861855191559681,11253517.47192591,2.7916539530214507e-07
5.9337480871923816e-08,59.337480871923816,59337.48087192381,0.8926067845549494,0.10739321544505065,-0.7852135691098987,11253517.47192591,2.7916539530214507e-07
5.94770984739754e-08,59.4770984739754,59477.0984739754,0.892119840329161,0.10788015967083903,-0.7842396806583221,11253517.47192591,2.7916539530214507e-07
5.961671607602699e-08,59.61671607602699,59616.71607602699,0.8916319281027063,0.1083680718972937,-0.7832638562054126,11253517.47192591,2.7916539530214507e-07
5.975633367807857e-08,59.75633367807857,59756.33367807857,0.8911430490800625,0.10885695091993752,-0.782286098160125,11253517.47192591,2.7916539530214507e-07
5.989595128013016e-08,59.895951280130156,59895.95128013016,0.8906532044680933,0.10934679553190679,-0.7813064089361865,11253517.47192591,2.7916539530214507e-07
6.003556888218173e-08,60.035568882181735,60035.56888218173,0.8901623954760459,0.10983760452395408,-0.7803247909520918,11253517.47192591,2.7916539530214507e-07
6.017518648423332e-08,60.17518648423332,60175.18648423332,0.8896706233155487,0.11032937668445125,-0.7793412466310974,11253517.47192591,2.7916539530214507e-07
6.031480408628492e-08,60.314804086284916,60314.804086284916,0.8891778892006076,0.11082211079939241,-0.7783557784012152,11253517.47192591,2.7916539530214507e-07
6.045442168833649e-08,60.454421688336495,60454.42168833649,0.8886841943476029,0.11131580565239702,-0.7773683886952059,11253517.47192591,2.7916539530214507e-07
6.059403929038808e-08,60.59403929038808,60594.039290388086,0.8881895399752872,0.11181046002471284,-0.7763790799505743,11253517.47192591,2.7916539530214507e-07
6.073365689243967e-08,60.733656892439676,60733.65689243967,0.8876939273047811,0.11230607269521886,-0.7753878546095623,11253517.47192591,2.7916539530214507e-07
6.087327449449125e-08,60.87327449449125,60873.27449449125,0.8871973575595715,0.11280264244042842,-0.774394715119143,11253517.47192591,2.7916539530214507e-07
6.101289209654284e-08,61.01289209654284,61012.89209654284,0.8866998319655078,0.11330016803449217,-0.7733996639310157,11253517.47192591,2.7916539530214507e-07
6.115250969859442e-08,61.152509698594415,61152.50969859442,0.8862013517507988,0.11379864824920116,-0.7724027035015977,11253517.47192591,2.7916539530214507e-07
6.129212730064601e-08,61.29212730064601,61292.12730064601,0.8857019181460102,0.11429808185398987,-0.7714038362920204,11253517.47192591,2.7916539530214507e-07
6.14317449026976e-08,61.431744902697595,61431.744902697596,0.885201532384061,0.11479846761593909,-0.7704030647681219,11253517.47192591,2.7916539530214507e-07
6.157136250474918e-08,61.571362504749175,61571.36250474917,0.884700195700221,0.11529980429977904,-0.7694003914004419,11253517.47192591,2.7916539530214507e-07
6.171098010680077e-08,61.71098010680077,61710.980106800765,0.8841979093321073,0.11580209066789265,-0.7683958186642146,11253517.47192591,2.7916539530214507e-07
6.185059770885236e-08,61.850597708852355,61850.59770885236,0.8836946745196816,0.11630532548031841,-0.7673893490393633,11253517.47192591,2.7916539530214507e-07
6.199021531090393e-08,61.990215310903935,61990.215310903935,0.8831904925052467,0.11680950749475322,-0.7663809850104935,11253517.47192591,2.7916539530214507e-07
6.212983291295552e-08,62.12983291295552,62129.83291295552,0.882685364533444,0.11731463546655596,-0.7653707290668881,11253517.47192591,2.7916539530214507e-07
6.22694505150071e-08,62.2694505150071,62269.4505150071,0.8821792918512499,0.11782070814875006,-0.7643585837024998,11253517.47192591,2.7916539530214507e-07
6.240906811705869e-08,62.40906811705869,62409.06811705869,0.881672275707973,0.11832772429202698,-0.763344551415946,11253517.47192591,2.7916539530214507e-07
6.254868571911028e-08,62.54868571911028,62548.68571911028,0.8811643173552509,0.11883568264474909,-0.7623286347105018,11253517.47192591,2.7916539530214507e-07
6.268830332116186e-08,62.68830332116186,62688.30332116186,0.8806554180470474,0.11934458195295256,-0.7613108360940948,11253517.47192591,2.7916539530214507e-07
6.282792092321345e-08,62.82792092321345,62827.920923213445,0.8801455790396489,0.1198544209603511,-0.7602911580792977,11253517.47192591,2.7916539530214507e-07
6.296753852526504e-08,62.96753852526504,62967.53852526504,0.8796348015916617,0.12036519840833826,-0.7592696031833235,11253517.47192591,2.7916539530214507e-07
6.310715612731662e-08,63.107156127316614,63107.156127316615,0.8791230869640089,0.12087691303599113,-0.7582461739280177,11253517.47192591,2.7916539530214507e-07
6.324677372936821e-08,63.24677372936821,63246.77372936821,0.8786104364199268,0.12138956358007319,-0.7572208728398535,11253517.47192591,2.7916539530214507e-07
6.33863913314198e-08,63.386391331419794,63386.3913314198,0.8780968512249625,0.1219031487750375,-0.756193702449925,11253517.47192591,2.7916539530214507e-07
6.352600893347137e-08,63.526008933471374,63526.00893347138,0.8775823326469703,0.12241766735302978,-0.7551646652939406,11253517.47192591,2.7916539530214507e-07
6.366562653552296e-08,63.66562653552297,63665.62653552296,0.8770668819561085,0.12293311804389156,-0.754133763912217,11253517.47192591,2.7916539530214507e-07
6.380524413757454e-08,63.80524413757454,63805.24413757454,0.8765505004248366,0.12344949957516343,-0.7531010008496732,11253517.47192591,2.7916539530214507e-07
6.394486173962613e-08,63.944861739626134,63944.86173962613,0.8760331893279121,0.12396681067208798,-0.7520663786558242,11253517.47192591,2.7916539530214507e-07
6.408447934167772e-08,64.08447934167772,64084.479341677725,0.875514949942387,0.12448505005761301,-0.751029899884774,11253517.47192591,2.7916539530214507e-07
6.42240969437293e-08,64.2240969437293,64224.0969437293,0.8749957835476052,0.12500421645239473,-0.7499915670952104,11253517.47192591,2.7916539530214507e-07
6.436371454578089e-08,64.3637145457809,64363.71454578089,0.874475691425199,0.12552430857480107,-0.748951382850398,11253517.47192591,2.7916539530214507e-07
6.450333214783248e-08,64.50333214783248,64503.33214783248,0.8739546748590856,0.12604532514091438,-0.7479093497181712,11253517.47192591,2.7916539530214507e-07
6.464294974988406e-08,64.64294974988405,64642.94974988406,0.8734327351354649,0.12656726486453512,-0.7468654702709299,11253517.47192591,2.7916539530214507e-07
6.478256735193565e-08,64.78256735193565,64782.56735193565,0.8729098735428151,0.12709012645718482,-0.7458197470856303,11253517.47192591,2.7916539530214507e-07
6.492218495398722e-08,64.92218495398723,64922.18495398723,0.8723860913718909,0.12761390862810906,-0.7447721827437819,11253517.47192591,2.7916539530214507e-07
6.506180255603882e-08,65.06180255603881,65061.80255603881,0.8718613899157189,0.12813861008428107,-0.7437227798314379,11253517.47192591,2.7916539530214507e-07
6.52014201580904e-08,65.2014201580904,65201.420158090405,0.8713357704695954,0.12866422953040457,-0.7426715409391909,11253517.47192591,2.7916539530214507e-07
6.534103776014198e-08,65.34103776014199,65341.03776014198,0.8708092343310829,0.12919076566891702,-0.7416184686621659,11253517.47192591,2.7916539530214507e-07
6.548065536219357e-08,65.48065536219357,65480.655362193575,0.8702817828000069,0.12971821719999316,-0.7405635656000138,11253517.47192591,2.7916539530214507e-07
6.562027296424516e-08,65.62027296424516,65620.27296424516,0.8697534171784522,0.13024658282154777,-0.7395068343569045,11253517.47192591,2.7916539530214507e-07
6.575989056629674e-08,65.75989056629675,65759.89056629674,0.869224138770761,0.130775861229239,-0.738448277541522,11253517.47192591,2.7916539530214507e-07
6.589950816834833e-08,65.89950816834833,65899.50816834833,0.868693948883528,0.13130605111647198,-0.737387897767056,11253517.47192591,2.7916539530214507e-07
6.603912577039991e-08,66.0391257703999,66039.12577039991,0.8681628488255987,0.1318371511744013,-0.7363256976511974,11253517.47192591,2.7916539530214507e-07
6.61787433724515e-08,66.17874337245149,66178.7433724515,0.8676308399080649,0.1323691600919351,-0.7352616798161298,11253517.47192591,2.7916539530214507e-07
6.631836097450309e-08,66.3183609745031,66318.36097450308,0.8670979234442624,0.1329020765557376,-0.7341958468885248,11253517.47192591,2.7916539530214507e-07
6.645797857655467e-08,66.45797857655467,66457.97857655467,0.8665641007497673,0.13343589925023264,-0.7331282014995346,11253517.47192591,2.7916539530214507e-07
6.659759617860626e-08,66.59759617860625,66597.59617860625,0.8660293731423929,0.13397062685760702,-0.7320587462847858,11253517.47192591,2.7916539530214507e-07
6.673721378065785e-08,66.73721378065784,66737.21378065784,0.8654937419421864,0.13450625805781358,-0.7309874838843728,11253517.47192591,2.7916539530214507e-07
6.687683138270942e-08,66.87683138270943,66876.83138270942,0.8649572084714254,0.1350427915285745,-0.7299144169428509,11253517.47192591,2.7916539530214507e-07
6.701644898476101e-08,67.01644898476101,67016.44898476101,0.8644197740546153,0.13558022594538466,-0.7288395481092307,11253517.47192591,2.7916539530214507e-07
6.71560665868126e-08,67.1560665868126,67156.06658681261,0.8638814400184853,0.13611855998151468,-0.7277628800369706,11253517.47192591,2.7916539530214507e-07
6.729568418886418e-08,67.29568418886419,67295.68418886418,0.8633422076919854,0.1366577923080145,-0.7266844153839709,11253517.47192591,2.7916539530214507e-07
6.743530179091577e-08,67.43530179091577,67435.30179091578,0.8628020784062835,0.13719792159371652,-0.7256041568125671,11253517.47192591,2.7916539530214507e-07
6.757491939296735e-08,67.57491939296735,67574.91939296735,0.8622610534947612,0.1377389465052387,-0.7245221069895225,11253517.47192591,2.7916539530214507e-07
6.771453699501894e-08,67.71453699501895,67714.53699501893,0.8617191342930117,0.13828086570698828,-0.7234382685860234,11253517.47192591,2.7916539530214507e-07
6.785415459707053e-08,67.85415459707053,67854.15459707053,0.8611763221388354,0.13882367786116456,-0.7223526442776709,11253517.47192591,2.7916539530214507e-07
6.799377219912211e-08,67.9937721991221,67993.7721991221,0.8606326183722374,0.13936738162776263,-0.7212652367444747,11253517.47192591,2.7916539530214507e-07
6.81333898011737e-08,68.13338980117369,68133.3898011737,0.8600880243354235,0.13991197566457647,-0.7201760486708471,11253517.47192591,2.7916539530214507e-07
6.827300740322529e-08,68.2730074032253,68273.00740322529,0.8595425413727976,0.14045745862720238,-0.7190850827455952,11253517.47192591,2.7916539530214507e-07
6.841262500527686e-08,68.41262500527687,68412.62500527686,0.858996170830958,0.14100382916904197,-0.7179923416619161,11253517.47192591,2.7916539530214507e-07
6.855224260732845e-08,68.55224260732845,68552.24260732846,0.8584489140586938,0.14155108594130617,-0.7168978281173877,11253517.47192591,2.7916539530214507e-07
6.869186020938003e-08,68.69186020938004,68691.86020938003,0.8579007724069823,0.14209922759301774,-0.7158015448139645,11253517.47192591,2.7916539530214507e-07
6.883147781143162e-08,68.83147781143163,68831.47781143163,0.8573517472289849,0.14264825277101517,-0.7147034944579698,11253517.47192591,2.7916539530214507e-07
6.897109541348321e-08,68.97109541348321,68971.09541348321,0.8568018398800441,0.14319816011995595,-0.7136036797600882,11253517.47192591,2.7916539530214507e-07
6.911071301553479e-08,69.11071301553478,69110.71301553478,0.8562510517176805,0.1437489482823195,-0.7125021034353609,11253517.47192591,2.7916539530214507e-07
6.925033061758638e-08,69.25033061758639,69250.33061758638,0.855699384101589,0.1443006158984111,-0.7113987682031779,11253517.47192591,2.7916539530214507e-07
6.938994821963797e-08,69.38994821963797,69389.94821963797,0.8551468383936351,0.1448531616063649,-0.7102936767872703,11253517.47192591,2.7916539530214507e-07
6.952956582168955e-08,69.52956582168954,69529.56582168955,0.8545934159578527,0.14540658404214735,-0.7091868319157053,11253517.47192591,2.7916539530214507e-07
6.966918342374114e-08,69.66918342374113,69669.18342374114,0.8540391181604394,0.14596088183956063,-0.7080782363208789,11253517.47192591,2.7916539530214507e-07
6.980880102579272e-08,69.80880102579272,69808.80102579271,0.8534839463697541,0.14651605363024583,-0.7069678927395082,11253517.47192591,2.7916539530214507e-07
6.99484186278443e-08,69.9484186278443,69948.41862784431,0.8529279019563133,0.1470720980436867,-0.7058558039126266,11253517.47192591,2.7916539530214507e-07
7.00880362298959e-08,70.08803622989589,70088.0362298959,0.8523709862927873,0.1476290137072127,-0.7047419725855746,11253517.47192591,2.7916539530214507e-07
7.022765383194747e-08,70.22765383194748,70227.65383194748,0.8518132007539978,0.1481867992460022,-0.7036264015079956,11253517.47192591,2.7916539530214507e-07
7.036727143399906e-08,70.36727143399906,70367.27143399906,0.8512545467169133,0.1487454532830868,-0.7025090934338265,11253517.47192591,2.7916539530214507e-07
7.050688903605065e-08,70.50688903605065,70506.88903605065,0.8506950255606465,0.14930497443935348,-0.7013900511212929,11253517.47192591,2.7916539530214507e-07
7.064650663810223e-08,70.64650663810222,70646.50663810223,0.8501346386664511,0.14986536133354889,-0.7002692773329022,11253517.47192591,2.7916539530214507e-07
7.078612424015382e-08,70.78612424015382,70786.12424015382,0.8495733874177174,0.15042661258228257,-0.6991467748354347,11253517.47192591,2.7916539530214507e-07
7.09257418422054e-08,70.9257418422054,70925.7418422054,0.8490112731999699,0.15098872680003006,-0.6980225463999399,11253517.47192591,2.7916539530214507e-07
7.106535944425699e-08,71.06535944425698,71065.35944425699,0.8484482974008632,0.15155170259913675,-0.6968965948017265,11253517.47192591,2.7916539530214507e-07
7.120497704630858e-08,71.20497704630858,71204.97704630857,0.847884461410179,0.15211553858982102,-0.6957689228203581,11253517.47192591,2.7916539530214507e-07
7.134459464836016e-08,71.34459464836016,71344.59464836016,0.8473197666198223,0.15268023338017767,-0.6946395332396447,11253517.47192591,2.7916539530214507e-07
7.148421225041175e-08,71.48421225041174,71484.21225041174,0.8467542144238183,0.15324578557618168,-0.6935084288476365,11253517.47192591,2.7916539530214507e-07
7.162382985246334e-08,71.62382985246333,71623.82985246334,0.846187806218309,0.15381219378169103,-0.692375612436618,11253517.47192591,2.7916539530214507e-07
7.176344745451491e-08,71.76344745451492,71763.44745451491,0.8456205434015491,0.15437945659845081,-0.6912410868030983,11253517.47192591,2.7916539530214507e-07
7.19030650565665e-08,71.9030650565665,71903.0650565665,0.8450524273739036,0.15494757262609637,-0.6901048547478073,11253517.47192591,2.7916539530214507e-07
7.20426826586181e-08,72.04268265861809,72042.6826586181,0.8444834595378432,0.15551654046215674,-0.6889669190756864,11253517.47192591,2.7916539530214507e-07
7.218230026066967e-08,72.18230026066968,72182.30026066967,0.843913641297942,0.15608635870205806,-0.687827282595884,11253517.47192591,2.7916539530214507e-07
7.232191786272126e-08,72.32191786272126,72321.91786272127,0.8433429740608727,0.15665702593912728,-0.6866859481217453,11253517.47192591,2.7916539530214507e-07
7.246153546477284e-08,72.46153546477284,72461.53546477284,0.8427714592354045,0.15722854076459541,-0.6855429184708091,11253517.47192591,2.7916539530214507e-07
7.260115306682443e-08,72.60115306682442,72601.15306682442,0.8421990982323988,0.15780090176760114,-0.6843981964647976,11253517.47192591,2.7916539530214507e-07
7.274077066887602e-08,72.74077066887602,72740.77066887602,0.8416258924648059,0.15837410753519415,-0.6832517849296118,11253517.47192591,2.7916539530214507e-07
7.28803882709276e-08,72.8803882709276,72880.3882709276,0.8410518433476613,0.15894815665233875,-0.6821036866953225,11253517.47192591,2.7916539530214507e-07
7.302000587297919e-08,73.02000587297918,73020.00587297919,0.8404769522980826,0.1595230477019174,-0.6809539045961652,11253517.47192591,2.7916539530214507e-07
7.315962347503078e-08,73.15962347503078,73159.62347503078,0.8399012207352661,0.16009877926473398,-0.6798024414705321,11253517.47192591,2.7916539530214507e-07
7.329924107708235e-08,73.29924107708236,73299.24107708235,0.8393246500804825,0.16067534991951754,-0.678649300160965,11253517.47192591,2.7916539530214507e-07
7.343885867913395e-08,73.43885867913394,73438.85867913395,0.8387472417570742,0.16125275824292584,-0.6774944835141483,11253517.47192591,2.7916539530214507e-07
7.357847628118552e-08,73.57847628118552,73578.47628118552,0.8381689971904515,0.16183100280954854,-0.6763379943809029,11253517.47192591,2.7916539530214507e-07
7.371809388323711e-08,73.71809388323712,73718.09388323712,0.837589917808089,0.16241008219191105,-0.675179835616178,11253517.47192591,2.7916539530214507e-07
7.38577114852887e-08,73.8577114852887,73857.7114852887,0.8370100050395222,0.1629899949604779,-0.6740200100790443,11253517.47192591,2.7916539530214507e-07
7.399732908734028e-08,73.99732908734028,73997.32908734027,0.8364292603163439,0.16357073968365615,-0.6728585206326878,11253517.47192591,2.7916539530214507e-07
7.413694668939187e-08,74.13694668939188,74136.94668939187,0.8358476850722006,0.16415231492779936,-0.6716953701444013,11253517.47192591,2.7916539530214507e-07
7.427656429144346e-08,74.27656429144346,74276.56429144346,0.8352652807427894,0.16473471925721056,-0.6705305614855788,11253517.47192591,2.7916539530214507e-07
7.441618189349504e-08,74.41618189349504,74416.18189349504,0.8346820487658538,0.16531795123414617,-0.6693640975317077,11253517.47192591,2.7916539530214507e-07
7.455579949554663e-08,74.55579949554662,74555.79949554663,0.8340979905811805,0.1659020094188195,-0.668195981162361,11253517.47192591,2.7916539530214507e-07
7.46954170975982e-08,74.69541709759821,74695.41709759821,0.8335131076305958,0.16648689236940417,-0.6670262152611917,11253517.47192591,2.7916539530214507e-07
7.48350346996498e-08,74.8350346996498,74835.0346996498,0.8329274013579621,0.16707259864203794,-0.6658548027159241,11253517.47192591,2.7916539530214507e-07
7.497465230170139e-08,74.97465230170138,74974.65230170138,0.8323408732091742,0.16765912679082579,-0.6646817464183483,11253517.47192591,2.7916539530214507e-07
7.511426990375296e-08,75.11426990375297,75114.26990375297,0.831753524632156,0.16824647536784398,-0.663507049264312,11253517.47192591,2.7916539530214507e-07
7.525388750580455e-08,75.25388750580456,75253.88750580455,0.8311653570768565,0.16883464292314349,-0.6623307141537129,11253517.47192591,2.7916539530214507e-07
7.539350510785614e-08,75.39350510785614,75393.50510785614,0.8305763719952466,0.1694236280047534,-0.6611527439904932,11253517.47192591,2.7916539530214507e-07
7.553312270990772e-08,75.53312270990772,75533.12270990772,0.8299865708413154,0.17001342915868456,-0.6599731416826309,11253517.47192591,2.7916539530214507e-07
7.567274031195931e-08,75.67274031195932,75672.74031195931,0.8293959550710666,0.1706040449289335,-0.6587919101421331,11253517.47192591,2.7916539530214507e-07
7.581235791401089e-08,75.81235791401089,75812.35791401089,0.8288045261425145,0.17119547385748551,-0.6576090522850291,11253517.47192591,2.7916539530214507e-07
7.595197551606248e-08,75.95197551606248,75951.97551606248,0.8282122855156814,0.17178771448431862,-0.6564245710313628,11253517.47192591,2.7916539530214507e-07
7.609159311811407e-08,76.09159311811408,76091.59311811406,0.827619234652593,0.17238076534740704,-0.655238469305186,11253517.47192591,2.7916539530214507e-07
7.623121072016565e-08,76.23121072016565,76231.21072016565,0.8270253750172754,0.1729746249827247,-0.6540507500345507,11253517.47192591,2.7916539530214507e-07
7.637082832221724e-08,76.37082832221724,76370.82832221723,0.8264307080757507,0.17356929192424925,-0.6528614161515014,11253517.47192591,2.7916539530214507e-07
7.651044592426883e-08,76.51044592426882,76510.44592426883,0.8258352352960349,0.17416476470396514,-0.6516704705920697,11253517.47192591,2.7916539530214507e-07
7.66500635263204e-08,76.65006352632041,76650.0635263204,0.8252389581481326,0.17476104185186736,-0.6504779162962653,11253517.47192591,2.7916539530214507e-07
7.6789681128372e-08,76.789681128372,76789.681128372,0.8246418781040342,0.17535812189596578,-0.6492837562080684,11253517.47192591,2.7916539530214507e-07
7.692929873042358e-08,76.92929873042358,76929.29873042359,0.8240439966377124,0.17595600336228756,-0.6480879932754249,11253517.47192591,2.7916539530214507e-07
7.706891633247516e-08,77.06891633247517,77068.91633247516,0.8234453152251182,0.17655468477488184,-0.6468906304502364,11253517.47192591,2.7916539530214507e-07
7.720853393452675e-08,77.20853393452676,77208.53393452676,0.8228458353441771,0.1771541646558229,-0.6456916706883542,11253517.47192591,2.7916539530214507e-07
7.734815153657833e-08,77.34815153657833,77348.15153657833,0.8222455584747862,0.1777544415252138,-0.6444911169495724,11253517.47192591,2.7916539530214507e-07
7.748776913862992e-08,77.48776913862991,77487.76913862993,0.8216444860988097,0.1783555139011903,-0.6432889721976194,11253517.47192591,2.7916539530214507e-07
7.762738674068151e-08,77.62738674068152,77627.38674068151,0.8210426197000757,0.1789573802999242,-0.6420852394001515,11253517.47192591,2.7916539530214507e-07
7.776700434273309e-08,77.76700434273309,77767.00434273308,0.8204399607643729,0.17956003923562713,-0.6408799215287457,11253517.47192591,2.7916539530214507e-07
7.790662194478468e-08,77.90662194478467,77906.62194478468,0.8198365107794456,0.18016348922055442,-0.6396730215588913,11253517.47192591,2.7916539530214507e-07
7.804623954683627e-08,78.04623954683626,78046.23954683627,0.8192322712349918,0.1807677287650083,-0.6384645424699835,11253517.47192591,2.7916539530214507e-07
7.818585714888785e-08,78.18585714888785,78185.85714888785,0.8186272436226579,0.18137275637734207,-0.6372544872453159,11253517.47192591,2.7916539530214507e-07
7.832547475093944e-08,78.32547475093943,78325.47475093944,0.8180214294360364,0.18197857056396366,-0.6360428588720728,11253517.47192591,2.7916539530214507e-07
7.846509235299101e-08,78.46509235299101,78465.092352991,0.817414830170661,0.18258516982933898,-0.6348296603413219,11253517.47192591,2.7916539530214507e-07
7.86047099550426e-08,78.60470995504261,78604.7099550426,0.8168074473240039,0.1831925526759961,-0.6336148946480078,11253517.47192591,2.7916539530214507e-07
7.874432755709419e-08,78.7443275570942,78744.32755709419,0.8161992823954713,0.1838007176045286,-0.6323985647909427,11253517.47192591,2.7916539530214507e-07
7.888394515914577e-08,78.88394515914577,78883.94515914578,0.8155903368864007,0.1844096631135993,-0.6311806737728014,11253517.47192591,2.7916539530214507e-07
7.902356276119736e-08,79.02356276119735,79023.56276119736,0.8149806123000558,0.18501938769994425,-0.6299612246001116,11253517.47192591,2.7916539530214507e-07
7.916318036324895e-08,79.16318036324896,79163.18036324895,0.8143701101416239,0.1856298898583762,-0.6287402202832477,11253517.47192591,2.7916539530214507e-07
7.930279796530053e-08,79.30279796530053,79302.79796530053,0.8137588319182119,0.1862411680817881,-0.6275176638364237,11253517.47192591,2.7916539530214507e-07
7.944241556735212e-08,79.44241556735211,79442.41556735212,0.8131467791388425,0.18685322086115747,-0.626293558277685,11253517.47192591,2.7916539530214507e-07
7.95820331694037e-08,79.5820331694037,79582.0331694037,0.8125339533144507,0.1874660466855494,-0.6250679066289013,11253517.47192591,2.7916539530214507e-07
7.972165077145529e-08,79.72165077145529,79721.65077145529,0.8119203559578791,0.1880796440421209,-0.6238407119157583,11253517.47192591,2.7916539530214507e-07
7.986126837350688e-08,79.86126837350687,79861.26837350687,0.8113059885838758,0.18869401141612419,-0.6226119771677516,11253517.47192591,2.7916539530214507e-07
8.000088597555845e-08,80.00088597555845,80000.88597555846,0.8106908527090895,0.18930914729091047,-0.6213817054181789,11253517.47192591,2.7916539530214507e-07
8.014050357761004e-08,80.14050357761005,80140.50357761004,0.8100749498520659,0.1899250501479341,-0.6201498997041317,11253517.47192591,2.7916539530214507e-07
8.028012117966163e-08,80.28012117966163,80280.12117966164,0.8094582815332441,0.19054171846675588,-0.6189165630664881,11253517.47192591,2.7916539530214507e-07
8.041973878171321e-08,80.4197387817132,80419.73878171321,0.8088408492749533,0.1911591507250468,-0.6176816985499065,11253517.47192591,2.7916539530214507e-07
8.05593563837648e-08,80.55935638376481,80559.3563837648,0.8082226546014076,0.19177734539859237,-0.6164453092028153,11253517.47192591,2.7916539530214507e-07
8.069897398581639e-08,80.6989739858164,80698.9739858164,0.8076036990387044,0.19239630096129556,-0.6152073980774089,11253517.47192591,2.7916539530214507e-07
8.083859158786797e-08,80.83859158786797,80838.59158786797,0.8069839841148189,0.19301601588518114,-0.6139679682296377,11253517.47192591,2.7916539530214507e-07
8.097820918991956e-08,80.97820918991955,80978.20918991957,0.8063635113596006,0.19363648864039945,-0.6127270227192012,11253517.47192591,2.7916539530214507e-07
8.111782679197114e-08,81.11782679197114,81117.82679197114,0.8057422823047703,0.1942577176952297,-0.6114845646095406,11253517.47192591,2.7916539530214507e-07
8.125744439402273e-08,81.25744439402273,81257.44439402272,0.8051202984839156,0.1948797015160844,-0.6102405969678313,11253517.47192591,2.7916539530214507e-07
8.139706199607432e-08,81.39706199607431,81397.06199607432,0.8044975614324873,0.1955024385675127,-0.6089951228649746,11253517.47192591,2.7916539530214507e-07
8.15366795981259e-08,81.5366795981259,81536.67959812589,0.8038740726877959,0.19612592731220413,-0.6077481453755917,11253517.47192591,2.7916539530214507e-07
8.167629720017748e-08,81.67629720017749,81676.29720017749,0.8032498337890072,0.19675016621099284,-0.6064996675780143,11253517.47192591,2.7916539530214507e-07
8.181591480222908e-08,81.81591480222907,81815.91480222908,0.8026248462771391,0.19737515372286085,-0.6052496925542783,11253517.47192591,2.7916539530214507e-07
8.195553240428065e-08,81.95553240428065,81955.53240428065,0.8019991116950577,0.19800088830494234,-0.6039982233901153,11253517.47192591,2.7916539530214507e-07
8.209515000633224e-08,82.09515000633225,82095.15000633225,0.8013726315874727,0.1986273684125272,-0.6027452631749455,11253517.47192591,2.7916539530214507e-07
8.223476760838382e-08,82.23476760838382,82234.76760838382,0.8007454075009353,0.1992545924990648,-0.6014908150018705,11253517.47192591,2.7916539530214507e-07
8.237438521043541e-08,82.3743852104354,82374.38521043542,0.800117440983832,0.19988255901616803,-0.600234881967664,11253517.47192591,2.7916539530214507e-07
8.2514002812487e-08,82.514002812487,82514.002812487,0.7994887335863832,0.20051126641361688,-0.5989774671727663,11253517.47192591,2.7916539530214507e-07
8.265362041453858e-08,82.65362041453858,82653.62041453857,0.7988592868606377,0.20114071313936238,-0.5977185737212753,11253517.47192591,2.7916539530214507e-07
8.279323801659017e-08,82.79323801659017,82793.23801659017,0.7982291023604695,0.20177089763953054,-0.596458204720939,11253517.47192591,2.7916539530214507e-07
8.293285561864176e-08,82.93285561864175,82932.85561864176,0.797598181641574,0.20240181835842602,-0.5951963632831481,11253517.47192591,2.7916539530214507e-07
8.307247322069334e-08,83.07247322069334,83072.47322069334,0.796966526261464,0.20303347373853592,-0.593933052522928,11253517.47192591,2.7916539530214507e-07
8.321209082274493e-08,83.21209082274493,83212.09082274493,0.7963341377794662,0.20366586222053384,-0.5926682755589323,11253517.47192591,2.7916539530214507e-07
8.33517084247965e-08,83.3517084247965,83351.7084247965,0.7957010177567165,0.20429898224328352,-0.5914020355134331,11253517.47192591,2.7916539530214507e-07
8.349132602684809e-08,83.4913260268481,83491.3260268481,0.7950671677561569,0.20493283224384307,-0.5901343355123139,11253517.47192591,2.7916539530214507e-07
8.363094362889968e-08,83.63094362889969,83630.94362889968,0.7944325893425318,0.2055674106574682,-0.5888651786850636,11253517.47192591,2.7916539530214507e-07
8.377056123095126e-08,83.77056123095126,83770.56123095127,0.7937972840823835,0.20620271591761657,-0.587594568164767,11253517.47192591,2.7916539530214507e-07
8.391017883300285e-08,83.91017883300285,83910.17883300285,0.7931612535440484,0.20683874645595163,-0.5863225070880969,11253517.47192591,2.7916539530214507e-07
8.404979643505444e-08,84.04979643505445,84049.79643505444,0.7925244992976538,0.20747550070234622,-0.5850489985953076,11253517.47192591,2.7916539530214507e-07
8.418941403710602e-08,84.18941403710602,84189.41403710602,0.7918870229151134,0.20811297708488663,-0.5837740458302267,11253517.47192591,2.7916539530214507e-07
8.432903163915761e-08,84.3290316391576,84329.0316391576,0.7912488259701234,0.20875117402987664,-0.5824976519402467,11253517.47192591,2.7916539530214507e-07
8.446864924120919e-08,84.46864924120919,84468.64924120919,0.790609910038159,0.209390089961841,-0.5812198200763179,11253517.47192591,2.7916539530214507e-07
8.460826684326078e-08,84.60826684326078,84608.26684326078,0.7899702766964704,0.21002972330352965,-0.5799405533929407,11253517.47192591,2.7916539530214507e-07
8.474788444531237e-08,84.74788444531237,84747.88444531236,0.7893299275240786,0.21067007247592145,-0.5786598550481572,11253517.47192591,2.7916539530214507e-07
8.488750204736394e-08,84.88750204736394,84887.50204736395,0.7886888641017717,0.21131113589822825,-0.5773777282035435,11253517.47192591,2.7916539530214507e-07
8.502711964941553e-08,85.02711964941554,85027.11964941553,0.7880470880121014,0.21195291198789856,-0.5760941760242029,11253517.47192591,2.7916539530214507e-07
8.516673725146712e-08,85.16673725146713,85166.73725146713,0.7874046008393782,0.2125953991606217,-0.5748092016787565,11253517.47192591,2.7916539530214507e-07
8.53063548535187e-08,85.3063548535187,85306.3548535187,0.7867614041696687,0.21323859583033133,-0.5735228083393373,11253517.47192591,2.7916539530214507e-07
8.544597245557029e-08,85.4459724555703,85445.97245557029,0.78611749959079,0.21388250040921003,-0.57223499918158,11253517.47192591,2.7916539530214507e-07
8.558559005762188e-08,85.58559005762189,85585.59005762188,0.7854728886923076,0.21452711130769242,-0.5709457773846152,11253517.47192591,2.7916539530214507e-07
8.572520765967346e-08,85.72520765967346,85725.20765967346,0.7848275730655304,0.21517242693446959,-0.5696551461310608,11253517.47192591,2.7916539530214507e-07
8.586482526172505e-08,85.86482526172504,85864.82526172505,0.7841815543035069,0.2158184456964931,-0.5683631086070138,11253517.47192591,2.7916539530214507e-07
8.600444286377663e-08,86.00444286377663,86004.44286377663,0.7835348340010215,0.21646516599897841,-0.5670696680020431,11253517.47192591,2.7916539530214507e-07
8.614406046582822e-08,86.14406046582822,86144.06046582822,0.7828874137545905,0.21711258624540952,-0.565774827509181,11253517.47192591,2.7916539530214507e-07
8.628367806787981e-08,86.2836780678798,86283.67806787981,0.7822392951624578,0.21776070483754217,-0.5644785903249157,11253517.47192591,2.7916539530214507e-07
8.642329566993138e-08,86.42329566993139,86423.29566993138,0.7815904798245917,0.21840952017540827,-0.5631809596491835,11253517.47192591,2.7916539530214507e-07
8.656291327198298e-08,86.56291327198298,86562.91327198298,0.7809409693426802,0.2190590306573198,-0.5618819386853604,11253517.47192591,2.7916539530214507e-07
8.670253087403457e-08,86.70253087403457,86702.53087403456,0.7802907653201274,0.21970923467987258,-0.5605815306402548,11253517.47192591,2.7916539530214507e-07
8.684214847608614e-08,86.84214847608614,86842.14847608615,0.7796398693620497,0.2203601306379503,-0.5592797387240993,11253517.47192591,2.7916539530214507e-07
8.698176607813773e-08,86.98176607813774,86981.76607813773,0.7789882830752713,0.22101171692472865,-0.5579765661505427,11253517.47192591,2.7916539530214507e-07
8.712138368018931e-08,87.12138368018931,87121.3836801893,0.778336008068321,0.22166399193167902,-0.5566720161366421,11253517.47192591,2.7916539530214507e-07
8.72610012822409e-08,87.2610012822409,87261.0012822409,0.7776830459514272,0.2223169540485727,-0.5553660919028545,11253517.47192591,2.7916539530214507e-07
8.740061888429249e-08,87.40061888429248,87400.61888429249,0.7770293983365153,0.2229706016634847,-0.5540587966730306,11253517.47192591,2.7916539530214507e-07
8.754023648634407e-08,87.54023648634407,87540.23648634407,0.7763750668372023,0.2236249331627978,-0.5527501336744045,11253517.47192591,2.7916539530214507e-07
8.767985408839566e-08,87.67985408839566,87679.85408839566,0.7757200530687934,0.22427994693120656,-0.5514401061375869,11253517.47192591,2.7916539530214507e-07
8.781947169044725e-08,87.81947169044724,87819.47169044724,0.7750643586482788,0.22493564135172123,-0.5501287172965577,11253517.47192591,2.7916539530214507e-07
8.795908929249883e-08,87.95908929249883,87959.08929249883,0.7744079851943284,0.2255920148056716,-0.5488159703886568,11253517.47192591,2.7916539530214507e-07
8.809870689455042e-08,88.09870689455042,88098.70689455041,0.7737509343272884,0.22624906567271158,-0.5475018686545767,11253517.47192591,2.7916539530214507e-07
8.823832449660199e-08,88.23832449660199,88238.324496602,0.7730932076691777,0.2269067923308224,-0.5461864153383553,11253517.47192591,2.7916539530214507e-07
8.837794209865358e-08,88.37794209865358,88377.94209865358,0.7724348068436827,0.2275651931563173,-0.5448696136873654,11253517.47192591,2.7916539530214507e-07
8.851755970070517e-08,88.51755970070518,88517.55970070517,0.771775733476155,0.22822426652384503,-0.54355146695231,11253517.47192591,2.7916539530214507e-07
8.865717730275675e-08,88.65717730275675,88657.17730275675,0.7711159891936059,0.22888401080639414,-0.5422319783872118,11253517.47192591,2.7916539530214507e-07
8.879679490480834e-08,88.79679490480834,88796.79490480834,0.7704555756247029,0.2295444243752971,-0.5409111512494058,11253517.47192591,2.7916539530214507e-07
8.893641250685993e-08,88.93641250685994,88936.41250685994,0.7697944943997661,0.23020550560023395,-0.5395889887995322,11253517.47192591,2.7916539530214507e-07
8.907603010891151e-08,89.07603010891151,89076.03010891151,0.7691327471507634,0.23086725284923654,-0.5382654943015268,11253517.47192591,2.7916539530214507e-07
8.92156477109631e-08,89.2156477109631,89215.6477109631,0.7684703355113074,0.23152966448869267,-0.5369406710226148,11253517.47192591,2.7916539530214507e-07
8.935526531301468e-08,89.35526531301467,89355.26531301468,0.7678072611166502,0.23219273888334985,-0.5356145222333004,11253517.47192591,2.7916539530214507e-07
8.949488291506627e-08,89.49488291506627,89494.88291506626,0.7671435256036803,0.2328564743963198,-0.5342870512073605,11253517.47192591,2.7916539530214507e-07
8.963450051711786e-08,89.63450051711786,89634.50051711786,0.7664791306109182,0.2335208693890818,-0.5329582612218364,11253517.47192591,2.7916539530214507e-07
8.977411811916943e-08,89.77411811916943,89774.11811916943,0.7658140777785127,0.23418592222148726,-0.5316281555570255,11253517.47192591,2.7916539530214507e-07
8.991373572122102e-08,89.91373572122103,89913.73572122102,0.7651483687482362,0.23485163125176378,-0.5302967374964724,11253517.47192591,2.7916539530214507e-07
9.005335332327261e-08,90.05335332327262,90053.35332327262,0.7644820051634812,0.2355179948365188,-0.5289640103269624,11253517.47192591,2.7916539530214507e-07
9.019297092532419e-08,90.19297092532419,90192.97092532419,0.763814988669256,0.23618501133074404,-0.527629977338512,11253517.47192591,2.7916539530214507e-07
9.033258852737578e-08,90.33258852737578,90332.58852737579,0.7631473209121806,0.23685267908781937,-0.5262946418243613,11253517.47192591,2.7916539530214507e-07
9.047220612942737e-08,90.47220612942738,90472.20612942737,0.7624790035404829,0.23752099645951702,-0.5249580070809658,11253517.47192591,2.7916539530214507e-07
9.061182373147895e-08,90.61182373147895,90611.82373147894,0.7618100382039946,0.23818996179600538,-0.5236200764079892,11253517.47192591,2.7916539530214507e-07
9.075144133353054e-08,90.75144133353054,90751.44133353054,0.7611404265541464,0.23885957344585357,-0.5222808531082928,11253517.47192591,2.7916539530214507e-07
9.089105893558212e-08,90.89105893558212,90891.05893558211,0.7604701702439651,0.23952982975603487,-0.5209403404879303,11253517.47192591,2.7916539530214507e-07
9.103067653763371e-08,91.03067653763371,91030.67653763371,0.7597992709280688,0.24020072907193124,-0.5195985418561375,11253517.47192591,2.7916539530214507e-07
9.11702941396853e-08,91.1702941396853,91170.2941396853,0.7591277302626627,0.24087226973733739,-0.5182554605253253,11253517.47192591,2.7916539530214507e-07
9.130991174173688e-08,91.30991174173687,91309.91174173687,0.7584555499055354,0.24154445009446462,-0.5169110998110709,11253517.47192591,2.7916539530214507e-07
9.144952934378847e-08,91.44952934378847,91449.52934378847,0.7577827315160548,0.2422172684839452,-0.5155654630321096,11253517.47192591,2.7916539530214507e-07
9.158914694584006e-08,91.58914694584006,91589.14694584005,0.7571092767551637,0.24289072324483624,-0.5142185535103274,11253517.47192591,2.7916539530214507e-07
9.172876454789163e-08,91.72876454789163,91728.76454789164,0.7564351872853763,0.24356481271462377,-0.5128703745707526,11253517.47192591,2.7916539530214507e-07
9.186838214994322e-08,91.86838214994323,91868.38214994322,0.7557604647707726,0.24423953522922737,-0.5115209295415453,11253517.47192591,2.7916539530214507e-07
9.20079997519948e-08,92.0079997519948,92007.9997519948,0.7550851108769966,0.2449148891230034,-0.5101702217539932,11253517.47192591,2.7916539530214507e-07
9.214761735404639e-08,92.14761735404639,92147.6173540464,0.7544091272712501,0.2455908727287499,-0.5088182545425002,11253517.47192591,2.7916539530214507e-07
9.228723495609798e-08,92.28723495609798,92287.23495609798,0.7537325156222898,0.24626748437771012,-0.5074650312445796,11253517.47192591,2.7916539530214507e-07
9.242685255814956e-08,92.42685255814956,92426.85255814956,0.753055277600423,0.246944722399577,-0.506110555200846,11253517.47192591,2.7916539530214507e-07
9.256647016020115e-08,92.56647016020115,92566.47016020115,0.7523774148775025,0.24762258512249746,-0.5047548297550051,11253517.47192591,2.7916539530214507e-07
9.270608776225274e-08,92.70608776225274,92706.08776225273,0.7516989291269243,0.2483010708730758,-0.5033978582538485,11253517.47192591,2.7916539530214507e-07
9.284570536430432e-08,92.84570536430432,92845.70536430432,0.7510198220236216,0.2489801779763784,-0.5020396440472432,11253517.47192591,2.7916539530214507e-07
9.29853229663559e-08,92.98532296635591,92985.3229663559,0.7503400952440618,0.2496599047559382,-0.5006801904881235,11253517.47192591,2.7916539530214507e-07
9.312494056840748e-08,93.12494056840748,93124.94056840749,0.7496597504662421,0.2503402495337579,-0.49931950093248423,11253517.47192591,2.7916539530214507e-07
9.326455817045907e-08,93.26455817045907,93264.55817045907,0.7489787893696853,0.25102121063031463,-0.4979575787393707,11253517.47192591,2.7916539530214507e-07
9.340417577251066e-08,93.40417577251067,93404.17577251066,0.7482972136354358,0.2517027863645643,-0.4965944272708715,11253517.47192591,2.7916539530214507e-07
9.354379337456224e-08,93.54379337456224,93543.79337456224,0.7476150249460548,0.2523849750539452,-0.4952300498921096,11253517.47192591,2.7916539530214507e-07
9.368341097661383e-08,93.68341097661383,93683.41097661383,0.7469322249856171,0.25306777501438293,-0.49386444997123413,11253517.47192591,2.7916539530214507e-07
9.382302857866542e-08,93.82302857866543,93823.02857866543,0.7462488154397064,0.2537511845602935,-0.49249763087941295,11253517.47192591,2.7916539530214507e-07
9.3962646180717e-08,93.962646180717,93962.646180717,0.7455647979954116,0.2544352020045883,-0.49112959599082334,11253517.47192591,2.7916539530214507e-07
9.410226378276859e-08,94.10226378276859,94102.26378276858,0.7448801743413216,0.25511982565867836,-0.48976034868264323,11253517.47192591,2.7916539530214507e-07
9.424188138482018e-08,94.24188138482018,94241.88138482018,0.7441949461675222,0.25580505383247776,-0.4883898923350445,11253517.47192591,2.7916539530214507e-07
9.438149898687176e-08,94.38149898687176,94381.49898687175,0.7435091151655915,0.2564908848344085,-0.48701823033118297,11253517.47192591,2.7916539530214507e-07
9.452111658892335e-08,94.52111658892335,94521.11658892335,0.7428226830285958,0.2571773169714042,-0.48564536605719155,11253517.47192591,2.7916539530214507e-07
9.466073419097492e-08,94.66073419097492,94660.73419097492,0.7421356514510853,0.2578643485489147,-0.4842713029021706,11253517.47192591,2.7916539530214507e-07
9.480035179302651e-08,94.80035179302652,94800.35179302651,0.74144802212909,0.25855197787091005,-0.48289604425817995,11253517.47192591,2.7916539530214507e-07
9.49399693950781e-08,94.93996939507811,94939.96939507811,0.7407597967601154,0.2592402032398846,-0.48151959352023077,11253517.47192591,2.7916539530214507e-07
9.507958699712968e-08,95.07958699712968,95079.58699712968,0.7400709770431388,0.2599290229568611,-0.48014195408627774,11253517.47192591,2.7916539530214507e-07
9.521920459918127e-08,95.21920459918127,95219.20459918128,0.7393815646786046,0.26061843532139545,-0.47876312935720916,11253517.47192591,2.7916539530214507e-07
9.535882220123286e-08,95.35882220123287,95358.82220123286,0.7386915613684197,0.26130843863158026,-0.47738312273683947,11253517.47192591,2.7916539530214507e-07
9.549843980328444e-08,95.49843980328444,95498.43980328445,0.7380009688159507,0.2619990311840493,-0.47600193763190135,11253517.47192591,2.7916539530214507e-07
9.563805740533603e-08,95.63805740533603,95638.05740533603,0.737309788726018,0.26269021127398196,-0.4746195774520361,11253517.47192591,2.7916539530214507e-07
9.577767500738761e-08,95.77767500738761,95777.6750073876,0.7366180228048932,0.2633819771951068,-0.4732360456097864,11253517.47192591,2.7916539530214507e-07
9.59172926094392e-08,95.9172926094392,95917.2926094392,0.7359256727602933,0.2640743272397067,-0.4718513455205866,11253517.47192591,2.7916539530214507e-07
9.605691021149079e-08,96.05691021149079,96056.91021149079,0.7352327403013778,0.26476725969862225,-0.4704654806027555,11253517.47192591,2.7916539530214507e-07
9.619652781354237e-08,96.19652781354236,96196.52781354237,0.734539227138744,0.265460772861256,-0.46907845427748796,11253517.47192591,2.7916539530214507e-07
9.633614541559396e-08,96.33614541559396,96336.14541559396,0.7338451349844224,0.2661548650155776,-0.4676902699688448,11253517.47192591,2.7916539530214507e-07
9.647576301764555e-08,96.47576301764555,96475.76301764554,0.7331504655518731,0.26684953444812687,-0.46630093110374626,11253517.47192591,2.7916539530214507e-07
9.661538061969712e-08,96.61538061969712,96615.38061969713,0.7324552205559813,0.26754477944401867,-0.46491044111196267,11253517.47192591,2.7916539530214507e-07
9.675499822174871e-08,96.7549982217487,96754.99822174871,0.7317594017130529,0.26824059828694713,-0.46351880342610574,11253517.47192591,2.7916539530214507e-07
9.689461582380029e-08,96.8946158238003,96894.6158238003,0.7310630107408105,0.2689369892591895,-0.46212602148162096,11253517.47192591,2.7916539530214507e-07
9.703423342585188e-08,97.03423342585188,97034.23342585188,0.7303660493583889,0.2696339506416111,-0.4607320987167778,11253517.47192591,2.7916539530214507e-07
9.717385102790347e-08,97.17385102790347,97173.85102790347,0.7296685192863313,0.27033148071366875,-0.4593370385726625,11253517.47192591,2.7916539530214507e-07
9.731346862995505e-08,97.31346862995505,97313.46862995505,0.7289704222465847,0.2710295777534153,-0.4579408444931694,11253517.47192591,2.7916539530214507e-07
9.745308623200664e-08,97.45308623200664,97453.08623200664,0.7282717599624957,0.2717282400375043,-0.4565435199249914,11253517.47192591,2.7916539530214507e-07
9.759270383405823e-08,97.59270383405823,97592.70383405822,0.7275725341588063,0.2724274658411937,-0.4551450683176126,11253517.47192591,2.7916539530214507e-07
9.77323214361098e-08,97.7323214361098,97732.3214361098,0.7268727465616496,0.2731272534383504,-0.45374549312329915,11253517.47192591,2.7916539530214507e-07
9.78719390381614e-08,97.8719390381614,97871.93903816139,0.7261723988985456,0.27382760110145443,-0.45234479779709114,11253517.47192591,2.7916539530214507e-07
9.801155664021297e-08,98.01155664021297,98011.55664021298,0.725471492898397,0.27452850710160304,-0.4509429857967939,11253517.47192591,2.7916539530214507e-07
9.815117424226456e-08,98.15117424226456,98151.17424226456,0.7247700302914845,0.27522996970851554,-0.4495400605829689,11253517.47192591,2.7916539530214507e-07
9.829079184431615e-08,98.29079184431616,98290.79184431616,0.7240680128094632,0.27593198719053685,-0.44813602561892635,11253517.47192591,2.7916539530214507e-07
9.843040944636773e-08,98.43040944636773,98430.40944636773,0.7233654421853577,0.2766345578146423,-0.4467308843707154,11253517.47192591,2.7916539530214507e-07
9.857002704841932e-08,98.57002704841932,98570.02704841932,0.7226623201535585,0.27733767984644153,-0.44532464030711694,11253517.47192591,2.7916539530214507e-07
9.870964465047091e-08,98.7096446504709,98709.64465047092,0.7219586484498169,0.27804135155018306,-0.4439172968996339,11253517.47192591,2.7916539530214507e-07
9.884926225252249e-08,98.8492622525225,98849.26225252249,0.7212544288112415,0.27874557118875853,-0.44250885762248293,11253517.47192591,2.7916539530214507e-07
9.898887985457408e-08,98.98887985457408,98988.87985457409,0.7205496629762932,0.2794503370237068,-0.4410993259525864,11253517.47192591,2.7916539530214507e-07
9.912849745662567e-08,99.12849745662567,99128.49745662567,0.7198443526847815,0.2801556473152185,-0.439688705369563,11253517.47192591,2.7916539530214507e-07
9.926811505867725e-08,99.26811505867725,99268.11505867724,0.71913849967786,0.28086150032214,-0.43827699935572,11253517.47192591,2.7916539530214507e-07
9.940773266072884e-08,99.40773266072884,99407.73266072884,0.7184321056980217,0.28156789430197826,-0.4368642113960435,11253517.47192591,2.7916539530214507e-07
9.954735026278041e-08,99.54735026278041,99547.35026278041,0.7177251724890956,0.2822748275109044,-0.43545034497819124,11253517.47192591,2.7916539530214507e-07
9.9686967864832e-08,99.686967864832,99686.96786483201,0.7170177017962415,0.28298229820375853,-0.43403540359248294,11253517.47192591,2.7916539530214507e-07
9.98265854668836e-08,99.8265854668836,99826.5854668836,0.716309695365946,0.2836903046340539,-0.4326193907318921,11253517.47192591,2.7916539530214507e-07
9.996620306893517e-08,99.96620306893517,99966.20306893517,0.7156011549460187,0.2843988450539813,-0.43120230989203745,11253517.47192591,2.7916539530214507e-07
1.0010582067098676e-07,100.10582067098676,100105.82067098677,0.7148920822855868,0.28510791771441324,-0.4297841645711735,11253517.47192591,2.7916539530214507e-07
1.0024543827303835e-07,100.24543827303836,100245.43827303835,0.7141824791350918,0.2858175208649082,-0.4283649582701836,11253517.47192591,2.7916539530214507e-07
1.0038505587508993e-07,100.38505587508993,100385.05587508994,0.7134723472462849,0.28652765275371506,-0.4269446944925699,11253517.47192591,2.7916539530214507e-07
1.0052467347714152e-07,100.52467347714152,100524.67347714152,0.7127616883722221,0.2872383116277779,-0.4255233767444442,11253517.47192591,2.7916539530214507e-07
1.006642910791931e-07,100.66429107919309,100664.29107919309,0.7120505042672607,0.28794949573273937,-0.4241010085345213,11253517.47192591,2.7916539530214507e-07
1.0080390868124469e-07,100.80390868124469,100803.90868124469,0.7113387966870544,0.28866120331294565,-0.4226775933741087,11253517.47192591,2.7916539530214507e-07
1.0094352628329628e-07,100.94352628329628,100943.52628329628,0.7106265673885493,0.28937343261145065,-0.4212531347770987,11253517.47192591,2.7916539530214507e-07
1.0108314388534786e-07,101.08314388534785,101083.14388534786,0.7099138181299798,0.2900861818700203,-0.4198276362599595,11253517.47192591,2.7916539530214507e-07
1.0122276148739945e-07,101.22276148739945,101222.76148739945,0.7092005506708627,0.29079944932913726,-0.4184011013417255,11253517.47192591,2.7916539530214507e-07
1.0136237908945104e-07,101.36237908945104,101362.37908945103,0.7084867667719955,0.2915132332280045,-0.416973533543991,11253517.47192591,2.7916539530214507e-07
1.0150199669150261e-07,101.50199669150261,101501.99669150262,0.7077724681954498,0.29222753180455013,-0.4155449363908997,11253517.47192591,2.7916539530214507e-07
1.016416142935542e-07,101.6416142935542,101641.6142935542,0.7070576567045678,0.29294234329543223,-0.41411531340913554,11253517.47192591,2.7916539530214507e-07
1.0178123189560578e-07,101.78123189560579,101781.23189560579,0.706342334063958,0.29365766593604203,-0.41268466812791593,11253517.47192591,2.7916539530214507e-07
1.0192084949765737e-07,101.92084949765737,101920.84949765737,0.7056265020394906,0.2943734979605094,-0.41125300407898124,11253517.47192591,2.7916539530214507e-07
1.0206046709970896e-07,102.06046709970896,102060.46709970896,0.7049101623982937,0.29508983760170626,-0.4098203247965875,11253517.47192591,2.7916539530214507e-07
1.0220008470176054e-07,102.20008470176055,102200.08470176054,0.7041933169087482,0.2958066830912518,-0.4083866338174964,11253517.47192591,2.7916539530214507e-07
1.0233970230381213e-07,102.33970230381213,102339.70230381213,0.7034759673404836,0.2965240326595165,-0.4069519346809671,11253517.47192591,2.7916539530214507e-07
1.0247931990586372e-07,102.47931990586372,102479.31990586373,0.7027581154643738,0.29724188453562617,-0.40551623092874767,11253517.47192591,2.7916539530214507e-07
1.026189375079153e-07,102.61893750791529,102618.9375079153,0.7020397630525335,0.29796023694746654,-0.4040795261050669,11253517.47192591,2.7916539530214507e-07
1.0275855510996689e-07,102.75855510996689,102758.55510996688,0.7013209118783119,0.2986790881216881,-0.40264182375662383,11253517.47192591,2.7916539530214507e-07
1.0289817271201848e-07,102.89817271201848,102898.17271201848,0.7006015637162901,0.2993984362837098,-0.4012031274325803,11253517.47192591,2.7916539530214507e-07
1.0303779031407005e-07,103.03779031407005,103037.79031407005,0.6998817203422762,0.30011827965772375,-0.3997634406845525,11253517.47192591,2.7916539530214507e-07
1.0317740791612164e-07,103.17740791612165,103177.40791612165,0.6991613835333004,0.3008386164666996,-0.39832276706660075,11253517.47192591,2.7916539530214507e-07
1.0331702551817322e-07,103.31702551817322,103317.02551817322,0.6984405550676113,0.30155944493238873,-0.39688111013522254,11253517.47192591,2.7916539530214507e-07
1.0345664312022481e-07,103.45664312022481,103456.6431202248,0.6977192367246708,0.30228076327532916,-0.3954384734493417,11253517.47192591,2.7916539530214507e-07
1.035962607222764e-07,103.5962607222764,103596.2607222764,0.6969974302851507,0.30300256971484935,-0.39399486057030136,11253517.47192591,2.7916539530214507e-07
1.0373587832432798e-07,103.73587832432798,103735.87832432798,0.6962751375309275,0.3037248624690725,-0.392550275061855,11253517.47192591,2.7916539530214507e-07
1.0387549592637957e-07,103.87549592637957,103875.49592637958,0.6955523602450779,0.304447639754922,-0.39110472049015593,11253517.47192591,2.7916539530214507e-07
1.0401511352843116e-07,104.01511352843116,104015.11352843116,0.6948291002118754,0.30517089978812456,-0.3896582004237508,11253517.47192591,2.7916539530214507e-07
1.0415473113048274e-07,104.15473113048274,104154.73113048273,0.6941053592167847,0.3058946407832153,-0.3882107184335694,11253517.47192591,2.7916539530214507e-07
1.0429434873253433e-07,104.29434873253433,104294.34873253433,0.6933811390464578,0.3066188609535422,-0.38676227809291563,11253517.47192591,2.7916539530214507e-07
1.044339663345859e-07,104.4339663345859,104433.9663345859,0.6926564414887302,0.3073435585112698,-0.38531288297746036,11253517.47192591,2.7916539530214507e-07
1.045735839366375e-07,104.57358393663749,104573.5839366375,0.691931268332615,0.308068731667385,-0.38386253666522996,11253517.47192591,2.7916539530214507e-07
1.0471320153868909e-07,104.71320153868909,104713.20153868909,0.6912056213683001,0.3087943786316999,-0.3824112427366002,11253517.47192591,2.7916539530214507e-07
1.0485281914074066e-07,104.85281914074066,104852.81914074067,0.6904795023871428,0.30952049761285716,-0.3809590047742857,11253517.47192591,2.7916539530214507e-07
1.0499243674279225e-07,104.99243674279225,104992.43674279226,0.6897529131816657,0.31024708681833435,-0.3795058263633313,11253517.47192591,2.7916539530214507e-07
1.0513205434484384e-07,105.13205434484384,105132.05434484384,0.6890258555455521,0.31097414445444793,-0.37805171109110414,11253517.47192591,2.7916539530214507e-07
1.0527167194689542e-07,105.27167194689542,105271.67194689543,0.6882983312736417,0.3117016687263583,-0.3765966625472834,11253517.47192591,2.7916539530214507e-07
1.0541128954894701e-07,105.41128954894701,105411.28954894701,0.6875703421619263,0.31242965783807375,-0.3751406843238525,11253517.47192591,2.7916539530214507e-07
1.0555090715099859e-07,105.55090715099858,105550.9071509986,0.6868418900075451,0.31315810999245486,-0.3736837800150903,11253517.47192591,2.7916539530214507e-07
1.0569052475305018e-07,105.69052475305018,105690.52475305018,0.6861129766087805,0.31388702339121954,-0.3722259532175609,11253517.47192591,2.7916539530214507e-07
1.0583014235510177e-07,105.83014235510177,105830.14235510177,0.6853836037650531,0.31461639623494686,-0.3707672075301063,11253517.47192591,2.7916539530214507e-07
1.0596975995715335e-07,105.96975995715334,105969.75995715335,0.6846537732769185,0.31534622672308155,-0.3693075465538369,11253517.47192591,2.7916539530214507e-07
1.0610937755920494e-07,106.10937755920493,106109.37755920494,0.6839234869460613,0.31607651305393875,-0.36784697389212256,11253517.47192591,2.7916539530214507e-07
1.0624899516125653e-07,106.24899516125653,106248.99516125652,0.6831927465752918,0.31680725342470817,-0.36638549315058366,11253517.47192591,2.7916539530214507e-07
1.063886127633081e-07,106.3886127633081,106388.6127633081,0.6824615539685411,0.31753844603145887,-0.36492310793708227,11253517.47192591,2.7916539530214507e-07
1.065282303653597e-07,106.52823036535969,106528.23036535969,0.6817299109308568,0.3182700890691432,-0.36345982186171355,11253517.47192591,2.7916539530214507e-07
1.0666784796741127e-07,106.66784796741128,106667.84796741128,0.6809978192683982,0.3190021807316018,-0.3619956385367964,11253517.47192591,2.7916539530214507e-07
1.0680746556946286e-07,106.80746556946286,106807.46556946286,0.6802652807884322,0.3197347192115678,-0.36053056157686436,11253517.47192591,2.7916539530214507e-07
1.0694708317151445e-07,106.94708317151445,106947.08317151444,0.6795322972993287,0.32046770270067126,-0.35906459459865747,11253517.47192591,2.7916539530214507e-07
1.0708670077356603e-07,107.08670077356602,107086.70077356603,0.6787988706105564,0.32120112938944356,-0.3575977412211129,11253517.47192591,2.7916539530214507e-07
1.0722631837561762e-07,107.22631837561762,107226.31837561761,0.6780650025326778,0.32193499746732224,-0.3561300050653555,11253517.47192591,2.7916539530214507e-07
1.0736593597766921e-07,107.36593597766921,107365.93597766921,0.6773306948773451,0.3226693051226549,-0.3546613897546902,11253517.47192591,2.7916539530214507e-07
1.0750555357972079e-07,107.50555357972078,107505.55357972078,0.676595949457296,0.32340405054270405,-0.3531918989145919,11253517.47192591,2.7916539530214507e-07
1.0764517118177238e-07,107.64517118177238,107645.17118177238,0.675860768086348,0.324139231913652,-0.35172153617269597,11253517.47192591,2.7916539530214507e-07
1.0778478878382397e-07,107.78478878382397,107784.78878382397,0.6751251525793959,0.32487484742060413,-0.35025030515879174,11253517.47192591,2.7916539530214507e-07
1.0792440638587554e-07,107.92440638587554,107924.40638587554,0.6743891047524055,0.32561089524759446,-0.3487782095048111,11253517.47192591,2.7916539530214507e-07
1.0806402398792714e-07,108.06402398792713,108064.02398792714,0.6736526264224101,0.32634737357758986,-0.3473052528448202,11253517.47192591,2.7916539530214507e-07
1.0820364158997871e-07,108.20364158997872,108203.64158997871,0.6729157194075057,0.3270842805924943,-0.34583143881501144,11253517.47192591,2.7916539530214507e-07
1.083432591920303e-07,108.3432591920303,108343.25919203031,0.6721783855268465,0.3278216144731535,-0.344356771053693,11253517.47192591,2.7916539530214507e-07
1.0848287679408189e-07,108.48287679408189,108482.8767940819,0.6714406266006406,0.32855937339935937,-0.34288125320128127,11253517.47192591,2.7916539530214507e-07
1.0862249439613347e-07,108.62249439613348,108622.49439613346,0.6707024444501455,0.3292975555498545,-0.34140488890029097,11253517.47192591,2.7916539530214507e-07
1.0876211199818506e-07,108.76211199818506,108762.11199818506,0.6699638408976629,0.33003615910233713,-0.3399276817953258,11253517.47192591,2.7916539530214507e-07
1.0890172960023665e-07,108.90172960023665,108901.72960023665,0.6692248177665354,0.3307751822334645,-0.3384496355330709,11253517.47192591,2.7916539530214507e-07
1.0904134720228823e-07,109.04134720228822,109041.34720228823,0.6684853768811415,0.3315146231188585,-0.336970753762283,11253517.47192591,2.7916539530214507e-07
1.0918096480433982e-07,109.18096480433982,109180.96480433982,0.6677455200668903,0.33225447993310975,-0.3354910401337805,11253517.47192591,2.7916539530214507e-07
1.093205824063914e-07,109.3205824063914,109320.58240639139,0.6670052491502181,0.332994750849782,-0.3340104983004361,11253517.47192591,2.7916539530214507e-07
1.0946020000844299e-07,109.46020000844298,109460.20000844299,0.6662645659585833,0.33373543404141665,-0.33252913191716665,11253517.47192591,2.7916539530214507e-07
1.0959981761049458e-07,109.59981761049458,109599.81761049457,0.6655234723204625,0.3344765276795375,-0.331046944640925,11253517.47192591,2.7916539530214507e-07
1.0973943521254615e-07,109.73943521254616,109739.43521254616,0.664781970065345,0.33521802993465494,-0.32956394013069007,11253517.47192591,2.7916539530214507e-07
1.0987905281459774e-07,109.87905281459774,109879.05281459774,0.6640400610237291,0.33595993897627086,-0.3280801220474583,11253517.47192591,2.7916539530214507e-07
1.1001867041664933e-07,110.01867041664933,110018.67041664933,0.6632977470271171,0.3367022529728829,-0.32659549405423416,11253517.47192591,2.7916539530214507e-07
1.1015828801870091e-07,110.15828801870092,110158.28801870091,0.6625550299080114,0.3374449700919886,-0.3251100598160228,11253517.47192591,2.7916539530214507e-07
1.102979056207525e-07,110.2979056207525,110297.9056207525,0.661811911499909,0.33818808850009097,-0.32362382299981807,11253517.47192591,2.7916539530214507e-07
1.1043752322280408e-07,110.43752322280407,110437.52322280408,0.6610683936372981,0.3389316063627019,-0.32213678727459616,11253517.47192591,2.7916539530214507e-07
1.1057714082485567e-07,110.57714082485568,110577.14082485567,0.6603244781556525,0.33967552184434746,-0.3206489563113051,11253517.47192591,2.7916539530214507e-07
1.1071675842690726e-07,110.71675842690726,110716.75842690725,0.6595801668914281,0.340419833108572,-0.3191603337828561,11253517.47192591,2.7916539530214507e-07
1.1085637602895884e-07,110.85637602895883,110856.37602895884,0.6588354616820573,0.3411645383179427,-0.3176709233641146,11253517.47192591,2.7916539530214507e-07
1.1099599363101043e-07,110.99599363101042,110995.99363101042,0.6580903643659453,0.34190963563405474,-0.3161807287318905,11253517.47192591,2.7916539530214507e-07
1.1113561123306202e-07,111.13561123306202,111135.61123306202,0.6573448767824652,0.3426551232175348,-0.31468975356493045,11253517.47192591,2.7916539530214507e-07
1.112752288351136e-07,111.2752288351136,111275.2288351136,0.6565990007719538,0.34340099922804623,-0.31319800154390753,11253517.47192591,2.7916539530214507e-07
1.1141484643716518e-07,111.41484643716518,111414.84643716518,0.6558527381757062,0.3441472618242938,-0.31170547635141244,11253517.47192591,2.7916539530214507e-07
1.1155446403921676e-07,111.55446403921677,111554.46403921676,0.6551060908359725,0.3448939091640275,-0.310212181671945,11253517.47192591,2.7916539530214507e-07
1.1169408164126835e-07,111.69408164126835,111694.08164126835,0.6543590605959521,0.34564093940404794,-0.3087181211919041,11253517.47192591,2.7916539530214507e-07
1.1183369924331994e-07,111.83369924331994,111833.69924331995,0.6536116492997898,0.34638835070021023,-0.30722329859957953,11253517.47192591,2.7916539530214507e-07
1.1197331684537152e-07,111.97331684537151,111973.31684537152,0.6528638587925712,0.3471361412074288,-0.30572771758514244,11253517.47192591,2.7916539530214507e-07
1.1211293444742311e-07,112.11293444742311,112112.9344474231,0.6521156909203178,0.34788430907968215,-0.3042313818406357,11253517.47192591,2.7916539530214507e-07
1.122525520494747e-07,112.2525520494747,112252.5520494747,0.6513671475299829,0.348632852470017,-0.3027342950599659,11253517.47192591,2.7916539530214507e-07
1.1239216965152628e-07,112.39216965152627,112392.16965152627,0.6506182304694469,0.3493817695305531,-0.3012364609388938,11253517.47192591,2.7916539530214507e-07
1.1253178725357787e-07,112.53178725357787,112531.78725357787,0.6498689415875121,0.35013105841248787,-0.2997378831750242,11253517.47192591,2.7916539530214507e-07
1.1267140485562946e-07,112.67140485562946,112671.40485562946,0.6491192827338994,0.3508807172661006,-0.2982385654677988,11253517.47192591,2.7916539530214507e-07
1.1281102245768104e-07,112.81102245768103,112811.02245768103,0.6483692557592425,0.35163074424075746,-0.29673851151848507,11253517.47192591,2.7916539530214507e-07
1.1295064005973263e-07,112.95064005973262,112950.64005973263,0.6476188625150843,0.35238113748491573,-0.29523772503016854,11253517.47192591,2.7916539530214507e-07
1.130902576617842e-07,113.09025766178421,113090.2576617842,0.6468681048538715,0.3531318951461285,-0.29373620970774295,11253517.47192591,2.7916539530214507e-07
1.1322987526383579e-07,113.2298752638358,113229.8752638358,0.6461169846289504,0.3538830153710496,-0.2922339692579008,11253517.47192591,2.7916539530214507e-07
1.1336949286588738e-07,113.36949286588738,113369.49286588738,0.6453655036945627,0.35463449630543736,-0.29073100738912533,11253517.47192591,2.7916539530214507e-07
1.1350911046793896e-07,113.50911046793897,113509.11046793895,0.6446136639058402,0.3553863360941598,-0.28922732781168037,11253517.47192591,2.7916539530214507e-07
1.1364872806999055e-07,113.64872806999055,113648.72806999055,0.6438614671188009,0.3561385328811991,-0.28772293423760176,11253517.47192591,2.7916539530214507e-07
1.1378834567204214e-07,113.78834567204214,113788.34567204214,0.6431089151903439,0.35689108480965615,-0.2862178303806877,11253517.47192591,2.7916539530214507e-07
1.1392796327409372e-07,113.92796327409371,113927.96327409372,0.6423560099782449,0.35764399002175506,-0.28471201995648987,11253517.47192591,2.7916539530214507e-07
1.1406758087614531e-07,114.06758087614531,114067.58087614531,0.6416027533411519,0.35839724665884803,-0.2832055066823039,11253517.47192591,2.7916539530214507e-07
1.1420719847819689e-07,114.20719847819689,114207.19847819688,0.6408491471385808,0.35915085286141923,-0.28169829427716153,11253517.47192591,2.7916539530214507e-07
1.1434681608024848e-07,114.34681608024847,114346.81608024848,0.6400951932309096,0.3599048067690905,-0.2801903864618191,11253517.47192591,2.7916539530214507e-07
1.1448643368230007e-07,114.48643368230006,114486.43368230006,0.6393408934793752,0.36065910652062483,-0.27868178695875034,11253517.47192591,2.7916539530214507e-07
1.1462605128435164e-07,114.62605128435165,114626.05128435165,0.6385862497460683,0.36141375025393174,-0.2771724994921365,11253517.47192591,2.7916539530214507e-07
1.1476566888640323e-07,114.76566888640323,114765.66888640323,0.6378312638939285,0.3621687361060715,-0.27566252778785705,11253517.47192591,2.7916539530214507e-07
1.1490528648845482e-07,114.90528648845482,114905.28648845482,0.6370759377867403,0.3629240622132597,-0.27415187557348064,11253517.47192591,2.7916539530214507e-07
1.150449040905064e-07,115.0449040905064,115044.9040905064,0.636320273289128,0.36367972671087195,-0.27264054657825604,11253517.47192591,2.7916539530214507e-07
1.1518452169255799e-07,115.184521692558,115184.52169255799,0.635564272266551,0.364435727733449,-0.271128544533102,11253517.47192591,2.7916539530214507e-07
1.1532413929460957e-07,115.32413929460957,115324.13929460957,0.6348079365853,0.3651920634147,-0.2696158731706,11253517.47192591,2.7916539530214507e-07
1.1546375689666116e-07,115.46375689666115,115463.75689666116,0.6340512681124912,0.3659487318875087,-0.26810253622498254,11253517.47192591,2.7916539530214507e-07
1.1560337449871275e-07,115.60337449871275,115603.37449871274,0.6332942687160631,0.3667057312839369,-0.2665885374321262,11253517.47192591,2.7916539530214507e-07
1.1574299210076433e-07,115.74299210076433,115742.99210076433,0.6325369402647704,0.36746305973522964,-0.26507388052954073,11253517.47192591,2.7916539530214507e-07
1.1588260970281592e-07,115.88260970281591,115882.60970281591,0.6317792846281804,0.36822071537181955,-0.2635585692563609,11253517.47192591,2.7916539530214507e-07
1.1602222730486751e-07,116.02222730486751,116022.22730486751,0.6310213036766684,0.3689786963233316,-0.26204260735333684,11253517.47192591,2.7916539530214507e-07
1.1616184490691908e-07,116.16184490691909,116161.84490691908,0.6302629992814125,0.3697370007185875,-0.260525998562825,11253517.47192591,2.7916539530214507e-07
1.1630146250897067e-07,116.30146250897067,116301.46250897067,0.6295043733143891,0.37049562668561087,-0.25900874662877826,11253517.47192591,2.7916539530214507e-07
1.1644108011102227e-07,116.44108011102226,116441.08011102227,0.6287454276483686,0.3712545723516314,-0.2574908552967372,11253517.47192591,2.7916539530214507e-07
1.1658069771307384e-07,116.58069771307385,116580.69771307384,0.6279861641569109,0.37201383584308906,-0.25597232831382183,11253517.47192591,2.7916539530214507e-07
1.1672031531512543e-07,116.72031531512543,116720.31531512544,0.6272265847143601,0.3727734152856399,-0.2544531694287202,11253517.47192591,2.7916539530214507e-07
1.1685993291717701e-07,116.859932917177,116859.93291717701,0.6264666911958403,0.3735333088041597,-0.2529333823916806,11253517.47192591,2.7916539530214507e-07
1.169995505192286e-07,116.9995505192286,116999.55051922861,0.6257064854772513,0.3742935145227487,-0.25141297095450255,11253517.47192591,2.7916539530214507e-07
1.1713916812128019e-07,117.13916812128019,117139.16812128019,0.6249459694352631,0.37505403056473685,-0.2498919388705263,11253517.47192591,2.7916539530214507e-07
1.1727878572333177e-07,117.27878572333177,117278.78572333176,0.6241851449473124,0.37581485505268764,-0.24837028989462473,11253517.47192591,2.7916539530214507e-07
1.1741840332538336e-07,117.41840332538335,117418.40332538336,0.6234240138915965,0.3765759861084035,-0.24684802778319304,11253517.47192591,2.7916539530214507e-07
1.1755802092743495e-07,117.55802092743495,117558.02092743495,0.6226625781470702,0.37733742185292984,-0.2453251562941403,11253517.47192591,2.7916539530214507e-07
1.1769763852948653e-07,117.69763852948653,117697.63852948653,0.6219008395934404,0.3780991604065596,-0.24380167918688084,11253517.47192591,2.7916539530214507e-07
1.1783725613153812e-07,117.83725613153811,117837.25613153812,0.6211388001111611,0.3788611998888389,-0.2422776002223222,11253517.47192591,2.7916539530214507e-07
1.1797687373358969e-07,117.9768737335897,117976.87373358969,0.6203764615814297,0.3796235384185704,-0.2407529231628593,11253517.47192591,2.7916539530214507e-07
1.1811649133564128e-07,118.11649133564129,118116.49133564129,0.6196138258861813,0.3803861741138187,-0.2392276517723626,11253517.47192591,2.7916539530214507e-07
1.1825610893769287e-07,118.25610893769287,118256.10893769287,0.6188508949080851,0.38114910509191485,-0.23770178981617024,11253517.47192591,2.7916539530214507e-07
1.1839572653974445e-07,118.39572653974444,118395.72653974446,0.6180876705305391,0.38191232946946085,-0.2361753410610783,11253517.47192591,2.7916539530214507e-07
1.1853534414179604e-07,118.53534414179605,118535.34414179604,0.6173241546376653,0.3826758453623347,-0.23464830927533065,11253517.47192591,2.7916539530214507e-07
1.1867496174384763e-07,118.67496174384763,118674.96174384763,0.6165603491143057,0.3834396508856943,-0.23312069822861137,11253517.47192591,2.7916539530214507e-07
1.1881457934589921e-07,118.8145793458992,118814.57934589921,0.615796255846017,0.3842037441539829,-0.23159251169203415,11253517.47192591,2.7916539530214507e-07
1.189541969479508e-07,118.9541969479508,118954.1969479508,0.6150318767190668,0.38496812328093327,-0.2300637534381335,11253517.47192591,2.7916539530214507e-07
1.1909381455000238e-07,119.09381455000238,119093.81455000238,0.6142672136204276,0.3857327863795724,-0.22853442724085515,11253517.47192591,2.7916539530214507e-07
1.1923343215205398e-07,119.23343215205398,119233.43215205398,0.6135022684377732,0.3864977315622268,-0.22700453687554645,11253517.47192591,2.7916539530214507e-07
1.1937304975410556e-07,119.37304975410555,119373.04975410555,0.6127370430594743,0.38726295694052576,-0.22547408611894854,11253517.47192591,2.7916539530214507e-07
1.1951266735615713e-07,119.51266735615714,119512.66735615714,0.6119715393745926,0.38802846062540736,-0.22394307874918523,11253517.47192591,2.7916539530214507e-07
1.196522849582087e-07,119.65228495820871,119652.28495820871,0.6112057592728771,0.3887942407271229,-0.22241151854575425,11253517.47192591,2.7916539530214507e-07
1.1979190256026031e-07,119.79190256026031,119791.90256026032,0.6104397046447593,0.3895602953552407,-0.22087940928951855,11253517.47192591,2.7916539530214507e-07
1.199315201623119e-07,119.9315201623119,119931.52016231189,0.6096733773813481,0.3903266226186519,-0.21934675476269616,11253517.47192591,2.7916539530214507e-07
1.2007113776436347e-07,120.07113776436347,120071.13776436346,0.6089067793744258,0.39109322062557417,-0.21781355874885167,11253517.47192591,2.7916539530214507e-07
1.2021075536641507e-07,120.21075536641507,120210.75536641508,0.6081399125164427,0.39186008748355733,-0.2162798250328854,11253517.47192591,2.7916539530214507e-07
1.2035037296846665e-07,120.35037296846664,120350.37296846665,0.6073727787005131,0.3926272212994869,-0.2147455574010262,11253517.47192591,2.7916539530214507e-07
1.2048999057051823e-07,120.48999057051823,120489.99057051823,0.6066053798204103,0.3933946201795897,-0.2132107596408206,11253517.47192591,2.7916539530214507e-07
1.2062960817256983e-07,120.62960817256983,120629.60817256983,0.6058377177705615,0.3941622822294385,-0.211675435541123,11253517.47192591,2.7916539530214507e-07
1.207692257746214e-07,120.7692257746214,120769.2257746214,0.6050697944460444,0.39493020555395564,-0.21013958889208872,11253517.47192591,2.7916539530214507e-07
1.2090884337667298e-07,120.90884337667299,120908.84337667299,0.6043016117425808,0.3956983882574192,-0.20860322348516158,11253517.47192591,2.7916539530214507e-07
1.210484609787246e-07,121.04846097872459,121048.46097872459,0.6035331715565333,0.39646682844346665,-0.20706634311306665,11253517.47192591,2.7916539530214507e-07
1.2118807858077617e-07,121.18807858077616,121188.07858077617,0.6027644757849002,0.3972355242150998,-0.20552895156980044,11253517.47192591,2.7916539530214507e-07
1.2132769618282774e-07,121.32769618282774,121327.69618282774,0.6019955263253107,0.39800447367468933,-0.2039910526506214,11253517.47192591,2.7916539530214507e-07
1.2146731378487935e-07,121.46731378487935,121467.31378487934,0.6012263250760197,0.39877367492398036,-0.20245265015203934,11253517.47192591,2.7916539530214507e-07
1.2160693138693092e-07,121.60693138693092,121606.93138693093,0.6004568739359044,0.39954312606409553,-0.20091374787180888,11253517.47192591,2.7916539530214507e-07
1.217465489889825e-07,121.7465489889825,121746.5489889825,0.599687174804459,0.40031282519554107,-0.19937434960891792,11253517.47192591,2.7916539530214507e-07
1.218861665910341e-07,121.8861665910341,121886.16659103411,0.5989172295817887,0.4010827704182112,-0.1978344591635775,11253517.47192591,2.7916539530214507e-07
1.2202578419308568e-07,122.02578419308568,122025.78419308568,0.5981470401686079,0.4018529598313921,-0.1962940803372158,11253517.47192591,2.7916539530214507e-07
1.2216540179513726e-07,122.16540179513726,122165.40179513725,0.5973766084662324,0.4026233915337676,-0.19475321693246483,11253517.47192591,2.7916539530214507e-07
1.2230501939718884e-07,122.30501939718883,122305.01939718884,0.596605936376577,0.403394063623423,-0.193211872753154,11253517.47192591,2.7916539530214507e-07
1.2244463699924044e-07,122.44463699924044,122444.63699924044,0.5958350258021492,0.40416497419785086,-0.19167005160429834,11253517.47192591,2.7916539530214507e-07
1.2258425460129202e-07,122.58425460129202,122584.25460129202,0.595063878646046,0.40493612135395396,-0.19012775729209208,11253517.47192591,2.7916539530214507e-07
1.227238722033436e-07,122.72387220334359,122723.87220334359,0.594292496811948,0.40570750318805204,-0.1885849936238959,11253517.47192591,2.7916539530214507e-07
1.228634898053952e-07,122.86348980539519,122863.48980539519,0.5935208822041149,0.406479117795885,-0.1870417644082299,11253517.47192591,2.7916539530214507e-07
1.2300310740744677e-07,123.00310740744678,123003.10740744678,0.592749036727382,0.407250963272618,-0.185498073454764,11253517.47192591,2.7916539530214507e-07
1.2314272500949835e-07,123.14272500949835,123142.72500949835,0.5919769622871532,0.40802303771284676,-0.18395392457430648,11253517.47192591,2.7916539530214507e-07
1.2328234261154995e-07,123.28234261154995,123282.34261154996,0.5912046607893987,0.4087953392106013,-0.1824093215787974,11253517.47192591,2.7916539530214507e-07
1.2342196021360153e-07,123.42196021360154,123421.96021360153,0.5904321341406487,0.40956786585935134,-0.1808642682812973,11253517.47192591,2.7916539530214507e-07
1.235615778156531e-07,123.56157781565311,123561.5778156531,0.5896593842479892,0.41034061575201075,-0.1793187684959785,11253517.47192591,2.7916539530214507e-07
1.237011954177047e-07,123.70119541770471,123701.19541770472,0.5888864130190576,0.4111135869809424,-0.17777282603811523,11253517.47192591,2.7916539530214507e-07
1.238408130197563e-07,123.84081301975628,123840.81301975629,0.5881132223620376,0.4118867776379624,-0.17622644472407517,11253517.47192591,2.7916539530214507e-07
1.2398043062180787e-07,123.98043062180787,123980.43062180787,0.5873398141856544,0.4126601858143456,-0.1746796283713088,11253517.47192591,2.7916539530214507e-07
1.2412004822385947e-07,124.12004822385947,124120.04822385947,0.5865661903991701,0.41343380960082987,-0.17313238079834026,11253517.47192591,2.7916539530214507e-07
1.2425966582591105e-07,124.25966582591104,124259.66582591104,0.5857923529123799,0.41420764708762015,-0.1715847058247597,11253517.47192591,2.7916539530214507e-07
1.2439928342796262e-07,124.39928342796263,124399.28342796263,0.5850183036356053,0.41498169636439475,-0.1700366072712105,11253517.47192591,2.7916539530214507e-07
1.245389010300142e-07,124.5389010300142,124538.9010300142,0.5842440444796916,0.4157559555203084,-0.16848808895938316,11253517.47192591,2.7916539530214507e-07
1.246785186320658e-07,124.6785186320658,124678.51863206581,0.5834695773560015,0.41653042264399853,-0.16693915471200294,11253517.47192591,2.7916539530214507e-07
1.2481813623411738e-07,124.81813623411738,124818.13623411738,0.5826949041764119,0.4173050958235881,-0.1653898083528238,11253517.47192591,2.7916539530214507e-07
1.2495775383616896e-07,124.95775383616896,124957.75383616897,0.5819200268533076,0.4180799731466924,-0.1638400537066152,11253517.47192591,2.7916539530214507e-07
1.2509737143822056e-07,125.09737143822056,125097.37143822057,0.5811449472995778,0.4188550527004222,-0.16228989459915555,11253517.47192591,2.7916539530214507e-07
1.2523698904027214e-07,125.23698904027214,125236.98904027214,0.580369667428611,0.41963033257138904,-0.16073933485722192,11253517.47192591,2.7916539530214507e-07
1.2537660664232372e-07,125.37660664232372,125376.60664232372,0.5795941891542898,0.42040581084571016,-0.15918837830857968,11253517.47192591,2.7916539530214507e-07
1.2551622424437532e-07,125.51622424437532,125516.22424437532,0.5788185143909867,0.4211814856090132,-0.15763702878197355,11253517.47192591,2.7916539530214507e-07
1.256558418464269e-07,125.6558418464269,125655.84184642689,0.5780426450535598,0.42195735494644016,-0.1560852901071197,11253517.47192591,2.7916539530214507e-07
1.2579545944847847e-07,125.79545944847847,125795.45944847848,0.577266583057347,0.422733416942653,-0.15453316611469403,11253517.47192591,2.7916539530214507e-07
1.2593507705053008e-07,125.93507705053008,125935.07705053008,0.5764903303181615,0.4235096696818385,-0.15298066063632304,11253517.47192591,2.7916539530214507e-07
1.2607469465258166e-07,126.07469465258166,126074.69465258166,0.5757138887522883,0.42428611124771165,-0.1514277775045767,11253517.47192591,2.7916539530214507e-07
1.2621431225463323e-07,126.21431225463323,126214.31225463323,0.5749372602764778,0.42506273972352215,-0.1498745205529557,11253517.47192591,2.7916539530214507e-07
1.2635392985668484e-07,126.35392985668484,126353.92985668483,0.574160446807942,0.4258395531920581,-0.1483208936158839,11253517.47192591,2.7916539530214507e-07
1.2649354745873641e-07,126.49354745873642,126493.54745873642,0.5733834502643498,0.4266165497356502,-0.14676690052869956,11253517.47192591,2.7916539530214507e-07
1.26633165060788e-07,126.63316506078799,126633.16506078799,0.5726062725638218,0.42739372743617815,-0.14521254512764364,11253517.47192591,2.7916539530214507e-07
1.267727826628396e-07,126.77278266283959,126772.7826628396,0.5718289156249257,0.4281710843750743,-0.14365783124985138,11253517.47192591,2.7916539530214507e-07
1.2691240026489117e-07,126.91240026489118,126912.40026489117,0.5710513813666721,0.4289486186333279,-0.1421027627333442,11253517.47192591,2.7916539530214507e-07
1.2705201786694275e-07,127.05201786694275,127052.01786694276,0.5702736717085092,0.4297263282914908,-0.14054734341701836,11253517.47192591,2.7916539530214507e-07
1.2719163546899433e-07,127.19163546899432,127191.63546899433,0.5694957885703177,0.4305042114296823,-0.13899157714063537,11253517.47192591,2.7916539530214507e-07
1.2733125307104593e-07,127.33125307104594,127331.25307104593,0.5687177338724072,0.4312822661275928,-0.1374354677448144,11253517.47192591,2.7916539530214507e-07
1.274708706730975e-07,127.47087067309751,127470.87067309751,0.5679395095355104,0.4320604904644895,-0.1358790190710209,11253517.47192591,2.7916539530214507e-07
1.2761048827514908e-07,127.61048827514908,127610.48827514908,0.5671611174807794,0.43283888251922065,-0.1343222349615587,11253517.47192591,2.7916539530214507e-07
1.277501058772007e-07,127.75010587720068,127750.10587720068,0.5663825596297792,0.4336174403702208,-0.13276511925955842,11253517.47192591,2.7916539530214507e-07
1.2788972347925226e-07,127.88972347925227,127889.72347925226,0.5656038379044852,0.43439616209551474,-0.13120767580897047,11253517.47192591,2.7916539530214507e-07
1.2802934108130384e-07,128.02934108130384,128029.34108130384,0.5648249542272771,0.435175045772723,-0.1296499084545541,11253517.47192591,2.7916539530214507e-07
1.2816895868335544e-07,128.16895868335544,128168.95868335545,0.5640459105209336,0.43595408947906644,-0.12809182104186712,11253517.47192591,2.7916539530214507e-07
1.2830857628540702e-07,128.308576285407,128308.57628540702,0.5632667087086296,0.43673329129137034,-0.12653341741725926,11253517.47192591,2.7916539530214507e-07
1.284481938874586e-07,128.4481938874586,128448.1938874586,0.5624873507139296,0.43751264928607037,-0.12497470142785927,11253517.47192591,2.7916539530214507e-07
1.285878114895102e-07,128.58781148951022,128587.8114895102,0.5617078384607838,0.4382921615392162,-0.12341567692156757,11253517.47192591,2.7916539530214507e-07
1.2872742909156178e-07,128.7274290915618,128727.42909156177,0.5609281738735232,0.4390718261264767,-0.12185634774704651,11253517.47192591,2.7916539530214507e-07
1.2886704669361336e-07,128.86704669361336,128867.04669361336,0.5601483588768552,0.4398516411231448,-0.12029671775371042,11253517.47192591,2.7916539530214507e-07
1.2900666429566496e-07,129.00666429566496,129006.66429566496,0.5593683953958577,0.4406316046041423,-0.1187367907917154,11253517.47192591,2.7916539530214507e-07
1.2914628189771654e-07,129.14628189771653,129146.28189771654,0.558588285355976,0.44141171464402396,-0.11717657071195209,11253517.47192591,2.7916539530214507e-07
1.2928589949976811e-07,129.2858994997681,129285.89949976811,0.557808030683017,0.442191969316983,-0.11561606136603397,11253517.47192591,2.7916539530214507e-07
1.294255171018197e-07,129.42551710181968,129425.51710181969,0.5570276333031442,0.44297236669685575,-0.11405526660628845,11253517.47192591,2.7916539530214507e-07
1.295651347038713e-07,129.5651347038713,129565.1347038713,0.5562470951428736,0.4437529048571264,-0.11249419028574725,11253517.47192591,2.7916539530214507e-07
1.2970475230592287e-07,129.70475230592288,129704.75230592287,0.5554664181290692,0.44453358187093084,-0.11093283625813832,11253517.47192591,2.7916539530214507e-07
1.2984436990797445e-07,129.84436990797445,129844.36990797445,0.5546856041889373,0.44531439581106275,-0.10937120837787456,11253517.47192591,2.7916539530214507e-07
1.2998398751002605e-07,129.98398751002605,129983.98751002605,0.553904655250022,0.44609534474997803,-0.10780931050004394,11253517.47192591,2.7916539530214507e-07
1.3012360511207763e-07,130.12360511207763,130123.60511207762,0.5531235732402014,0.44687642675979855,-0.1062471464804029,11253517.47192591,2.7916539530214507e-07
1.302632227141292e-07,130.2632227141292,130263.22271412921,0.5523423600876816,0.44765763991231844,-0.10468472017536312,11253517.47192591,2.7916539530214507e-07
1.304028403161808e-07,130.4028403161808,130402.84031618081,0.5515610177209923,0.4484389822790077,-0.10312203544198462,11253517.47192591,2.7916539530214507e-07
1.305424579182324e-07,130.5424579182324,130542.4579182324,0.5507795480689828,0.4492204519310172,-0.1015590961379656,11253517.47192591,2.7916539530214507e-07
1.3068207552028397e-07,130.68207552028397,130682.07552028396,0.549997953060816,0.450002046939184,-0.099995906121632,11253517.47192591,2.7916539530214507e-07
1.3082169312233557e-07,130.82169312233557,130821.69312233556,0.5492162346259646,0.45078376537403547,-0.09843246925192911,11253517.47192591,2.7916539530214507e-07
1.3096131072438715e-07,130.96131072438715,130961.31072438715,0.5484343946942057,0.45156560530579426,-0.09686878938841148,11253517.47192591,2.7916539530214507e-07
1.3110092832643872e-07,131.10092832643872,131100.92832643873,0.5476524351956169,0.4523475648043831,-0.09530487039123381,11253517.47192591,2.7916539530214507e-07
1.3124054592849033e-07,131.24054592849032,131240.54592849032,0.5468703580605702,0.45312964193942984,-0.09374071612114032,11253517.47192591,2.7916539530214507e-07
1.313801635305419e-07,131.3801635305419,131380.1635305419,0.5460881652197287,0.4539118347802713,-0.09217633043945739,11253517.47192591,2.7916539530214507e-07
1.3151978113259348e-07,131.5197811325935,131519.7811325935,0.5453058586040406,0.4546941413959594,-0.0906117172080812,11253517.47192591,2.7916539530214507e-07
1.3165939873464508e-07,131.6593987346451,131659.39873464507,0.5445234401447353,0.45547655985526475,-0.08904688028947055,11253517.47192591,2.7916539530214507e-07
1.3179901633669666e-07,131.79901633669667,131799.01633669666,0.5437409117733183,0.45625908822668165,-0.08748182354663664,11253517.47192591,2.7916539530214507e-07
1.3193863393874824e-07,131.93863393874824,131938.63393874824,0.5429582754215663,0.4570417245784338,-0.08591655084313249,11253517.47192591,2.7916539530214507e-07
1.3207825154079982e-07,132.0782515407998,132078.25154079983,0.5421755330215225,0.4578244669784775,-0.08435106604304504,11253517.47192591,2.7916539530214507e-07
1.3221786914285142e-07,132.2178691428514,132217.8691428514,0.5413926865054919,0.4586073134945081,-0.08278537301098376,11253517.47192591,2.7916539530214507e-07
1.32357486744903e-07,132.35748674490299,132357.486744903,0.5406097378060369,0.45939026219396306,-0.08121947561207388,11253517.47192591,2.7916539530214507e-07
1.3249710434695457e-07,132.4971043469546,132497.10434695458,0.5398266888559717,0.46017331114402826,-0.07965337771194347,11253517.47192591,2.7916539530214507e-07
1.3263672194900618e-07,132.6367219490062,132636.72194900617,0.5390435415883581,0.4609564584116419,-0.0780870831767162,11253517.47192591,2.7916539530214507e-07
1.3277633955105775e-07,132.77633955105776,132776.33955105775,0.5382602979365009,0.4617397020634991,-0.07652059587300175,11253517.47192591,2.7916539530214507e-07
1.3291595715310933e-07,132.91595715310933,132915.95715310934,0.5374769598339425,0.46252304016605755,-0.07495391966788495,11253517.47192591,2.7916539530214507e-07
1.3305557475516094e-07,133.05557475516093,133055.57475516092,0.5366935292144582,0.46330647078554177,-0.07338705842891646,11253517.47192591,2.7916539530214507e-07
1.331951923572125e-07,133.1951923572125,133195.1923572125,0.5359100080120526,0.4640899919879474,-0.07182001602410515,11253517.47192591,2.7916539530214507e-07
1.333348099592641e-07,133.33480995926408,133334.8099592641,0.5351263981609532,0.46487360183904686,-0.07025279632190634,11253517.47192591,2.7916539530214507e-07
1.334744275613157e-07,133.47442756131568,133474.42756131568,0.5343427015956062,0.4656572984043938,-0.06868540319121236,11253517.47192591,2.7916539530214507e-07
1.3361404516336727e-07,133.61404516336728,133614.04516336726,0.5335589202506726,0.46644107974932736,-0.06711784050134528,11253517.47192591,2.7916539530214507e-07
1.3375366276541885e-07,133.75366276541885,133753.66276541885,0.5327750560610222,0.46722494393897784,-0.06555011212204431,11253517.47192591,2.7916539530214507e-07
1.3389328036747045e-07,133.89328036747045,133893.28036747046,0.531991110961729,0.468008889038271,-0.06398222192345804,11253517.47192591,2.7916539530214507e-07
1.3403289796952203e-07,134.03289796952203,134032.89796952202,0.5312070868880676,0.46879291311193233,-0.062414173776135284,11253517.47192591,2.7916539530214507e-07
1.341725155715736e-07,134.1725155715736,134172.5155715736,0.5304229857755071,0.469577014224493,-0.060845971551014066,11253517.47192591,2.7916539530214507e-07
1.343121331736252e-07,134.3121331736252,134312.13317362522,0.5296388095597061,0.4703611904402939,-0.059277619119412206,11253517.47192591,2.7916539530214507e-07
1.3445175077567679e-07,134.4517507756768,134451.75077567677,0.5288545601765099,0.4711454398234901,-0.05770912035301978,11253517.47192591,2.7916539530214507e-07
1.3459136837772836e-07,134.59136837772837,134591.36837772836,0.5280702395619437,0.47192976043805634,-0.05614047912388731,11253517.47192591,2.7916539530214507e-07
1.3473098597977994e-07,134.73098597977994,134730.98597977994,0.5272858496522084,0.47271415034779163,-0.05457169930441674,11253517.47192591,2.7916539530214507e-07
1.3487060358183154e-07,134.87060358183155,134870.60358183156,0.5265013923836762,0.47349860761632373,-0.053002784767352484,11253517.47192591,2.7916539530214507e-07
1.3501022118388312e-07,135.01022118388312,135010.2211838831,0.5257168696928859,0.47428313030711416,-0.051433739385771726,11253517.47192591,2.7916539530214507e-07
1.351498387859347e-07,135.1498387859347,135149.8387859347,0.5249322835165372,0.4750677164834628,-0.0498645670330744,11253517.47192591,2.7916539530214507e-07
1.352894563879863e-07,135.2894563879863,135289.4563879863,0.5241476357914867,0.4758523642085133,-0.04829527158297342,11253517.47192591,2.7916539530214507e-07
1.3542907399003788e-07,135.4290739900379,135429.07399003787,0.5233629284547433,0.47663707154525664,-0.04672585690948666,11253517.47192591,2.7916539530214507e-07
1.3556869159208946e-07,135.56869159208946,135568.69159208945,0.5225781634434629,0.4774218365565371,-0.04515632688692578,11253517.47192591,2.7916539530214507e-07
1.3570830919414106e-07,135.70830919414107,135708.30919414107,0.5217933426949433,0.47820665730505674,-0.043586685389886526,11253517.47192591,2.7916539530214507e-07
1.3584792679619264e-07,135.84792679619264,135847.92679619262,0.5210084681466206,0.4789915318533794,-0.042016936293241214,11253517.47192591,2.7916539530214507e-07
1.3598754439824421e-07,135.9875443982442,135987.5443982442,0.5202235417360632,0.4797764582639368,-0.040447083472126444,11253517.47192591,2.7916539530214507e-07
1.3612716200029582e-07,136.1271620002958,136127.16200029582,0.5194385654009678,0.4805614345990322,-0.038877130801935555,11253517.47192591,2.7916539530214507e-07
1.362667796023474e-07,136.26677960234738,136266.7796023474,0.5186535410791542,0.48134645892084577,-0.03730708215830841,11253517.47192591,2.7916539530214507e-07
1.3640639720439897e-07,136.40639720439898,136406.39720439896,0.5178684707085609,0.48213152929143904,-0.03573694141712186,11253517.47192591,2.7916539530214507e-07
1.3654601480645057e-07,136.5460148064506,136546.01480645058,0.5170833562272397,0.4829166437727604,-0.034166712454479276,11253517.47192591,2.7916539530214507e-07
1.3668563240850215e-07,136.68563240850216,136685.63240850216,0.5162981995733514,0.4837018004266485,-0.032596399146702926,11253517.47192591,2.7916539530214507e-07
1.3682525001055373e-07,136.82525001055373,136825.25001055372,0.5155130026851615,0.48448699731483846,-0.031026005370323073,11253517.47192591,2.7916539530214507e-07
1.369648676126053e-07,136.9648676126053,136964.8676126053,0.514727767501034,0.485272232498966,-0.02945553500206799,11253517.47192591,2.7916539530214507e-07
1.371044852146569e-07,137.1044852146569,137104.48521465692,0.5139424959594275,0.4860575040405725,-0.027884991918855018,11253517.47192591,2.7916539530214507e-07
1.372441028167085e-07,137.24410281670848,137244.10281670847,0.513157189998891,0.486842810001109,-0.026314379997782023,11253517.47192591,2.7916539530214507e-07
1.3738372041876006e-07,137.38372041876008,137383.72041876006,0.5123718515580581,0.4876281484419419,-0.024743703116116178,11253517.47192591,2.7916539530214507e-07
1.3752333802081167e-07,137.52333802081168,137523.33802081167,0.5115864825756422,0.4884135174243578,-0.02317296515128442,11253517.47192591,2.7916539530214507e-07
1.3766295562286324e-07,137.66295562286325,137662.95562286326,0.510801084990433,0.489198915009567,-0.02160216998086595,11253517.47192591,2.7916539530214507e-07
1.3780257322491482e-07,137.80257322491482,137802.5732249148,0.5100156607412898,0.48998433925871016,-0.020031321482579634,11253517.47192591,2.7916539530214507e-07
1.3794219082696643e-07,137.94219082696642,137942.19082696643,0.5092302117671383,0.49076978823286166,-0.018460423534276682,11253517.47192591,2.7916539530214507e-07
1.38081808429018e-07,138.081808429018,138081.808429018,0.5084447400069655,0.49155525999303445,-0.016889480013931035,11253517.47192591,2.7916539530214507e-07
1.3822142603106958e-07,138.22142603106957,138221.42603106957,0.5076592473998139,0.49234075260018606,-0.01531849479962788,11253517.47192591,2.7916539530214507e-07
1.3836104363312118e-07,138.36104363312117,138361.04363312118,0.506873735884778,0.49312626411522203,-0.013747471769555986,11253517.47192591,2.7916539530214507e-07
1.3850066123517276e-07,138.50066123517277,138500.66123517277,0.5060882074009987,0.4939117925990013,-0.012176414801997382,11253517.47192591,2.7916539530214507e-07
1.3864027883722434e-07,138.64027883722434,138640.27883722432,0.5053026638876592,0.49469733611234085,-0.010605327775318363,11253517.47192591,2.7916539530214507e-07
1.3877989643927594e-07,138.77989643927594,138779.89643927594,0.504517107283979,0.495482892716021,-0.009034214567958054,11253517.47192591,2.7916539530214507e-07
1.3891951404132752e-07,138.91951404132752,138919.51404132752,0.5037315395292111,0.4962684604707889,-0.007463079058422251,11253517.47192591,2.7916539530214507e-07
1.390591316433791e-07,139.0591316433791,139059.1316433791,0.5029459625626349,0.49705403743736515,-0.005891925125269759,11253517.47192591,2.7916539530214507e-07
1.391987492454307e-07,139.1987492454307,139198.7492454307,0.502160378323553,0.497839621676447,-0.004320756647105961,11253517.47192591,2.7916539530214507e-07
1.3933836684748228e-07,139.33836684748226,139338.36684748228,0.5013747887512863,0.49862521124871373,-0.002749577502572542,11253517.47192591,2.7916539530214507e-07
1.3947798444953385e-07,139.47798444953386,139477.98444953386,0.5005891957851681,0.49941080421483186,-0.001178391570336279,11253517.47192591,2.7916539530214507e-07
1.3961760205158543e-07,139.61760205158544,139617.60205158542,0.49980360136454094,0.5001963986354591,0.00039279727091812155,11253517.47192591,2.7916539530214507e-07
1.3975721965363703e-07,139.75721965363704,139757.21965363703,0.49901800742875,0.50098199257125,0.0019639851424999577,11253517.47192591,2.7916539530214507e-07
1.398968372556886e-07,139.8968372556886,139896.83725568862,0.49823241591714035,0.5017675840828597,0.00353516816571936,11253517.47192591,2.7916539530214507e-07
1.400364548577402e-07,140.03645485774018,140036.4548577402,0.49744682876905,0.50255317123095,0.005106342461900004,11253517.47192591,2.7916539530214507e-07
1.401760724597918e-07,140.17607245979178,140176.0724597918,0.49666124792380684,0.5033387520761932,0.0066775041523863266,11253517.47192591,2.7916539530214507e-07
1.4031569006184337e-07,140.31569006184336,140315.69006184337,0.4958756753207233,0.5041243246792767,0.008248649358553406,11253517.47192591,2.7916539530214507e-07
1.4045530766389495e-07,140.45530766389496,140455.30766389496,0.495090112899091,0.504909887100909,0.00981977420181801,11253517.47192591,2.7916539530214507e-07
1.4059492526594655e-07,140.59492526594656,140594.92526594654,0.4943045625981764,0.5056954374018237,0.011390874803647255,11253517.47192591,2.7916539530214507e-07
1.4073454286799813e-07,140.73454286799813,140734.54286799813,0.4935190263572166,0.5064809736427833,0.01296194728556671,11253517.47192591,2.7916539530214507e-07
1.408741604700497e-07,140.8741604700497,140874.1604700497,0.4927335061154138,0.5072664938845862,0.014532987769172445,11253517.47192591,2.7916539530214507e-07
1.410137780721013e-07,141.0137780721013,141013.7780721013,0.49194800381193005,0.50805199618807,0.01610399237613991,11253517.47192591,2.7916539530214507e-07
1.4115339567415288e-07,141.15339567415288,141153.39567415288,0.49116252138588423,0.5088374786141158,0.017674957228231536,11253517.47192591,2.7916539530214507e-07
1.4129301327620446e-07,141.29301327620445,141293.01327620447,0.49037706077634513,0.5096229392236549,0.01924587844730974,11253517.47192591,2.7916539530214507e-07
1.4143263087825607e-07,141.43263087825608,141432.63087825605,0.48959162392232813,0.5104083760776719,0.020816752155343732,11253517.47192591,2.7916539530214507e-07
1.4157224848030764e-07,141.57224848030765,141572.24848030764,0.4888062127627903,0.5111937872372098,0.02238757447441947,11253517.47192591,2.7916539530214507e-07
1.4171186608235922e-07,141.71186608235922,141711.86608235922,0.48802082923662465,0.5119791707633753,0.023958341526750637,11253517.47192591,2.7916539530214507e-07
1.418514836844108e-07,141.8514836844108,141851.4836844108,0.48723547528265626,0.5127645247173438,0.025529049434687534,11253517.47192591,2.7916539530214507e-07
1.419911012864624e-07,141.9911012864624,141991.1012864624,0.48645015283963705,0.513549847160363,0.027099694320725953,11253517.47192591,2.7916539530214507e-07
1.4213071888851398e-07,142.13071888851397,142130.71888851398,0.48566486384624175,0.5143351361537583,0.02867027230751651,11253517.47192591,2.7916539530214507e-07
1.4227033649056555e-07,142.27033649056554,142270.33649056556,0.48487961024106163,0.5151203897589384,0.030240779517876737,11253517.47192591,2.7916539530214507e-07
1.4240995409261716e-07,142.40995409261717,142409.95409261715,0.4840943939626012,0.5159056060373988,0.03181121207479759,11253517.47192591,2.7916539530214507e-07
1.4254957169466874e-07,142.54957169466874,142549.57169466873,0.48330921694927265,0.5166907830507274,0.03338156610145471,11253517.47192591,2.7916539530214507e-07
1.426891892967203e-07,142.68918929672031,142689.18929672032,0.4825240811393914,0.5174759188606086,0.03495183772121724,11253517.47192591,2.7916539530214507e-07
1.4282880689877192e-07,142.82880689877192,142828.8068987719,0.4817389884711705,0.5182610115288295,0.036522023057659,11253517.47192591,2.7916539530214507e-07
1.429684245008235e-07,142.9684245008235,142968.4245008235,0.48095394088271753,0.5190460591172824,0.038092118234564876,11253517.47192591,2.7916539530214507e-07
1.4310804210287507e-07,143.10804210287506,143108.04210287507,0.48016894031202817,0.5198310596879718,0.03966211937594366,11253517.47192591,2.7916539530214507e-07
1.4324765970492667e-07,143.24765970492666,143247.6597049267,0.47938398869698173,0.5206160113030183,0.041232022606036534,11253517.47192591,2.7916539530214507e-07
1.4338727730697825e-07,143.38727730697826,143387.27730697824,0.4785990879753376,0.5214009120246624,0.04280182404932481,11253517.47192591,2.7916539530214507e-07
1.4352689490902983e-07,143.52689490902983,143526.89490902983,0.47781424008472856,0.5221857599152714,0.04437151983054283,11253517.47192591,2.7916539530214507e-07
1.4366651251108143e-07,143.66651251108144,143666.51251108144,0.47702944696265753,0.5229705530373424,0.04594110607468488,11253517.47192591,2.7916539530214507e-07
1.43806130113133e-07,143.806130113133,143806.130113133,0.4762447105464921,0.5237552894535079,0.04751057890701582,11253517.47192591,2.7916539530214507e-07
1.4394574771518459e-07,143.94574771518458,143945.74771518458,0.47546003277345994,0.5245399672265401,0.04907993445308012,11253517.47192591,2.7916539530214507e-07
1.440853653172362e-07,144.08536531723618,144085.3653172362,0.4746754155806436,0.5253245844193565,0.0506491688387129,11253517.47192591,2.7916539530214507e-07
1.4422498291928777e-07,144.22498291928775,144224.98291928778,0.47389086090497656,0.5261091390950234,0.052218278190046874,11253517.47192591,2.7916539530214507e-07
1.4436460052133934e-07,144.36460052133936,144364.60052133934,0.4731063706832379,0.5268936293167621,0.05378725863352418,11253517.47192591,2.7916539530214507e-07
1.4450421812339092e-07,144.50421812339093,144504.21812339092,0.4723219468520473,0.5276780531479527,0.05535610629590537,11253517.47192591,2.7916539530214507e-07
1.4464383572544252e-07,144.64383572544253,144643.83572544254,0.47153759134786044,0.5284624086521396,0.05692481730427912,11253517.47192591,2.7916539530214507e-07
1.447834533274941e-07,144.7834533274941,144783.4533274941,0.47075330610696486,0.5292466938930351,0.05849338778607027,11253517.47192591,2.7916539530214507e-07
1.4492307092954568e-07,144.92307092954567,144923.07092954568,0.4699690930654745,0.5300309069345255,0.06006181386905096,11253517.47192591,2.7916539530214507e-07
1.4506268853159728e-07,145.06268853159727,145062.6885315973,0.4691849541593245,0.5308150458406755,0.06163009168135103,11253517.47192591,2.7916539530214507e-07
1.4520230613364886e-07,145.20230613364885,145202.30613364885,0.4684008913242679,0.5315991086757321,0.06319821735146425,11253517.47192591,2.7916539530214507e-07
1.4534192373570044e-07,145.34192373570045,145341.92373570043,0.46761690649586907,0.5323830935041309,0.06476618700826187,11253517.47192591,2.7916539530214507e-07
1.4548154133775204e-07,145.48154133775205,145481.54133775205,0.4668330016095003,0.5331669983904997,0.06633399678099944,11253517.47192591,2.7916539530214507e-07
1.4562115893980362e-07,145.62115893980362,145621.15893980363,0.4660491786003367,0.5339508213996633,0.06790164279932664,11253517.47192591,2.7916539530214507e-07
1.457607765418552e-07,145.7607765418552,145760.7765418552,0.4652654394033507,0.5347345605966494,0.06946912119329868,11253517.47192591,2.7916539530214507e-07
1.459003941439068e-07,145.9003941439068,145900.3941439068,0.4644817859533082,0.5355182140466919,0.07103642809338367,11253517.47192591,2.7916539530214507e-07
1.4604001174595837e-07,146.04001174595837,146040.01174595839,0.46369822018476337,0.5363017798152366,0.07260355963047327,11253517.47192591,2.7916539530214507e-07
1.4617962934800995e-07,146.17962934800994,146179.62934800994,0.46291474403205396,0.537085255967946,0.07417051193589203,11253517.47192591,2.7916539530214507e-07
1.4631924695006156e-07,146.31924695006157,146319.24695006156,0.4621313594292962,0.5378686405707038,0.07573728114140765,11253517.47192591,2.7916539530214507e-07
1.4645886455211313e-07,146.45886455211314,146458.86455211314,0.4613480683103809,0.5386519316896191,0.07730386337923822,11253517.47192591,2.7916539530214507e-07
1.465984821541647e-07,146.5984821541647,146598.4821541647,0.4605648726089674,0.5394351273910326,0.07887025478206522,11253517.47192591,2.7916539530214507e-07
1.467380997562163e-07,146.7380997562163,146738.09975621628,0.45978177425848016,0.5402182257415199,0.08043645148303974,11253517.47192591,2.7916539530214507e-07
1.468777173582679e-07,146.8777173582679,146877.7173582679,0.4589987751921025,0.5410012248078975,0.08200244961579495,11253517.47192591,2.7916539530214507e-07
1.4701733496031947e-07,147.01733496031946,147017.33496031948,0.4582158773427736,0.5417841226572264,0.08356824531445284,11253517.47192591,2.7916539530214507e-07
1.4715695256237104e-07,147.15695256237103,147156.95256237104,0.4574330826431822,0.5425669173568177,0.0851338347136355,11253517.47192591,2.7916539530214507e-07
1.4729657016442265e-07,147.29657016442266,147296.57016442265,0.45665039302576227,0.5433496069742377,0.08669921394847546,11253517.47192591,2.7916539530214507e-07
1.4743618776647423e-07,147.43618776647423,147436.18776647424,0.4558678104226889,0.544132189577311,0.0882643791546221,11253517.47192591,2.7916539530214507e-07
1.475758053685258e-07,147.5758053685258,147575.8053685258,0.45508533676587254,0.5449146632341275,0.08982932646825498,11253517.47192591,2.7916539530214507e-07
1.477154229705774e-07,147.7154229705774,147715.4229705774,0.45430297398695485,0.5456970260130451,0.0913940520260903,11253517.47192591,2.7916539530214507e-07
1.4785504057262898e-07,147.85504057262898,147855.040572629,0.4535207240173038,0.5464792759826962,0.09295855196539238,11253517.47192591,2.7916539530214507e-07
1.4799465817468056e-07,147.99465817468055,147994.65817468055,0.452738588788009,0.547261411211991,0.09452282242398202,11253517.47192591,2.7916539530214507e-07
1.4813427577673216e-07,148.13427577673215,148134.27577673216,0.4519565702298763,0.5480434297701238,0.09608685954024748,11253517.47192591,2.7916539530214507e-07
1.4827389337878374e-07,148.27389337878375,148273.89337878374,0.4511746702734242,0.5488253297265758,0.0976506594531516,11253517.47192591,2.7916539530214507e-07
1.4841351098083532e-07,148.41351098083533,148413.51098083533,0.4503928908488782,0.5496071091511219,0.0992142183022437,11253517.47192591,2.7916539530214507e-07
1.4855312858288692e-07,148.55312858288693,148553.12858288691,0.4496112338861657,0.5503887661138344,0.10077753222766866,11253517.47192591,2.7916539530214507e-07
1.486927461849385e-07,148.6927461849385,148692.7461849385,0.44882970131491273,0.5511702986850873,0.10234059737017454,11253517.47192591,2.7916539530214507e-07
1.4883236378699008e-07,148.83236378699007,148832.36378699008,0.4480482950644375,0.5519517049355626,0.10390340987112506,11253517.47192591,2.7916539530214507e-07
1.4897198138904168e-07,148.97198138904167,148971.98138904167,0.44726701706374655,0.5527329829362534,0.10546596587250684,11253517.47192591,2.7916539530214507e-07
1.4911159899109326e-07,149.11159899109325,149111.59899109325,0.4464858692415303,0.5535141307584697,0.1070282615169394,11253517.47192591,2.7916539530214507e-07
1.4925121659314483e-07,149.25121659314485,149251.21659314484,0.44570485352615713,0.5542951464738428,0.10859029294768568,11253517.47192591,2.7916539530214507e-07
1.493908341951964e-07,149.39083419519642,149390.83419519642,0.44492397184566956,0.5550760281543304,0.11015205630866087,11253517.47192591,2.7916539530214507e-07
1.4953045179724801e-07,149.53045179724802,149530.451797248,0.4441432261277791,0.5558567738722209,0.11171354774444175,11253517.47192591,2.7916539530214507e-07
1.496700693992996e-07,149.6700693992996,149670.0693992996,0.4433626182998623,0.5566373817001377,0.11327476340027537,11253517.47192591,2.7916539530214507e-07
1.4980968700135117e-07,149.80968700135116,149809.68700135118,0.44258215028895426,0.5574178497110457,0.11483569942209143,11253517.47192591,2.7916539530214507e-07
1.4994930460340277e-07,149.94930460340277,149949.30460340276,0.44180182402174567,0.5581981759782544,0.11639635195650871,11253517.47192591,2.7916539530214507e-07
1.5008892220545435e-07,150.08892220545434,150088.92220545435,0.44102164142457695,0.558978358575423,0.11795671715084605,11253517.47192591,2.7916539530214507e-07
1.5022853980750593e-07,150.22853980750594,150228.53980750593,0.4402416044234342,0.5597583955765658,0.11951679115313163,11253517.47192591,2.7916539530214507e-07
1.5036815740955753e-07,150.36815740955754,150368.15740955752,0.4394617149439435,0.5605382850560565,0.12107657011211304,11253517.47192591,2.7916539530214507e-07
1.505077750116091e-07,150.5077750116091,150507.7750116091,0.43868197491136757,0.5613180250886325,0.12263605017726492,11253517.47192591,2.7916539530214507e-07
1.5064739261366068e-07,150.64739261366068,150647.3926136607,0.4379023862505994,0.5620976137494006,0.12419522749880119,11253517.47192591,2.7916539530214507e-07
1.507870102157123e-07,150.7870102157123,150787.01021571227,0.43712295088615866,0.5628770491138413,0.12575409822768263,11253517.47192591,2.7916539530214507e-07
1.5092662781776387e-07,150.92662781776386,150926.62781776386,0.43634367074218694,0.5636563292578131,0.12731265851562612,11253517.47192591,2.7916539530214507e-07
1.5106624541981544e-07,151.06624541981543,151066.24541981544,0.43556454774244197,0.5644354522575581,0.12887090451511612,11253517.47192591,2.7916539530214507e-07
1.5120586302186705e-07,151.20586302186703,151205.86302186706,0.4347855838102939,0.5652144161897061,0.13042883237941222,11253517.47192591,2.7916539530214507e-07
1.5134548062391862e-07,151.34548062391863,151345.48062391861,0.43400678086872024,0.5659932191312798,0.1319864382625595,11253517.47192591,2.7916539530214507e-07
1.514850982259702e-07,151.4850982259702,151485.0982259702,0.4332281408403011,0.566771859159699,0.13354371831939787,11253517.47192591,2.7916539530214507e-07
1.5162471582802178e-07,151.62471582802178,151624.71582802178,0.43244966564721404,0.567550334352786,0.13510066870557197,11253517.47192591,2.7916539530214507e-07
1.5176433343007338e-07,151.76433343007338,151764.33343007337,0.43167135721123,0.5683286427887699,0.13665728557753992,11253517.47192591,2.7916539530214507e-07
1.5190395103212496e-07,151.90395103212495,151903.95103212495,0.4308932174537086,0.5691067825462914,0.1382135650925828,11253517.47192591,2.7916539530214507e-07
1.5204356863417653e-07,152.04356863417652,152043.56863417654,0.4301152482955925,0.5698847517044076,0.13976950340881505,11253517.47192591,2.7916539530214507e-07
1.5218318623622814e-07,152.18318623622815,152183.18623622812,0.4293374516574031,0.5706625483425969,0.14132509668519377,11253517.47192591,2.7916539530214507e-07
1.5232280383827972e-07,152.32280383827973,152322.8038382797,0.42855982945923654,0.5714401705407635,0.14288034108152692,11253517.47192591,2.7916539530214507e-07
1.524624214403313e-07,152.4624214403313,152462.4214403313,0.4277823836207581,0.5722176163792418,0.14443523275848374,11253517.47192591,2.7916539530214507e-07
1.526020390423829e-07,152.6020390423829,152602.0390423829,0.42700511606119723,0.5729948839388028,0.1459897678776056,11253517.47192591,2.7916539530214507e-07
1.5274165664443447e-07,152.74165664443447,152741.65664443446,0.426228028699344,0.5737719713006559,0.14754394260131193,11253517.47192591,2.7916539530214507e-07
1.5288127424648605e-07,152.88127424648604,152881.27424648605,0.4254511234535431,0.5745488765464569,0.14909775309291384,11253517.47192591,2.7916539530214507e-07
1.5302089184853765e-07,153.02089184853764,153020.89184853766,0.4246744022416896,0.5753255977583104,0.15065119551662076,11253517.47192591,2.7916539530214507e-07
1.5316050945058923e-07,153.16050945058925,153160.50945058922,0.4238978669812251,0.5761021330187749,0.15220426603754977,11253517.47192591,2.7916539530214507e-07
1.533001270526408e-07,153.30012705264082,153300.1270526408,0.4231215195891311,0.576878480410869,0.1537569608217379,11253517.47192591,2.7916539530214507e-07
1.534397446546924e-07,153.43974465469242,153439.74465469242,0.4223453619819255,0.5776546380180745,0.15530927603614897,11253517.47192591,2.7916539530214507e-07
1.53579362256744e-07,153.579362256744,153579.362256744,0.42156939607565846,0.5784306039243415,0.15686120784868307,11253517.47192591,2.7916539530214507e-07
1.5371897985879557e-07,153.71897985879556,153718.97985879556,0.42079362378590635,0.5792063762140937,0.1584127524281873,11253517.47192591,2.7916539530214507e-07
1.5385859746084717e-07,153.85859746084716,153858.59746084717,0.4200180470277671,0.5799819529722329,0.15996390594446575,11253517.47192591,2.7916539530214507e-07
1.5399821506289875e-07,153.99821506289874,153998.21506289876,0.41924266771585705,0.580757332284143,0.1615146645682859,11253517.47192591,2.7916539530214507e-07
1.5413783266495032e-07,154.13783266495034,154137.8326649503,0.4184674877643042,0.5815325122356958,0.1630650244713916,11253517.47192591,2.7916539530214507e-07
1.542774502670019e-07,154.2774502670019,154277.4502670019,0.4176925090867448,0.5823074909132552,0.16461498182651035,11253517.47192591,2.7916539530214507e-07
1.544170678690535e-07,154.4170678690535,154417.0678690535,0.416917733596318,0.583082266403682,0.16616453280736398,11253517.47192591,2.7916539530214507e-07
1.5455668547110508e-07,154.55668547110508,154556.68547110507,0.4161431632056617,0.5838568367943383,0.16771367358867662,11253517.47192591,2.7916539530214507e-07
1.5469630307315666e-07,154.69630307315666,154696.30307315665,0.41536879982690733,0.5846312001730927,0.16926240034618534,11253517.47192591,2.7916539530214507e-07
1.5483592067520826e-07,154.83592067520826,154835.92067520827,0.4145946453716749,0.5854053546283251,0.1708107092566502,11253517.47192591,2.7916539530214507e-07
1.5497553827725984e-07,154.97553827725983,154975.53827725985,0.4138207017510695,0.5861792982489306,0.17235859649786106,11253517.47192591,2.7916539530214507e-07
1.5511515587931142e-07,155.11515587931143,155115.1558793114,0.4130469708756748,0.5869530291243252,0.1739060582486504,11253517.47192591,2.7916539530214507e-07
1.5525477348136302e-07,155.25477348136303,155254.77348136302,0.41227345465555,0.58772654534445,0.17545309068890003,11253517.47192591,2.7916539530214507e-07
1.553943910834146e-07,155.3943910834146,155394.3910834146,0.41150015500022397,0.588499844999776,0.17699968999955207,11253517.47192591,2.7916539530214507e-07
1.5553400868546617e-07,155.53400868546618,155534.00868546616,0.41072707381869134,0.5892729261813087,0.17854585236261733,11253517.47192591,2.7916539530214507e-07
1.5567362628751778e-07,155.67362628751778,155673.62628751778,0.4099542130194068,0.5900457869805932,0.18009157396118636,11253517.47192591,2.7916539530214507e-07
1.5581324388956936e-07,155.81324388956935,155813.24388956936,0.4091815745102817,0.5908184254897183,0.1816368509794366,11253517.47192591,2.7916539530214507e-07
1.5595286149162093e-07,155.95286149162092,155952.86149162092,0.40840916019867834,0.5915908398013217,0.1831816796026433,11253517.47192591,2.7916539530214507e-07
1.5609247909367254e-07,156.09247909367252,156092.47909367253,0.40763697199140525,0.5923630280085947,0.1847260560171895,11253517.47192591,2.7916539530214507e-07
1.562320966957241e-07,156.23209669572412,156232.09669572412,0.40686501179471346,0.5931349882052865,0.18626997641057308,11253517.47192591,2.7916539530214507e-07
1.563717142977757e-07,156.3717142977757,156371.7142977757,0.40609328151429036,0.5939067184857096,0.18781343697141928,11253517.47192591,2.7916539530214507e-07
1.565113318998273e-07,156.5113318998273,156511.3318998273,0.40532178305525624,0.5946782169447438,0.18935643388948753,11253517.47192591,2.7916539530214507e-07
1.5665094950187887e-07,156.65094950187887,156650.94950187887,0.4045505183221593,0.5954494816778407,0.1908989633556814,11253517.47192591,2.7916539530214507e-07
1.5679056710393045e-07,156.79056710393044,156790.56710393046,0.4037794892189703,0.5962205107810298,0.1924410215620595,11253517.47192591,2.7916539530214507e-07
1.5693018470598203e-07,156.93018470598201,156930.184705982,0.40300869764907826,0.5969913023509218,0.19398260470184353,11253517.47192591,2.7916539530214507e-07
1.5706980230803363e-07,157.06980230803362,157069.80230803363,0.40223814551528614,0.5977618544847139,0.19552370896942772,11253517.47192591,2.7916539530214507e-07
1.572094199100852e-07,157.20941991008522,157209.4199100852,0.40146783471980596,0.598532165280194,0.19706433056038808,11253517.47192591,2.7916539530214507e-07
1.5734903751213678e-07,157.3490375121368,157349.03751213677,0.4006977671642535,0.5993022328357466,0.1986044656714931,11253517.47192591,2.7916539530214507e-07
1.5748865511418839e-07,157.4886551141884,157488.65511418838,0.39992794474964427,0.6000720552503558,0.20014411050071151,11253517.47192591,2.7916539530214507e-07
1.5762827271623996e-07,157.62827271623996,157628.27271623997,0.39915836937638877,0.6008416306236113,0.20168326124722252,11253517.47192591,2.7916539530214507e-07
1.5776789031829154e-07,157.76789031829153,157767.89031829155,0.39838904294428756,0.6016109570557124,0.20322191411142487,11253517.47192591,2.7916539530214507e-07
1.5790750792034314e-07,157.90750792034314,157907.50792034314,0.39761996735252625,0.6023800326474738,0.2047600652949475,11253517.47192591,2.7916539530214507e-07
1.5804712552239472e-07,158.0471255223947,158047.12552239472,0.39685114449967207,0.6031488555003279,0.20629771100065586,11253517.47192591,2.7916539530214507e-07
1.581867431244463e-07,158.1867431244463,158186.7431244463,0.3960825762836675,0.6039174237163325,0.207834847432665,11253517.47192591,2.7916539530214507e-07
1.583263607264979e-07,158.3263607264979,158326.3607264979,0.3953142646018267,0.6046857353981733,0.20937147079634655,11253517.47192591,2.7916539530214507e-07
1.5846597832854948e-07,158.46597832854948,158465.97832854948,0.394546211350831,0.605453788649169,0.21090757729833798,11253517.47192591,2.7916539530214507e-07
1.5860559593060106e-07,158.60559593060105,158605.59593060106,0.393778418426723,0.606221581573277,0.21244316314655398,11253517.47192591,2.7916539530214507e-07
1.5874521353265266e-07,158.74521353265266,158745.21353265265,0.393010887724903,0.606989112275097,0.213978224550194,11253517.47192591,2.7916539530214507e-07
1.5888483113470424e-07,158.88483113470423,158884.83113470423,0.3922436211401241,0.6077563788598759,0.21551275771975176,11253517.47192591,2.7916539530214507e-07
1.5902444873675581e-07,159.0244487367558,159024.44873675582,0.39147662056648735,0.6085233794335126,0.2170467588670253,11253517.47192591,2.7916539530214507e-07
1.591640663388074e-07,159.1640663388074,159164.0663388074,0.3907098878974367,0.6092901121025632,0.21858022420512652,11253517.47192591,2.7916539530214507e-07
1.59303683940859e-07,159.303683940859,159303.683940859,0.3899434250257552,0.6100565749742448,0.22011314994848963,11253517.47192591,2.7916539530214507e-07
1.5944330154291057e-07,159.44330154291058,159443.30154291057,0.38917723384355996,0.61082276615644,0.2216455323128801,11253517.47192591,2.7916539530214507e-07
1.5958291914496215e-07,159.58291914496215,159582.91914496216,0.388411316242297,0.6115886837577029,0.2231773675154059,11253517.47192591,2.7916539530214507e-07
1.5972253674701375e-07,159.72253674701375,159722.53674701374,0.3876456741127369,0.612354325887263,0.2247086517745261,11253517.47192591,2.7916539530214507e-07
1.5986215434906533e-07,159.86215434906532,159862.15434906533,0.38688030934497075,0.6131196906550292,0.2262393813100585,11253517.47192591,2.7916539530214507e-07
1.600017719511169e-07,160.0017719511169,160001.7719511169,0.3861152238284047,0.6138847761715953,0.22776955234319063,11253517.47192591,2.7916539530214507e-07
1.601413895531685e-07,160.14138955316852,160141.3895531685,0.3853504194517549,0.614649580548245,0.22929916109649012,11253517.47192591,2.7916539530214507e-07
1.602810071552201e-07,160.2810071552201,160281.00715522008,0.38458589810304467,0.6154141018969553,0.23082820379391067,11253517.47192591,2.7916539530214507e-07
1.6042062475727166e-07,160.42062475727167,160420.62475727167,0.3838216616695976,0.6161783383304024,0.23235667666080478,11253517.47192591,2.7916539530214507e-07
1.6056024235932327e-07,160.56024235932327,160560.24235932328,0.38305771203803424,0.6169422879619657,0.23388457592393147,11253517.47192591,2.7916539530214507e-07
1.6069985996137485e-07,160.69985996137484,160699.85996137484,0.3822940510942676,0.6177059489057324,0.23541189781146477,11253517.47192591,2.7916539530214507e-07
1.6083947756342642e-07,160.8394775634264,160839.47756342642,0.3815306807234974,0.6184693192765026,0.23693863855300523,11253517.47192591,2.7916539530214507e-07
1.6097909516547803e-07,160.97909516547801,160979.09516547804,0.38076760281020605,0.619232397189794,0.2384647943795879,11253517.47192591,2.7916539530214507e-07
1.611187127675296e-07,161.11871276752962,161118.7127675296,0.3800048192381545,0.6199951807618456,0.23999036152369108,11253517.47192591,2.7916539530214507e-07
1.6125833036958118e-07,161.2583303695812,161258.33036958118,0.3792423318903768,0.6207576681096232,0.24151533621924637,11253517.47192591,2.7916539530214507e-07
1.6139794797163278e-07,161.3979479716328,161397.9479716328,0.37848014264917546,0.6215198573508246,0.24303971470164915,11253517.47192591,2.7916539530214507e-07
1.6153756557368436e-07,161.53756557368436,161537.56557368435,0.37771825339611764,0.6222817466038824,0.24456349320776472,11253517.47192591,2.7916539530214507e-07
1.6167718317573594e-07,161.67718317573593,161677.18317573593,0.37695666601202943,0.6230433339879706,0.2460866679759412,11253517.47192591,2.7916539530214507e-07
1.6181680077778752e-07,161.8168007777875,161816.80077778752,0.376195382376992,0.623804617623008,0.24760923524601597,11253517.47192591,2.7916539530214507e-07
1.6195641837983912e-07,161.9564183798391,161956.41837983913,0.3754344043703364,0.6245655956296636,0.2491311912593272,11253517.47192591,2.7916539530214507e-07
1.620960359818907e-07,162.0960359818907,162096.0359818907,0.3746737338706397,0.6253262661293604,0.2506525322587207,11253517.47192591,2.7916539530214507e-07
1.6223565358394227e-07,162.23565358394228,162235.65358394227,0.3739133727557194,0.6260866272442807,0.25217325448856126,11253517.47192591,2.7916539530214507e-07
1.6237527118599388e-07,162.37527118599388,162375.2711859939,0.37315332290262915,0.6268466770973709,0.2536933541947417,11253517.47192591,2.7916539530214507e-07
1.6251488878804545e-07,162.51488878804545,162514.88878804544,0.3723935861876549,0.6276064138123452,0.2552128276246903,11253517.47192591,2.7916539530214507e-07
1.6265450639009703e-07,162.65450639009703,162654.50639009703,0.3716341644863087,0.6283658355136913,0.2567316710273826,11253517.47192591,2.7916539530214507e-07
1.6279412399214863e-07,162.79412399214863,162794.12399214864,0.3708750596733255,0.6291249403266745,0.25824988065334903,11253517.47192591,2.7916539530214507e-07
1.629337415942002e-07,162.9337415942002,162933.74159420023,0.37011627362265787,0.6298837263773421,0.25976745275468427,11253517.47192591,2.7916539530214507e-07
1.630733591962518e-07,163.0733591962518,163073.35919625178,0.36935780820747144,0.6306421917925286,0.2612843835850571,11253517.47192591,2.7916539530214507e-07
1.632129767983034e-07,163.2129767983034,163212.9767983034,0.36859966530014004,0.63140033469986,0.26280066939971997,11253517.47192591,2.7916539530214507e-07
1.6335259440035497e-07,163.35259440035497,163352.59440035498,0.3678418467722419,0.632158153227758,0.2643163064555161,11253517.47192591,2.7916539530214507e-07
1.6349221200240655e-07,163.49221200240655,163492.21200240654,0.36708435449455423,0.6329156455054458,0.26583129101089154,11253517.47192591,2.7916539530214507e-07
1.6363182960445815e-07,163.63182960445815,163631.82960445815,0.3663271903370484,0.6336728096629516,0.26734561932590317,11253517.47192591,2.7916539530214507e-07
1.6377144720650973e-07,163.77144720650972,163771.44720650974,0.36557035616888656,0.6344296438311134,0.2688592876622269,11253517.47192591,2.7916539530214507e-07
1.639110648085613e-07,163.9110648085613,163911.0648085613,0.3648138538584157,0.6351861461415843,0.2703722922831686,11253517.47192591,2.7916539530214507e-07
1.6405068241061288e-07,164.0506824106129,164050.68241061288,0.36405768527316373,0.6359423147268363,0.27188462945367253,11253517.47192591,2.7916539530214507e-07
1.6419030001266449e-07,164.1903000126645,164190.3000126645,0.36330185227983447,0.6366981477201655,0.27339629544033106,11253517.47192591,2.7916539530214507e-07
1.6432991761471606e-07,164.32991761471607,164329.91761471608,0.3625463567443039,0.6374536432556961,0.2749072865113922,11253517.47192591,2.7916539530214507e-07
1.6446953521676764e-07,164.46953521676764,164469.53521676763,0.3617912005316143,0.6382087994683857,0.2764175989367714,11253517.47192591,2.7916539530214507e-07
1.6460915281881924e-07,164.60915281881924,164609.15281881925,0.3610363855059705,0.6389636144940295,0.277927228988059,11253517.47192591,2.7916539530214507e-07
1.6474877042087082e-07,164.7487704208708,164748.77042087083,0.36028191353073546,0.6397180864692645,0.27943617293852907,11253517.47192591,2.7916539530214507e-07
1.648883880229224e-07,164.88838802292238,164888.3880229224,0.3595277864684246,0.6404722135315755,0.28094442706315087,11253517.47192591,2.7916539530214507e-07
1.65028005624974e-07,165.028005624974,165028.005624974,0.35877400618070227,0.6412259938192977,0.2824519876385954,11253517.47192591,2.7916539530214507e-07
1.6516762322702558e-07,165.1676232270256,165167.6232270256,0.35802057452837666,0.6419794254716233,0.2839588509432467,11253517.47192591,2.7916539530214507e-07
1.6530724082907716e-07,165.30724082907716,165307.24082907714,0.3572674933713955,0.6427325066286045,0.28546501325720897,11253517.47192591,2.7916539530214507e-07
1.6544685843112876e-07,165.44685843112876,165446.85843112876,0.3565147645688408,0.6434852354311592,0.2869704708623184,11253517.47192591,2.7916539530214507e-07
1.6558647603318034e-07,165.58647603318033,165586.47603318034,0.35576238997892545,0.6442376100210745,0.28847522004214904,11253517.47192591,2.7916539530214507e-07
1.657260936352319e-07,165.7260936352319,165726.09363523193,0.3550103714589872,0.6449896285410128,0.28997925708202565,11253517.47192591,2.7916539530214507e-07
1.6586571123728352e-07,165.8657112372835,165865.7112372835,0.354258710865485,0.645741289134515,0.29148257826903,11253517.47192591,2.7916539530214507e-07
1.660053288393351e-07,166.0053288393351,166005.3288393351,0.3535074100539948,0.6464925899460052,0.29298517989201045,11253517.47192591,2.7916539530214507e-07
1.6614494644138667e-07,166.14494644138668,166144.94644138668,0.35275647087920337,0.6472435291207966,0.29448705824159327,11253517.47192591,2.7916539530214507e-07
1.6628456404343827e-07,166.28456404343828,166284.56404343827,0.3520058951949056,0.6479941048050943,0.29598820961018873,11253517.47192591,2.7916539530214507e-07
1.6642418164548985e-07,166.42418164548985,166424.18164548985,0.3512556848539986,0.6487443151460014,0.2974886302920028,11253517.47192591,2.7916539530214507e-07
1.6656379924754143e-07,166.56379924754143,166563.79924754144,0.35050584170847776,0.6494941582915222,0.2989883165830445,11253517.47192591,2.7916539530214507e-07
1.66703416849593e-07,166.703416849593,166703.416849593,0.34975636760943174,0.6502436323905683,0.3004872647811365,11253517.47192591,2.7916539530214507e-07
1.668430344516446e-07,166.8430344516446,166843.0344516446,0.34900726440703844,0.6509927355929616,0.3019854711859231,11253517.47192591,2.7916539530214507e-07
1.6698265205369619e-07,166.9826520536962,166982.6520536962,0.3482585339505602,0.6517414660494398,0.3034829320988796,11253517.47192591,2.7916539530214507e-07
1.6712226965574776e-07,167.12226965574777,167122.26965574778,0.34751017808833906,0.6524898219116609,0.3049796438233219,11253517.47192591,2.7916539530214507e-07
1.6726188725779937e-07,167.26188725779937,167261.88725779936,0.3467621986677919,0.6532378013322081,0.3064756026644162,11253517.47192591,2.7916539530214507e-07
1.6740150485985094e-07,167.40150485985095,167401.50485985095,0.34601459753540714,0.6539854024645928,0.30797080492918566,11253517.47192591,2.7916539530214507e-07
1.6754112246190252e-07,167.54112246190252,167541.12246190253,0.3452673765367389,0.6547326234632611,0.3094652469265222,11253517.47192591,2.7916539530214507e-07
1.6768074006395413e-07,167.68074006395412,167680.74006395412,0.34452053751640255,0.6554794624835975,0.3109589249671949,11253517.47192591,2.7916539530214507e-07
1.678203576660057e-07,167.8203576660057,167820.3576660057,0.34377408231807133,0.6562259176819287,0.3124518353638574,11253517.47192591,2.7916539530214507e-07
1.6795997526805728e-07,167.9599752680573,167959.9752680573,0.34302801278447015,0.6569719872155299,0.3139439744310597,11253517.47192591,2.7916539530214507e-07
1.6809959287010888e-07,168.0995928701089,168099.59287010887,0.34228233075737213,0.6577176692426279,0.31543533848525573,11253517.47192591,2.7916539530214507e-07
1.6823921047216046e-07,168.23921047216047,168239.21047216046,0.3415370380775943,0.6584629619224057,0.31692592384481144,11253517.47192591,2.7916539530214507e-07
1.6837882807421204e-07,168.37882807421204,168378.82807421204,0.3407921365849917,0.6592078634150083,0.31841572683001657,11253517.47192591,2.7916539530214507e-07
1.6851844567626364e-07,168.51844567626364,168518.44567626365,0.3400476281184539,0.6599523718815461,0.3199047437630922,11253517.47192591,2.7916539530214507e-07
1.6865806327831522e-07,168.6580632783152,168658.0632783152,0.3393035145159008,0.6606964854840992,0.3213929709681984,11253517.47192591,2.7916539530214507e-07
1.687976808803668e-07,168.79768088036678,168797.6808803668,0.3385597976142769,0.6614402023857231,0.3228804047714462,11253517.47192591,2.7916539530214507e-07
1.6893729848241837e-07,168.93729848241838,168937.29848241838,0.3378164792495475,0.6621835207504525,0.324367041500905,11253517.47192591,2.7916539530214507e-07
1.6907691608446998e-07,169.07691608446999,169076.91608446997,0.3370735612566943,0.6629264387433057,0.3258528774866114,11253517.47192591,2.7916539530214507e-07
1.6921653368652155e-07,169.21653368652156,169216.53368652155,0.3363310454697104,0.6636689545302896,0.32733790906057925,11253517.47192591,2.7916539530214507e-07
1.6935615128857313e-07,169.35615128857313,169356.15128857314,0.33558893372159615,0.6644110662784039,0.3288221325568077,11253517.47192591,2.7916539530214507e-07
1.6949576889062473e-07,169.49576889062473,169495.76889062472,0.33484722784435417,0.6651527721556458,0.33030554431129167,11253517.47192591,2.7916539530214507e-07
1.696353864926763e-07,169.6353864926763,169635.3864926763,0.3341059296689856,0.6658940703310143,0.3317881406620287,11253517.47192591,2.7916539530214507e-07
1.697750040947279e-07,169.77500409472788,169775.0040947279,0.333365041025485,0.6666349589745151,0.3332699179490301,11253517.47192591,2.7916539530214507e-07
1.699146216967795e-07,169.9146216967795,169914.6216967795,0.3326245637428354,0.6673754362571647,0.3347508725143293,11253517.47192591,2.7916539530214507e-07
1.7005423929883107e-07,170.05423929883108,170054.23929883106,0.33188449964900524,0.6681155003509948,0.3362310007019895,11253517.47192591,2.7916539530214507e-07
1.7019385690088265e-07,170.19385690088265,170193.85690088265,0.3311448505709421,0.6688551494290579,0.33771029885811576,11253517.47192591,2.7916539530214507e-07
1.7033347450293425e-07,170.33347450293425,170333.47450293426,0.3304056183345695,0.6695943816654305,0.339188763330861,11253517.47192591,2.7916539530214507e-07
1.7047309210498583e-07,170.47309210498582,170473.09210498582,0.32966680476478194,0.6703331952352181,0.3406663904704361,11253517.47192591,2.7916539530214507e-07
1.706127097070374e-07,170.6127097070374,170612.7097070374,0.3289284116854403,0.6710715883145597,0.3421431766291194,11253517.47192591,2.7916539530214507e-07
1.70752327309089e-07,170.752327309089,170752.327309089,0.328190440919367,0.671809559080633,0.343619118161266,11253517.47192591,2.7916539530214507e-07
1.7089194491114058e-07,170.8919449111406,170891.94491114057,0.3274528942883428,0.6725471057116572,0.3450942114233144,11253517.47192591,2.7916539530214507e-07
1.7103156251319216e-07,171.03156251319217,171031.56251319216,0.32671577361310083,0.6732842263868992,0.3465684527737984,11253517.47192591,2.7916539530214507e-07
1.7117118011524376e-07,171.17118011524377,171171.18011524377,0.3259790807133226,0.6740209192866774,0.3480418385733548,11253517.47192591,2.7916539530214507e-07
1.7131079771729534e-07,171.31079771729534,171310.79771729535,0.32524281740763406,0.674757182592366,0.3495143651847319,11253517.47192591,2.7916539530214507e-07
1.7145041531934692e-07,171.45041531934692,171450.4153193469,0.32450698551360024,0.6754930144863998,0.3509860289727995,11253517.47192591,2.7916539530214507e-07
1.715900329213985e-07,171.5900329213985,171590.0329213985,0.3237715868477215,0.6762284131522784,0.35245682630455694,11253517.47192591,2.7916539530214507e-07
1.717296505234501e-07,171.7296505234501,171729.6505234501,0.3230366232254282,0.6769633767745717,0.35392675354914355,11253517.47192591,2.7916539530214507e-07
1.7186926812550168e-07,171.8692681255017,171869.26812550167,0.32230209646107755,0.6776979035389225,0.3553958070778449,11253517.47192591,2.7916539530214507e-07
1.7200888572755325e-07,172.00888572755326,172008.88572755325,0.3215680083679474,0.6784319916320526,0.3568639832641052,11253517.47192591,2.7916539530214507e-07
1.7214850332960486e-07,172.14850332960486,172148.50332960486,0.3208343607582333,0.6791656392417666,0.35833127848353336,11253517.47192591,2.7916539530214507e-07
1.7228812093165643e-07,172.28812093165644,172288.12093165645,0.32010115544304346,0.6798988445569565,0.359797689113913,11253517.47192591,2.7916539530214507e-07
1.72427738533708e-07,172.427738533708,172427.738533708,0.3193683942323937,0.6806316057676063,0.36126321153521257,11253517.47192591,2.7916539530214507e-07
1.7256735613575962e-07,172.5673561357596,172567.35613575962,0.31863607893520396,0.681363921064796,0.3627278421295921,11253517.47192591,2.7916539530214507e-07
1.727069737378112e-07,172.70697373781118,172706.9737378112,0.3179042113592932,0.6820957886407069,0.36419157728141366,11253517.47192591,2.7916539530214507e-07
1.7284659133986277e-07,172.84659133986278,172846.59133986276,0.31717279331137527,0.6828272066886247,0.36565441337724947,11253517.47192591,2.7916539530214507e-07
1.7298620894191437e-07,172.98620894191438,172986.20894191437,0.3164418265970538,0.6835581734029462,0.36711634680589245,11253517.47192591,2.7916539530214507e-07
1.7312582654396595e-07,173.12582654396596,173125.82654396596,0.3157113130208191,0.6842886869791809,0.36857737395836176,11253517.47192591,2.7916539530214507e-07
1.7326544414601753e-07,173.26544414601753,173265.44414601751,0.3149812543860422,0.6850187456139578,0.3700374912279156,11253517.47192591,2.7916539530214507e-07
1.7340506174806913e-07,173.40506174806913,173405.06174806913,0.314251652494971,0.685748347505029,0.371496695010058,11253517.47192591,2.7916539530214507e-07
1.735446793501207e-07,173.5446793501207,173544.6793501207,0.3135225091487265,0.6864774908512735,0.37295498170254704,11253517.47192591,2.7916539530214507e-07
1.7368429695217229e-07,173.68429695217228,173684.2969521723,0.3127938261472969,0.6872061738527031,0.3744123477054062,11253517.47192591,2.7916539530214507e-07
1.7382391455422386e-07,173.82391455422388,173823.91455422385,0.31206560528953475,0.6879343947104652,0.3758687894209305,11253517.47192591,2.7916539530214507e-07
1.7396353215627547e-07,173.96353215627548,173963.53215627547,0.311337848373151,0.688662151626849,0.377324303253698,11253517.47192591,2.7916539530214507e-07
1.7410314975832704e-07,174.10314975832705,174103.14975832705,0.310610557194712,0.689389442805288,0.37877888561057604,11253517.47192591,2.7916539530214507e-07
1.7424276736037862e-07,174.24276736037862,174242.7673603786,0.30988373354963383,0.6901162664503662,0.38023253290073233,11253517.47192591,2.7916539530214507e-07
1.7438238496243022e-07,174.38238496243022,174382.38496243022,0.30915737923217856,0.6908426207678214,0.38168524153564287,11253517.47192591,2.7916539530214507e-07
1.745220025644818e-07,174.5220025644818,174522.0025644818,0.30843149603544995,0.69156850396455,0.3831370079291001,11253517.47192591,2.7916539530214507e-07
1.7466162016653338e-07,174.66162016653337,174661.62016653336,0.30770608575138836,0.6922939142486116,0.3845878284972233,11253517.47192591,2.7916539530214507e-07
1.7480123776858498e-07,174.80123776858497,174801.23776858498,0.3069811501707666,0.6930188498292333,0.38603769965846674,11253517.47192591,2.7916539530214507e-07
1.7494085537063656e-07,174.94085537063657,174940.85537063656,0.30625669108318615,0.6937433089168139,0.38748661783362776,11253517.47192591,2.7916539530214507e-07
1.7508047297268814e-07,175.08047297268814,175080.47297268815,0.3055327102770719,0.694467289722928,0.38893457944585613,11253517.47192591,2.7916539530214507e-07
1.7522009057473974e-07,175.22009057473974,175220.09057473973,0.3048092095396677,0.6951907904603323,0.39038158092066455,11253517.47192591,2.7916539530214507e-07
1.7535970817679132e-07,175.35970817679132,175359.70817679132,0.3040861906570331,0.6959138093429669,0.3918276186859338,11253517.47192591,2.7916539530214507e-07
1.754993257788429e-07,175.4993257788429,175499.3257788429,0.3033636554140372,0.6966363445859628,0.3932726891719256,11253517.47192591,2.7916539530214507e-07
1.756389433808945e-07,175.6389433808945,175638.9433808945,0.3026416055943557,0.6973583944056443,0.3947167888112886,11253517.47192591,2.7916539530214507e-07
1.7577856098294607e-07,175.77856098294606,175778.56098294607,0.30192004298046626,0.6980799570195337,0.3961599140390675,11253517.47192591,2.7916539530214507e-07
1.7591817858499765e-07,175.91817858499766,175918.17858499766,0.30119896935364304,0.698801030646357,0.39760206129271397,11253517.47192591,2.7916539530214507e-07
1.7605779618704926e-07,176.05779618704926,176057.79618704924,0.3004783864939534,0.6995216135060466,0.39904322701209316,11253517.47192591,2.7916539530214507e-07
1.7619741378910083e-07,176.19741378910084,176197.41378910083,0.29975829618025346,0.7002417038197466,0.40048340763949314,11253517.47192591,2.7916539530214507e-07
1.763370313911524e-07,176.3370313911524,176337.0313911524,0.29903870019018325,0.7009612998098167,0.40192259961963345,11253517.47192591,2.7916539530214507e-07
1.7647664899320399e-07,176.47664899320398,176476.648993204,0.29831960030016225,0.7016803996998378,0.4033607993996755,11253517.47192591,2.7916539530214507e-07
1.766162665952556e-07,176.61626659525558,176616.26659525558,0.29760099828538544,0.7023990017146146,0.4047980034292291,11253517.47192591,2.7916539530214507e-07
1.7675588419730717e-07,176.75588419730715,176755.88419730717,0.2968828959198188,0.7031171040801811,0.4062342081603623,11253517.47192591,2.7916539530214507e-07
1.7689550179935874e-07,176.89550179935875,176895.50179935875,0.2961652949761949,0.7038347050238051,0.40766941004761015,11253517.47192591,2.7916539530214507e-07
1.7703511940141035e-07,177.03511940141036,177035.11940141034,0.29544819722600807,0.7045518027739919,0.4091036055479838,11253517.47192591,2.7916539530214507e-07
1.7717473700346193e-07,177.17473700346193,177174.73700346192,0.29473160443951096,0.705268395560489,0.4105367911209781,11253517.47192591,2.7916539530214507e-07
1.773143546055135e-07,177.3143546055135,177314.3546055135,0.2940155183857096,0.7059844816142904,0.4119689632285808,11253517.47192591,2.7916539530214507e-07
1.774539722075651e-07,177.4539722075651,177453.9722075651,0.29329994083235844,0.7067000591676416,0.4134001183352831,11253517.47192591,2.7916539530214507e-07
1.7759358980961668e-07,177.59358980961667,177593.58980961668,0.2925848735459575,0.7074151264540425,0.41483025290808495,11253517.47192591,2.7916539530214507e-07
1.7773320741166826e-07,177.73320741166825,177733.20741166826,0.2918703182917467,0.7081296817082533,0.4162593634165066,11253517.47192591,2.7916539530214507e-07
1.7787282501371986e-07,177.87282501371988,177872.82501371988,0.2911562768337016,0.7088437231662984,0.4176874463325968,11253517.47192591,2.7916539530214507e-07
1.7801244261577144e-07,178.01244261577145,178012.44261577143,0.2904427509345303,0.7095572490654697,0.4191144981309394,11253517.47192591,2.7916539530214507e-07
1.7815206021782302e-07,178.15206021782302,178152.06021782302,0.2897297423556671,0.7102702576443329,0.4205405152886658,11253517.47192591,2.7916539530214507e-07
1.7829167781987462e-07,178.29167781987462,178291.67781987463,0.2890172528572701,0.7109827471427299,0.4219654942854598,11253517.47192591,2.7916539530214507e-07
1.784312954219262e-07,178.4312954219262,178431.2954219262,0.28830528419821566,0.7116947158017843,0.4233894316035687,11253517.47192591,2.7916539530214507e-07
1.7857091302397778e-07,178.57091302397777,178570.91302397777,0.28759383813609435,0.7124061618639057,0.42481232372781136,11253517.47192591,2.7916539530214507e-07
1.7871053062602935e-07,178.71053062602934,178710.53062602936,0.28688291642720654,0.7131170835727935,0.42623416714558693,11253517.47192591,2.7916539530214507e-07
1.7885014822808096e-07,178.85014822808097,178850.14822808094,0.2861725208265581,0.7138274791734419,0.42765495834688383,11253517.47192591,2.7916539530214507e-07
1.7898976583013253e-07,178.98976583013254,178989.76583013253,0.2854626530878566,0.7145373469121434,0.4290746938242868,11253517.47192591,2.7916539530214507e-07
1.791293834321841e-07,179.1293834321841,179129.3834321841,0.284753314963506,0.715246685036494,0.43049337007298805,11253517.47192591,2.7916539530214507e-07
1.7926900103423571e-07,179.2690010342357,179269.00103423573,0.28404450820460325,0.7159554917953967,0.4319109835907935,11253517.47192591,2.7916539530214507e-07
1.794086186362873e-07,179.4086186362873,179408.61863628728,0.2833362345609331,0.7166637654390668,0.43332753087813375,11253517.47192591,2.7916539530214507e-07
1.7954823623833887e-07,179.54823623833886,179548.23623833887,0.28262849578096483,0.7173715042190352,0.43474300843807034,11253517.47192591,2.7916539530214507e-07
1.7968785384039047e-07,179.68785384039046,179687.85384039048,0.2819212936118466,0.7180787063881534,0.4361574127763068,11253517.47192591,2.7916539530214507e-07
1.7982747144244205e-07,179.82747144244206,179827.47144244204,0.2812146297994026,0.7187853702005974,0.4375707404011948,11253517.47192591,2.7916539530214507e-07
1.7996708904449363e-07,179.96708904449363,179967.08904449362,0.2805085060881276,0.7194914939118724,0.4389829878237448,11253517.47192591,2.7916539530214507e-07
1.8010670664654523e-07,180.10670664654523,180106.70664654524,0.2798029242211828,0.7201970757788172,0.4403941515576344,11253517.47192591,2.7916539530214507e-07
1.802463242485968e-07,180.2463242485968,180246.3242485968,0.27909788594039264,0.7209021140596074,0.4418042281192147,11253517.47192591,2.7916539530214507e-07
1.8038594185064838e-07,180.38594185064838,180385.94185064838,0.27839339298623866,0.7216066070137613,0.4432132140275227,11253517.47192591,2.7916539530214507e-07
1.805255594527e-07,180.52555945269998,180525.5594527,0.27768944709785703,0.722310552902143,0.44462110580428593,11253517.47192591,2.7916539530214507e-07
1.8066517705475156e-07,180.66517705475155,180665.17705475158,0.27698605001303267,0.7230139499869673,0.44602789997393466,11253517.47192591,2.7916539530214507e-07
1.8080479465680314e-07,180.80479465680315,180804.79465680313,0.27628320346819646,0.7237167965318035,0.4474335930636071,11253517.47192591,2.7916539530214507e-07
1.8094441225885475e-07,180.94441225885475,180944.41225885475,0.2755809091984195,0.7244190908015805,0.448838181603161,11253517.47192591,2.7916539530214507e-07
1.8108402986090632e-07,181.08402986090633,181084.02986090633,0.27487916893741005,0.72512083106259,0.4502416621251799,11253517.47192591,2.7916539530214507e-07
1.812236474629579e-07,181.2236474629579,181223.6474629579,0.27417798441750846,0.7258220155824915,0.45164403116498303,11253517.47192591,2.7916539530214507e-07
1.8136326506500948e-07,181.36326506500947,181363.26506500947,0.2734773573696829,0.7265226426303171,0.45304528526063415,11253517.47192591,2.7916539530214507e-07
1.8150288266706108e-07,181.50288266706107,181502.8826670611,0.2727772895235262,0.7272227104764738,0.4544454209529476,11253517.47192591,2.7916539530214507e-07
1.8164250026911266e-07,181.64250026911265,181642.50026911267,0.2720777826072497,0.7279222173927503,0.45584443478550063,11253517.47192591,2.7916539530214507e-07
1.8178211787116423e-07,181.78211787116425,181782.11787116423,0.27137883834768073,0.7286211616523193,0.45724232330463854,11253517.47192591,2.7916539530214507e-07
1.8192173547321584e-07,181.92173547321585,181921.73547321584,0.27068045847025723,0.7293195415297428,0.45863908305948553,11253517.47192591,2.7916539530214507e-07
1.8206135307526742e-07,182.06135307526742,182061.35307526743,0.2699826446990243,0.7300173553009757,0.4600347106019514,11253517.47192591,2.7916539530214507e-07
1.82200970677319e-07,182.200970677319,182200.97067731898,0.26928539875662905,0.730714601243371,0.4614292024867419,11253517.47192591,2.7916539530214507e-07
1.823405882793706e-07,182.3405882793706,182340.5882793706,0.2685887223643169,0.7314112776356831,0.46282255527136623,11253517.47192591,2.7916539530214507e-07
1.8248020588142217e-07,182.48020588142217,182480.20588142218,0.2678926172419278,0.7321073827580722,0.4642147655161444,11253517.47192591,2.7916539530214507e-07
1.8261982348347375e-07,182.61982348347374,182619.82348347374,0.26719708510789075,0.7328029148921092,0.4656058297842185,11253517.47192591,2.7916539530214507e-07
1.8275944108552535e-07,182.75944108552537,182759.44108552535,0.26650212767922077,0.7334978723207792,0.46699574464155846,11253517.47192591,2.7916539530214507e-07
1.8289905868757693e-07,182.89905868757694,182899.05868757694,0.2658077466715135,0.7341922533284865,0.46838450665697295,11253517.47192591,2.7916539530214507e-07
1.830386762896285e-07,183.0386762896285,183038.67628962852,0.2651139437989427,0.7348860562010573,0.4697721124021146,11253517.47192591,2.7916539530214507e-07
1.831782938916801e-07,183.1782938916801,183178.2938916801,0.2644207207742536,0.7355792792257464,0.4711585584514928,11253517.47192591,2.7916539530214507e-07
1.833179114937317e-07,183.31791149373169,183317.9114937317,0.26372807930876113,0.7362719206912389,0.4725438413824778,11253517.47192591,2.7916539530214507e-07
1.8345752909578327e-07,183.45752909578326,183457.52909578328,0.2630360211123439,0.7369639788876561,0.47392795777531216,11253517.47192591,2.7916539530214507e-07
1.8359714669783487e-07,183.59714669783486,183597.14669783486,0.26234454789344064,0.7376554521065594,0.4753109042131187,11253517.47192591,2.7916539530214507e-07
1.8373676429988645e-07,183.73676429988646,183736.76429988645,0.26165366135904655,0.7383463386409534,0.4766926772819069,11253517.47192591,2.7916539530214507e-07
1.8387638190193802e-07,183.87638190193803,183876.38190193803,0.2609633632147077,0.7390366367852923,0.4780732735705846,11253517.47192591,2.7916539530214507e-07
1.840159995039896e-07,184.0159995039896,184015.9995039896,0.2602736551645185,0.7397263448354815,0.479452689670963,11253517.47192591,2.7916539530214507e-07
1.841556171060412e-07,184.1556171060412,184155.6171060412,0.2595845389111159,0.7404154610888841,0.48083092217776824,11253517.47192591,2.7916539530214507e-07
1.8429523470809278e-07,184.29523470809278,184295.2347080928,0.25889601615567653,0.7411039838443234,0.4822079676886469,11253517.47192591,2.7916539530214507e-07
1.8443485231014436e-07,184.43485231014435,184434.85231014437,0.25820808859791144,0.7417919114020886,0.4835838228041771,11253517.47192591,2.7916539530214507e-07
1.8457446991219596e-07,184.57446991219595,184574.46991219596,0.25752075793606233,0.7424792420639377,0.48495848412787534,11253517.47192591,2.7916539530214507e-07
1.8471408751424754e-07,184.71408751424755,184714.08751424754,0.25683402586689785,0.7431659741331021,0.4863319482662043,11253517.47192591,2.7916539530214507e-07
1.8485370511629912e-07,184.85370511629912,184853.70511629913,0.2561478940857086,0.7438521059142914,0.4877042118285828,11253517.47192591,2.7916539530214507e-07
1.8499332271835072e-07,184.99332271835073,184993.3227183507,0.2554623642863031,0.7445376357136969,0.4890752714273938,11253517.47192591,2.7916539530214507e-07
1.851329403204023e-07,185.1329403204023,185132.9403204023,0.2547774381610042,0.7452225618389958,0.49044512367799165,11253517.47192591,2.7916539530214507e-07
1.8527255792245387e-07,185.27255792245387,185272.55792245388,0.25409311740064455,0.7459068825993554,0.4918137651987109,11253517.47192591,2.7916539530214507e-07
1.8541217552450548e-07,185.41217552450547,185412.17552450547,0.2534094036945617,0.7465905963054382,0.4931811926108765,11253517.47192591,2.7916539530214507e-07
1.8555179312655706e-07,185.55179312655704,185551.79312655705,0.2527262987305956,0.7472737012694044,0.4945474025388088,11253517.47192591,2.7916539530214507e-07
1.8569141072860863e-07,185.69141072860864,185691.41072860864,0.25204380419508265,0.7479561958049173,0.4959123916098347,11253517.47192591,2.7916539530214507e-07
1.8583102833066024e-07,185.83102833066025,185831.02833066022,0.2513619217728523,0.7486380782271477,0.49727615645429535,11253517.47192591,2.7916539530214507e-07
1.859706459327118e-07,185.97064593271182,185970.6459327118,0.25068065314722376,0.7493193468527762,0.49863869370555247,11253517.47192591,2.7916539530214507e-07
1.861102635347634e-07,186.1102635347634,186110.2635347634,0.2499999999999999,0.7500000000000001,0.5000000000000002,11253517.47192591,2.7916539530214507e-07
1.8624988113681497e-07,186.24988113681496,186249.88113681498,0.24931996401146517,0.7506800359885348,0.5013600719770697,11253517.47192591,2.7916539530214507e-07
1.8638949873886657e-07,186.38949873886656,186389.49873886656,0.24864054686037973,0.7513594531396203,0.5027189062792405,11253517.47192591,2.7916539530214507e-07
1.8652911634091815e-07,186.52911634091814,186529.11634091815,0.2479617502239766,0.7520382497760234,0.5040764995520468,11253517.47192591,2.7916539530214507e-07
1.8666873394296973e-07,186.66873394296974,186668.73394296973,0.24728357577795673,0.7527164242220432,0.5054328484440864,11253517.47192591,2.7916539530214507e-07
1.8680835154502133e-07,186.80835154502134,186808.35154502132,0.24660602519648478,0.7533939748035152,0.5067879496070304,11253517.47192591,2.7916539530214507e-07
1.869479691470729e-07,186.9479691470729,186947.9691470729,0.24592910015218616,0.7540708998478138,0.5081417996956277,11253517.47192591,2.7916539530214507e-07
1.8708758674912448e-07,187.08758674912448,187087.5867491245,0.24525280231614138,0.7547471976838587,0.5094943953677173,11253517.47192591,2.7916539530214507e-07
1.8722720435117609e-07,187.22720435117608,187227.2043511761,0.2445771333578825,0.7554228666421174,0.5108457332842349,11253517.47192591,2.7916539530214507e-07
1.8736682195322766e-07,187.36682195322766,187366.82195322766,0.2439020949453896,0.7560979050546104,0.5121958101092208,11253517.47192591,2.7916539530214507e-07
1.8750643955527924e-07,187.50643955527923,187506.43955527924,0.24322768874508627,0.7567723112549137,0.5135446225098275,11253517.47192591,2.7916539530214507e-07
1.8764605715733084e-07,187.64605715733086,187646.05715733086,0.24255391642183455,0.7574460835781655,0.5148921671563309,11253517.47192591,2.7916539530214507e-07
1.8778567475938242e-07,187.78567475938243,187785.6747593824,0.24188077963893273,0.7581192203610673,0.5162384407221345,11253517.47192591,2.7916539530214507e-07
1.87925292361434e-07,187.925292361434,187925.292361434,0.2412082800581094,0.7587917199418905,0.5175834398837811,11253517.47192591,2.7916539530214507e-07
1.880649099634856e-07,188.0649099634856,188064.9099634856,0.24053641933952025,0.7594635806604797,0.5189271613209594,11253517.47192591,2.7916539530214507e-07
1.8820452756553718e-07,188.20452756553718,188204.52756553717,0.23986519914174437,0.7601348008582556,0.5202696017165112,11253517.47192591,2.7916539530214507e-07
1.8834414516758876e-07,188.34414516758875,188344.14516758875,0.23919462112177903,0.760805378878221,0.521610757756442,11253517.47192591,2.7916539530214507e-07
1.8848376276964036e-07,188.48376276964035,188483.76276964037,0.2385246869350363,0.7614753130649636,0.5229506261299273,11253517.47192591,2.7916539530214507e-07
1.8862338037169194e-07,188.62338037169195,188623.38037169195,0.23785539823533924,0.7621446017646607,0.5242892035293214,11253517.47192591,2.7916539530214507e-07
1.8876299797374351e-07,188.76299797374352,188762.9979737435,0.2371867566749173,0.7628132433250827,0.5256264866501654,11253517.47192591,2.7916539530214507e-07
1.889026155757951e-07,188.9026155757951,188902.6155757951,0.23651876390440207,0.7634812360955979,0.5269624721911959,11253517.47192591,2.7916539530214507e-07
1.890422331778467e-07,189.0422331778467,189042.2331778467,0.23585142157282357,0.7641485784271764,0.5282971568543529,11253517.47192591,2.7916539530214507e-07
1.8918185077989827e-07,189.18185077989827,189181.85077989826,0.23518473132760664,0.7648152686723934,0.5296305373447867,11253517.47192591,2.7916539530214507e-07
1.8932146838194985e-07,189.32146838194984,189321.46838194985,0.2345186948145659,0.7654813051854341,0.5309626103708682,11253517.47192591,2.7916539530214507e-07
1.8946108598400145e-07,189.46108598400144,189461.08598400146,0.23385331367790185,0.7661466863220981,0.5322933726441963,11253517.47192591,2.7916539530214507e-07
1.8960070358605303e-07,189.60070358605304,189600.70358605302,0.23318858956019806,0.7668114104398019,0.5336228208796039,11253517.47192591,2.7916539530214507e-07
1.897403211881046e-07,189.74032118810462,189740.3211881046,0.2325245241024151,0.7674754758975849,0.5349509517951698,11253517.47192591,2.7916539530214507e-07
1.898799387901562e-07,189.87993879015622,189879.93879015621,0.23186111894388822,0.7681388810561118,0.5362777621122237,11253517.47192591,2.7916539530214507e-07
1.900195563922078e-07,190.0195563922078,190019.5563922078,0.2311983757223227,0.7688016242776773,0.5376032485553546,11253517.47192591,2.7916539530214507e-07
1.9015917399425936e-07,190.15917399425936,190159.17399425936,0.23053629607378928,0.7694637039262107,0.5389274078524213,11253517.47192591,2.7916539530214507e-07
1.9029879159631097e-07,190.29879159631096,190298.79159631097,0.22987488163272063,0.7701251183672794,0.5402502367345587,11253517.47192591,2.7916539530214507e-07
1.9043840919836255e-07,190.43840919836254,190438.40919836255,0.2292141340319077,0.7707858659680923,0.5415717319361846,11253517.47192591,2.7916539530214507e-07
1.9057802680041412e-07,190.57802680041414,190578.0268004141,0.22855405490249497,0.7714459450975051,0.5428918901950102,11253517.47192591,2.7916539530214507e-07
1.9071764440246573e-07,190.71764440246574,190717.64440246572,0.2278946458739764,0.7721053541260237,0.5442107082520473,11253517.47192591,2.7916539530214507e-07
1.908572620045173e-07,190.8572620045173,190857.2620045173,0.2272359085741924,0.7727640914258076,0.5455281828516152,11253517.47192591,2.7916539530214507e-07
1.9099687960656888e-07,190.99687960656888,190996.8796065689,0.22657784462932445,0.7734221553706755,0.546844310741351,11253517.47192591,2.7916539530214507e-07
1.9113649720862046e-07,191.13649720862045,191136.49720862045,0.22592045566389246,0.7740795443361075,0.548159088672215,11253517.47192591,2.7916539530214507e-07
1.9127611481067206e-07,191.27611481067206,191276.11481067206,0.22526374330074922,0.7747362566992508,0.5494725133985017,11253517.47192591,2.7916539530214507e-07
1.9141573241272364e-07,191.41573241272363,191415.73241272365,0.2246077091610782,0.7753922908389218,0.5507845816778436,11253517.47192591,2.7916539530214507e-07
1.9155535001477522e-07,191.55535001477523,191555.3500147752,0.22395235486438775,0.7760476451356122,0.5520952902712244,11253517.47192591,2.7916539530214507e-07
1.9169496761682682e-07,191.69496761682683,191694.96761682682,0.2232976820285082,0.7767023179714918,0.5534046359429836,11253517.47192591,2.7916539530214507e-07
1.918345852188784e-07,191.8345852188784,191834.5852188784,0.2226436922695879,0.7773563077304121,0.5547126154608242,11253517.47192591,2.7916539530214507e-07
1.9197420282092997e-07,191.97420282092997,191974.20282092996,0.22199038720208847,0.7780096127979115,0.556019225595823,11253517.47192591,2.7916539530214507e-07
1.9211382042298158e-07,192.11382042298158,192113.82042298157,0.22133776843878167,0.7786622315612184,0.5573244631224368,11253517.47192591,2.7916539530214507e-07
1.9225343802503315e-07,192.25343802503315,192253.43802503316,0.22068583759074495,0.779314162409255,0.55862832481851,11253517.47192591,2.7916539530214507e-07
1.9239305562708473e-07,192.39305562708472,192393.05562708474,0.22003459626735733,0.7799654037326427,0.5599308074652853,11253517.47192591,2.7916539530214507e-07
1.9253267322913633e-07,192.53267322913632,192532.67322913633,0.21938404607629558,0.7806159539237044,0.5612319078474088,11253517.47192591,2.7916539530214507e-07
1.926722908311879e-07,192.67229083118792,192672.29083118791,0.21873418862353095,0.781265811376469,0.562531622752938,11253517.47192591,2.7916539530214507e-07
1.928119084332395e-07,192.8119084332395,192811.9084332395,0.21808502551332382,0.7819149744866762,0.5638299489733525,11253517.47192591,2.7916539530214507e-07
1.929515260352911e-07,192.9515260352911,192951.52603529108,0.21743655834822073,0.7825634416517793,0.5651268833035585,11253517.47192591,2.7916539530214507e-07
1.9309114363734267e-07,193.09114363734267,193091.14363734267,0.2167887887290506,0.7832112112709494,0.5664224225418988,11253517.47192591,2.7916539530214507e-07
1.9323076123939425e-07,193.23076123939424,193230.76123939425,0.21614171825491968,0.7838582817450803,0.5677165634901606,11253517.47192591,2.7916539530214507e-07
1.9337037884144585e-07,193.37037884144584,193370.37884144584,0.21549534852320879,0.7845046514767913,0.5690093029535825,11253517.47192591,2.7916539530214507e-07
1.9350999644349743e-07,193.5099964434974,193509.99644349742,0.21484968112956881,0.7851503188704312,0.5703006377408624,11253517.47192591,2.7916539530214507e-07
1.93649614045549e-07,193.64961404554901,193649.614045549,0.2142047176679167,0.7857952823320833,0.5715905646641666,11253517.47192591,2.7916539530214507e-07
1.9378923164760058e-07,193.7892316476006,193789.2316476006,0.21356045973043153,0.7864395402695685,0.572879080539137,11253517.47192591,2.7916539530214507e-07
1.9392884924965219e-07,193.9288492496522,193928.84924965218,0.21291690890755077,0.7870830910924492,0.5741661821848985,11253517.47192591,2.7916539530214507e-07
1.9406846685170376e-07,194.06846685170376,194068.46685170376,0.21227406678796662,0.7877259332120334,0.5754518664240669,11253517.47192591,2.7916539530214507e-07
1.9420808445375534e-07,194.20808445375533,194208.08445375535,0.21163193495862115,0.7883680650413789,0.5767361300827578,11253517.47192591,2.7916539530214507e-07
1.9434770205580694e-07,194.34770205580693,194347.70205580693,0.21099051500470367,0.7890094849952963,0.5780189699905927,11253517.47192591,2.7916539530214507e-07
1.9448731965785852e-07,194.4873196578585,194487.31965785852,0.21034980850964546,0.7896501914903545,0.5793003829807091,11253517.47192591,2.7916539530214507e-07
1.946269372599101e-07,194.6269372599101,194626.9372599101,0.2097098170551171,0.790290182944883,0.5805803658897659,11253517.47192591,2.7916539530214507e-07
1.947665548619617e-07,194.7665548619617,194766.5548619617,0.2090705422210235,0.7909294577789765,0.581858915557953,11253517.47192591,2.7916539530214507e-07
1.9490617246401328e-07,194.90617246401328,194906.17246401327,0.20843198558550097,0.791568014414499,0.583136028828998,11253517.47192591,2.7916539530214507e-07
1.9504579006606486e-07,195.04579006606485,195045.79006606486,0.20779414872491253,0.7922058512750875,0.5844117025501749,11253517.47192591,2.7916539530214507e-07
1.9518540766811646e-07,195.18540766811645,195185.40766811644,0.2071570332138442,0.7928429667861558,0.5856859335723117,11253517.47192591,2.7916539530214507e-07
1.9532502527016804e-07,195.32502527016803,195325.02527016803,0.20652064062510184,0.7934793593748981,0.5869587187497962,11253517.47192591,2.7916539530214507e-07
1.954646428722196e-07,195.4646428722196,195464.6428722196,0.20588497252970595,0.794115027470294,0.5882300549405881,11253517.47192591,2.7916539530214507e-07
1.9560426047427122e-07,195.60426047427123,195604.26047427123,0.20525003049688922,0.7947499695031108,0.5894999390062217,11253517.47192591,2.7916539530214507e-07
1.957438780763228e-07,195.7438780763228,195743.87807632278,0.2046158160940913,0.7953841839059087,0.5907683678118174,11253517.47192591,2.7916539530214507e-07
1.9588349567837437e-07,195.88349567837437,195883.49567837437,0.20398233088695628,0.7960176691130437,0.5920353382260874,11253517.47192591,2.7916539530214507e-07
1.9602311328042595e-07,196.02311328042595,196023.11328042595,0.20334957643932755,0.7966504235606724,0.5933008471213448,11253517.47192591,2.7916539530214507e-07
1.9616273088247755e-07,196.16273088247755,196162.73088247754,0.20271755431324456,0.7972824456867554,0.5945648913735109,11253517.47192591,2.7916539530214507e-07
1.9630234848452913e-07,196.30234848452912,196302.34848452912,0.20208626606893942,0.7979137339310606,0.5958274678621212,11253517.47192591,2.7916539530214507e-07
1.964419660865807e-07,196.4419660865807,196441.9660865807,0.20145571326483208,0.798544286735168,0.597088573470336,11253517.47192591,2.7916539530214507e-07
1.965815836886323e-07,196.58158368863232,196581.58368863232,0.200825897457527,0.799174102542473,0.598348205084946,11253517.47192591,2.7916539530214507e-07
1.9672120129068389e-07,196.7212012906839,196721.20129068388,0.2001968202018094,0.7998031797981906,0.5996063595963812,11253517.47192591,2.7916539530214507e-07
1.9686081889273546e-07,196.86081889273547,196860.81889273546,0.19956848305064157,0.8004315169493584,0.6008630338987169,11253517.47192591,2.7916539530214507e-07
1.9700043649478707e-07,197.00043649478707,197000.43649478708,0.19894088755515799,0.8010591124448421,0.6021182248896841,11253517.47192591,2.7916539530214507e-07
1.9714005409683864e-07,197.14005409683864,197140.05409683863,0.19831403526466312,0.8016859647353369,0.6033719294706739,11253517.47192591,2.7916539530214507e-07
1.9727967169889022e-07,197.2796716988902,197279.67169889022,0.19768792772662613,0.8023120722733739,0.6046241445467477,11253517.47192591,2.7916539530214507e-07
1.9741928930094182e-07,197.4192893009418,197419.28930094183,0.1970625664866777,0.8029374335133224,0.6058748670266447,11253517.47192591,2.7916539530214507e-07
1.975589069029934e-07,197.5589069029934,197558.9069029934,0.19643795308860662,0.8035620469113933,0.6071240938227866,11253517.47192591,2.7916539530214507e-07
1.9769852450504498e-07,197.698524505045,197698.52450504497,0.19581408907435488,0.8041859109256451,0.6083718218512901,11253517.47192591,2.7916539530214507e-07
1.9783814210709658e-07,197.8381421070966,197838.1421070966,0.19519097598401525,0.8048090240159848,0.6096180480319695,11253517.47192591,2.7916539530214507e-07
1.9797775970914816e-07,197.97775970914816,197977.75970914817,0.19456861535582598,0.8054313846441741,0.6108627692883482,11253517.47192591,2.7916539530214507e-07
1.9811737731119974e-07,198.11737731119973,198117.37731119973,0.19394700872616855,0.8060529912738315,0.6121059825476629,11253517.47192591,2.7916539530214507e-07
1.9825699491325134e-07,198.25699491325133,198256.99491325134,0.1933261576295623,0.8066738423704377,0.6133476847408754,11253517.47192591,2.7916539530214507e-07
1.9839661251530292e-07,198.3966125153029,198396.61251530293,0.19270606359866221,0.8072939364013378,0.6145878728026757,11253517.47192591,2.7916539530214507e-07
1.985362301173545e-07,198.5362301173545,198536.23011735448,0.19208672816425376,0.8079132718357462,0.6158265436714925,11253517.47192591,2.7916539530214507e-07
1.9867584771940607e-07,198.67584771940608,198675.84771940607,0.19146815285524987,0.8085318471447501,0.6170636942895003,11253517.47192591,2.7916539530214507e-07
1.9881546532145768e-07,198.81546532145768,198815.46532145768,0.190850339198687,0.809149660801313,0.618299321602626,11253517.47192591,2.7916539530214507e-07
1.9895508292350925e-07,198.95508292350925,198955.08292350924,0.19023328871972145,0.8097667112802786,0.6195334225605571,11253517.47192591,2.7916539530214507e-07
1.9909470052556083e-07,199.09470052556082,199094.70052556082,0.18961700294162576,0.8103829970583742,0.6207659941167485,11253517.47192591,2.7916539530214507e-07
1.9923431812761243e-07,199.23431812761243,199234.31812761244,0.18900148338578404,0.810998516614216,0.6219970332284319,11253517.47192591,2.7916539530214507e-07
1.99373935729664e-07,199.373935729664,199373.93572966402,0.18838673157168956,0.8116132684283104,0.6232265368566208,11253517.47192591,2.7916539530214507e-07
1.995135533317156e-07,199.5135533317156,199513.55333171558,0.1877727490169399,0.8122272509830601,0.6244545019661203,11253517.47192591,2.7916539530214507e-07
1.996531709337672e-07,199.6531709337672,199653.1709337672,0.18715953723723355,0.8128404627627664,0.6256809255255329,11253517.47192591,2.7916539530214507e-07
1.9979278853581877e-07,199.79278853581877,199792.78853581878,0.18654709774636674,0.8134529022536332,0.6269058045072664,11253517.47192591,2.7916539530214507e-07
1.9993240613787035e-07,199.93240613787034,199932.40613787033,0.18593543205622876,0.8140645679437712,0.6281291358875425,11253517.47192591,2.7916539530214507e-07
2.0007202373992195e-07,200.07202373992195,200072.02373992195,0.18532454167679857,0.8146754583232014,0.6293509166464029,11253517.47192591,2.7916539530214507e-07
2.0021164134197353e-07,200.21164134197352,200211.64134197353,0.18471442811614158,0.8152855718838584,0.6305711437677168,11253517.47192591,2.7916539530214507e-07
2.003512589440251e-07,200.3512589440251,200351.25894402512,0.18410509288040555,0.8158949071195944,0.6317898142391889,11253517.47192591,2.7916539530214507e-07
2.004908765460767e-07,200.49087654607672,200490.8765460767,0.18349653747381617,0.8165034625261838,0.6330069250523676,11253517.47192591,2.7916539530214507e-07
2.0063049414812828e-07,200.6304941481283,200630.4941481283,0.18288876339867494,0.8171112366013251,0.6342224732026502,11253517.47192591,2.7916539530214507e-07
2.0077011175017986e-07,200.77011175017986,200770.11175017987,0.1822817721553538,0.8177182278446462,0.6354364556892924,11253517.47192591,2.7916539530214507e-07
2.0090972935223144e-07,200.90972935223144,200909.72935223143,0.1816755652422924,0.8183244347577077,0.6366488695154153,11253517.47192591,2.7916539530214507e-07
2.0104934695428304e-07,201.04934695428304,201049.34695428304,0.18107014415599415,0.8189298558440059,0.6378597116880118,11253517.47192591,2.7916539530214507e-07
2.0118896455633462e-07,201.1889645563346,201188.96455633463,0.18046551039102282,0.8195344896089771,0.6390689792179542,11253517.47192591,2.7916539530214507e-07
2.013285821583862e-07,201.32858215838618,201328.58215838618,0.1798616654399981,0.820138334560002,0.6402766691200039,11253517.47192591,2.7916539530214507e-07
2.014681997604378e-07,201.4681997604378,201468.1997604378,0.17925861079359268,0.8207413892064073,0.6414827784128145,11253517.47192591,2.7916539530214507e-07
2.0160781736248938e-07,201.60781736248939,201607.81736248938,0.17865634794052843,0.8213436520594716,0.6426873041189431,11253517.47192591,2.7916539530214507e-07
2.0174743496454095e-07,201.74743496454096,201747.43496454097,0.17805487836757222,0.8219451216324278,0.6438902432648557,11253517.47192591,2.7916539530214507e-07
2.0188705256659256e-07,201.88705256659256,201887.05256659255,0.1774542035595325,0.8225457964404674,0.6450915928809349,11253517.47192591,2.7916539530214507e-07
2.0202667016864413e-07,202.02667016864413,202026.67016864414,0.17685432499925646,0.8231456750007435,0.6462913500014871,11253517.47192591,2.7916539530214507e-07
2.021662877706957e-07,202.1662877706957,202166.28777069572,0.17625524416762484,0.8237447558323752,0.6474895116647503,11253517.47192591,2.7916539530214507e-07
2.0230590537274732e-07,202.3059053727473,202305.9053727473,0.1756569625435493,0.8243430374564507,0.6486860749129013,11253517.47192591,2.7916539530214507e-07
2.024455229747989e-07,202.4455229747989,202445.5229747989,0.17505948160396884,0.8249405183960312,0.6498810367920624,11253517.47192591,2.7916539530214507e-07
2.0258514057685047e-07,202.58514057685048,202585.14057685048,0.1744628028238458,0.8255371971761543,0.6510743943523085,11253517.47192591,2.7916539530214507e-07
2.0272475817890207e-07,202.72475817890208,202724.75817890206,0.17386692767616185,0.8261330723238381,0.6522661446476763,11253517.47192591,2.7916539530214507e-07
2.0286437578095365e-07,202.86437578095365,202864.37578095365,0.17327185763191538,0.8267281423680846,0.6534562847361691,11253517.47192591,2.7916539530214507e-07
2.0300399338300523e-07,203.00399338300522,203003.99338300523,0.1726775941601169,0.8273224058398831,0.6546448116797663,11253517.47192591,2.7916539530214507e-07
2.0314361098505683e-07,203.14361098505682,203143.61098505682,0.1720841387277856,0.8279158612722144,0.6558317225444288,11253517.47192591,2.7916539530214507e-07
2.032832285871084e-07,203.2832285871084,203283.2285871084,0.17149149279994663,0.8285085072000533,0.6570170144001066,11253517.47192591,2.7916539530214507e-07
2.0342284618915999e-07,203.42284618916,203422.84618916,0.17089965783962607,0.829100342160374,0.658200684320748,11253517.47192591,2.7916539530214507e-07
2.0356246379121156e-07,203.56246379121157,203562.46379121157,0.17030863530784812,0.8296913646921519,0.6593827293843038,11253517.47192591,2.7916539530214507e-07
2.0370208139326317e-07,203.70208139326317,203702.08139326316,0.16971842666363174,0.8302815733363682,0.6605631466727364,11253517.47192591,2.7916539530214507e-07
2.0384169899531474e-07,203.84169899531474,203841.69899531474,0.1691290333639866,0.8308709666360135,0.6617419332720269,11253517.47192591,2.7916539530214507e-07
2.0398131659736632e-07,203.98131659736632,203981.31659736633,0.16854045686390945,0.8314595431360905,0.662919086272181,11253517.47192591,2.7916539530214507e-07
2.0412093419941792e-07,204.12093419941792,204120.9341994179,0.1679526986163804,0.8320473013836196,0.6640946027672392,11253517.47192591,2.7916539530214507e-07
2.042605518014695e-07,204.2605518014695,204260.5518014695,0.16736576007236031,0.8326342399276396,0.6652684798552793,11253517.47192591,2.7916539530214507e-07
2.0440016940352108e-07,204.4001694035211,204400.16940352108,0.16677964268078582,0.8332203573192142,0.6664407146384284,11253517.47192591,2.7916539530214507e-07
2.0453978700557268e-07,204.5397870055727,204539.78700557267,0.16619434788856663,0.8338056521114334,0.6676113042228669,11253517.47192591,2.7916539530214507e-07
2.0467940460762426e-07,204.67940460762426,204679.40460762425,0.16560987714058206,0.8343901228594179,0.6687802457188359,11253517.47192591,2.7916539530214507e-07
2.0481902220967584e-07,204.81902220967584,204819.02220967584,0.16502623187967658,0.8349737681203234,0.6699475362406468,11253517.47192591,2.7916539530214507e-07
2.0495863981172744e-07,204.95863981172744,204958.63981172745,0.16444341354665737,0.8355565864533426,0.6711131729066853,11253517.47192591,2.7916539530214507e-07
2.0509825741377902e-07,205.098257413779,205098.257413779,0.16386142358029016,0.8361385764197098,0.6722771528394196,11253517.47192591,2.7916539530214507e-07
2.052378750158306e-07,205.23787501583058,205237.8750158306,0.16328026341729546,0.8367197365827046,0.6734394731654092,11253517.47192591,2.7916539530214507e-07
2.053774926178822e-07,205.3774926178822,205377.4926178822,0.16269993449234527,0.8373000655076548,0.6746001310153096,11253517.47192591,2.7916539530214507e-07
2.0551711021993377e-07,205.51711021993378,205517.11021993376,0.16212043823806005,0.8378795617619399,0.6757591235238798,11253517.47192591,2.7916539530214507e-07
2.0565672782198535e-07,205.65672782198536,205656.72782198535,0.1615417760850043,0.8384582239149957,0.6769164478299914,11253517.47192591,2.7916539530214507e-07
2.0579634542403695e-07,205.79634542403696,205796.34542403696,0.1609639494616833,0.8390360505383168,0.6780721010766335,11253517.47192591,2.7916539530214507e-07
2.0593596302608853e-07,205.93596302608853,205935.96302608855,0.16038695979454032,0.8396130402054597,0.6792260804109194,11253517.47192591,2.7916539530214507e-07
2.060755806281401e-07,206.0755806281401,206075.5806281401,0.1598108085079517,0.8401891914920483,0.6803783829840966,11253517.47192591,2.7916539530214507e-07
2.0621519823019169e-07,206.21519823019167,206215.1982301917,0.1592354970242249,0.8407645029757751,0.6815290059515502,11253517.47192591,2.7916539530214507e-07
2.063548158322433e-07,206.3548158322433,206354.8158322433,0.1586610267635935,0.8413389732364065,0.682677946472813,11253517.47192591,2.7916539530214507e-07
2.0649443343429487e-07,206.49443343429488,206494.43343429486,0.1580873991442151,0.8419126008557849,0.6838252017115698,11253517.47192591,2.7916539530214507e-07
2.0663405103634644e-07,206.63405103634645,206634.05103634644,0.15751461558216662,0.8424853844178334,0.6849707688356668,11253517.47192591,2.7916539530214507e-07
2.0677366863839805e-07,206.77366863839805,206773.66863839806,0.1569426774914413,0.8430573225085587,0.6861146450171174,11253517.47192591,2.7916539530214507e-07
2.0691328624044962e-07,206.91328624044962,206913.2862404496,0.1563715862839457,0.8436284137160543,0.6872568274321087,11253517.47192591,2.7916539530214507e-07
2.070529038425012e-07,207.0529038425012,207052.9038425012,0.15580134336949514,0.8441986566305049,0.6883973132610097,11253517.47192591,2.7916539530214507e-07
2.071925214445528e-07,207.1925214445528,207192.5214445528,0.1552319501558112,0.8447680498441887,0.6895360996883775,11253517.47192591,2.7916539530214507e-07
2.0733213904660438e-07,207.3321390466044,207332.1390466044,0.15466340804851791,0.8453365919514821,0.6906731839029643,11253517.47192591,2.7916539530214507e-07
2.0747175664865596e-07,207.47175664865597,207471.75664865595,0.154095718451138,0.845904281548862,0.691808563097724,11253517.47192591,2.7916539530214507e-07
2.0761137425070756e-07,207.61137425070757,207611.37425070757,0.15352888276508952,0.8464711172349104,0.6929422344698208,11253517.47192591,2.7916539530214507e-07
2.0775099185275914e-07,207.75099185275914,207750.99185275915,0.15296290238968302,0.847037097610317,0.694074195220634,11253517.47192591,2.7916539530214507e-07
2.0789060945481072e-07,207.89060945481071,207890.6094548107,0.1523977787221173,0.8476022212778827,0.6952044425557653,11253517.47192591,2.7916539530214507e-07
2.0803022705686232e-07,208.03022705686232,208030.22705686232,0.151833513157476,0.848166486842524,0.6963329736850481,11253517.47192591,2.7916539530214507e-07
2.081698446589139e-07,208.1698446589139,208169.8446589139,0.15127010708872513,0.8487298929112749,0.6974597858225497,11253517.47192591,2.7916539530214507e-07
2.0830946226096548e-07,208.3094622609655,208309.46226096546,0.15070756190670803,0.849292438093292,0.698584876186584,11253517.47192591,2.7916539530214507e-07
2.0844907986301705e-07,208.44907986301706,208449.07986301705,0.15014587900014376,0.8498541209998562,0.6997082419997125,11253517.47192591,2.7916539530214507e-07
2.0858869746506866e-07,208.58869746506866,208588.69746506866,0.14958505975562186,0.8504149402443781,0.7008298804887563,11253517.47192591,2.7916539530214507e-07
2.0872831506712023e-07,208.72831506712023,208728.31506712025,0.1490251055576005,0.8509748944423995,0.701949788884799,11253517.47192591,2.7916539530214507e-07
2.088679326691718e-07,208.8679326691718,208867.9326691718,0.14846601778840207,0.8515339822115979,0.7030679644231959,11253517.47192591,2.7916539530214507e-07
2.0900755027122341e-07,209.0075502712234,209007.55027122342,0.14790779782820973,0.8520922021717903,0.7041844043435805,11253517.47192591,2.7916539530214507e-07
2.09147167873275e-07,209.14716787327498,209147.167873275,0.14735044705506506,0.8526495529449349,0.7052991058898699,11253517.47192591,2.7916539530214507e-07
2.0928678547532657e-07,209.28678547532658,209286.78547532656,0.14679396684486323,0.8532060331551368,0.7064120663102735,11253517.47192591,2.7916539530214507e-07
2.0942640307737817e-07,209.42640307737818,209426.40307737817,0.14623835857135098,0.8537616414286491,0.7075232828572982,11253517.47192591,2.7916539530214507e-07
2.0956602067942975e-07,209.56602067942976,209566.02067942976,0.14568362360612186,0.8543163763938781,0.7086327527877563,11253517.47192591,2.7916539530214507e-07
2.0970563828148133e-07,209.70563828148133,209705.63828148134,0.1451297633186142,0.8548702366813858,0.7097404733627717,11253517.47192591,2.7916539530214507e-07
2.0984525588353293e-07,209.84525588353293,209845.25588353293,0.14457677907610644,0.8554232209238936,0.7108464418477871,11253517.47192591,2.7916539530214507e-07
2.099848734855845e-07,209.9848734855845,209984.8734855845,0.144024672243715,0.8559753277562849,0.7119506555125699,11253517.47192591,2.7916539530214507e-07
2.1012449108763608e-07,210.12449108763607,210124.4910876361,0.1434734441843899,0.8565265558156101,0.7130531116312202,11253517.47192591,2.7916539530214507e-07
2.102641086896877e-07,210.26410868968767,210264.10868968768,0.14292309625891164,0.8570769037410884,0.7141538074821767,11253517.47192591,2.7916539530214507e-07
2.1040372629173926e-07,210.40372629173928,210403.72629173927,0.14237362982588858,0.8576263701741114,0.7152527403482227,11253517.47192591,2.7916539530214507e-07
2.1054334389379084e-07,210.54334389379085,210543.34389379085,0.1418250462417524,0.8581749537582476,0.7163499075164952,11253517.47192591,2.7916539530214507e-07
2.1068296149584245e-07,210.68296149584245,210682.96149584244,0.14127734686075588,0.8587226531392441,0.7174453062784882,11253517.47192591,2.7916539530214507e-07
2.1082257909789402e-07,210.82257909789402,210822.57909789402,0.14073053303496835,0.8592694669650316,0.7185389339300632,11253517.47192591,2.7916539530214507e-07
2.109621966999456e-07,210.9621966999456,210962.1966999456,0.14018460611427386,0.8598153938857261,0.7196307877714523,11253517.47192591,2.7916539530214507e-07
2.1110181430199718e-07,211.10181430199717,211101.8143019972,0.1396395674463664,0.8603604325536336,0.7207208651072672,11253517.47192591,2.7916539530214507e-07
2.1124143190404878e-07,211.24143190404877,211241.43190404878,0.13909541837674716,0.8609045816232528,0.7218091632465056,11253517.47192591,2.7916539530214507e-07
2.1138104950610036e-07,211.38104950610037,211381.04950610036,0.1385521602487218,0.8614478397512781,0.7228956795025563,11253517.47192591,2.7916539530214507e-07
2.1152066710815193e-07,211.52066710815194,211520.66710815195,0.138009794403396,0.861990205596604,0.723980411193208,11253517.47192591,2.7916539530214507e-07
2.1166028471020354e-07,211.66028471020354,211660.28471020353,0.13746832217967286,0.8625316778203271,0.7250633556406543,11253517.47192591,2.7916539530214507e-07
2.1179990231225512e-07,211.7999023122551,211799.90231225512,0.1369277449142497,0.8630722550857504,0.7261445101715007,11253517.47192591,2.7916539530214507e-07
2.119395199143067e-07,211.9395199143067,211939.5199143067,0.1363880639416144,0.8636119360583856,0.7272238721167712,11253517.47192591,2.7916539530214507e-07
2.120791375163583e-07,212.0791375163583,212079.13751635829,0.13584928059404194,0.8641507194059581,0.7283014388119162,11253517.47192591,2.7916539530214507e-07
2.1221875511840987e-07,212.21875511840986,212218.75511840987,0.13531139620159188,0.8646886037984081,0.7293772075968161,11253517.47192591,2.7916539530214507e-07
2.1235837272046145e-07,212.35837272046146,212358.37272046146,0.13477441209210417,0.8652255879078958,0.7304511758157917,11253517.47192591,2.7916539530214507e-07
2.1249799032251305e-07,212.49799032251306,212497.99032251304,0.13423832959119636,0.8657616704088036,0.7315233408176072,11253517.47192591,2.7916539530214507e-07
2.1263760792456463e-07,212.63760792456463,212637.60792456463,0.13370315002226058,0.8662968499777395,0.732593699955479,11253517.47192591,2.7916539530214507e-07
2.127772255266162e-07,212.7772255266162,212777.2255266162,0.13316887470645938,0.8668311252935406,0.7336622505870811,11253517.47192591,2.7916539530214507e-07
2.129168431286678e-07,212.9168431286678,212916.84312866782,0.1326355049627238,0.8673644950372762,0.7347289900745524,11253517.47192591,2.7916539530214507e-07
2.130564607307194e-07,213.05646073071938,213056.46073071938,0.13210304210774854,0.8678969578922515,0.735793915784503,11253517.47192591,2.7916539530214507e-07
2.1319607833277097e-07,213.19607833277095,213196.07833277097,0.13157148745599023,0.8684285125440098,0.7368570250880195,11253517.47192591,2.7916539530214507e-07
2.1333569593482254e-07,213.33569593482255,213335.69593482255,0.13104084231966295,0.868959157680337,0.7379183153606741,11253517.47192591,2.7916539530214507e-07
2.1347531353687415e-07,213.47531353687415,213475.31353687414,0.13051110800873567,0.8694888919912643,0.7389777839825287,11253517.47192591,2.7916539530214507e-07
2.1361493113892572e-07,213.61493113892573,213614.93113892572,0.1299822858309292,0.8700177141690708,0.7400354283381416,11253517.47192591,2.7916539530214507e-07
2.137545487409773e-07,213.7545487409773,213754.5487409773,0.12945437709171215,0.8705456229082879,0.7410912458165757,11253517.47192591,2.7916539530214507e-07
2.138941663430289e-07,213.8941663430289,213894.1663430289,0.12892738309429824,0.8710726169057017,0.7421452338114034,11253517.47192591,2.7916539530214507e-07
2.1403378394508048e-07,214.03378394508047,214033.78394508047,0.12840130513964337,0.8715986948603567,0.7431973897207134,11253517.47192591,2.7916539530214507e-07
2.1417340154713206e-07,214.17340154713204,214173.40154713206,0.12787614452644197,0.872123855473558,0.744247710947116,11253517.47192591,2.7916539530214507e-07
2.1431301914918366e-07,214.31301914918367,214313.01914918367,0.1273519025511235,0.8726480974488765,0.745296194897753,11253517.47192591,2.7916539530214507e-07
2.1445263675123524e-07,214.45263675123525,214452.63675123523,0.12682858050785017,0.8731714194921498,0.7463428389842997,11253517.47192591,2.7916539530214507e-07
2.1459225435328682e-07,214.59225435328682,214592.25435328681,0.12630617968851288,0.8736938203114871,0.7473876406229742,11253517.47192591,2.7916539530214507e-07
2.1473187195533842e-07,214.73187195533842,214731.87195533843,0.1257847013827283,0.8742152986172718,0.7484305972345435,11253517.47192591,2.7916539530214507e-07
2.1487148955739e-07,214.87148955739,214871.48955738998,0.12526414687783616,0.8747358531221638,0.7494717062443277,11253517.47192591,2.7916539530214507e-07
2.1501110715944157e-07,215.01110715944156,215011.10715944157,0.12474451745889525,0.8752554825411047,0.7505109650822095,11253517.47192591,2.7916539530214507e-07
2.1515072476149318e-07,215.15072476149317,215150.72476149318,0.12422581440868075,0.8757741855913193,0.7515483711826385,11253517.47192591,2.7916539530214507e-07
2.1529034236354475e-07,215.29034236354477,215290.34236354477,0.12370803900768107,0.876291960992319,0.752583921984638,11253517.47192591,2.7916539530214507e-07
2.1542995996559633e-07,215.42995996559634,215429.95996559632,0.12319119253409477,0.8768088074659053,0.7536176149318106,11253517.47192591,2.7916539530214507e-07
2.1556957756764794e-07,215.56957756764794,215569.57756764794,0.12267527626382668,0.8773247237361733,0.7546494474723466,11253517.47192591,2.7916539530214507e-07
2.157091951696995e-07,215.7091951696995,215709.19516969952,0.12216029147048602,0.877839708529514,0.755679417059028,11253517.47192591,2.7916539530214507e-07
2.158488127717511e-07,215.84881277175108,215848.81277175108,0.12164623942538189,0.8783537605746181,0.7567075211492362,11253517.47192591,2.7916539530214507e-07
2.1598843037380267e-07,215.98843037380266,215988.43037380266,0.12113312139752114,0.8788668786024789,0.7577337572049578,11253517.47192591,2.7916539530214507e-07
2.1612804797585427e-07,216.12804797585426,216128.04797585428,0.12062093865360457,0.8793790613463954,0.7587581226927909,11253517.47192591,2.7916539530214507e-07
2.1626766557790585e-07,216.26766557790586,216267.66557790583,0.12010969245802455,0.8798903075419755,0.759780615083951,11253517.47192591,2.7916539530214507e-07
2.1640728317995742e-07,216.40728317995743,216407.28317995742,0.11959938407286097,0.880400615927139,0.7608012318542781,11253517.47192591,2.7916539530214507e-07
2.1654690078200903e-07,216.54690078200903,216546.90078200903,0.119090014757879,0.8809099852421209,0.7618199704842419,11253517.47192591,2.7916539530214507e-07
2.166865183840606e-07,216.6865183840606,216686.51838406062,0.11858158577052558,0.8814184142294744,0.7628368284589488,11253517.47192591,2.7916539530214507e-07
2.1682613598611218e-07,216.82613598611218,216826.13598611217,0.11807409836592603,0.8819259016340739,0.7638518032681478,11253517.47192591,2.7916539530214507e-07
2.1696575358816379e-07,216.96575358816378,216965.7535881638,0.11756755379688116,0.8824324462031188,0.7648648924062376,11253517.47192591,2.7916539530214507e-07
2.1710537119021536e-07,217.10537119021535,217105.37119021537,0.11706195331386493,0.8829380466861351,0.7658760933722701,11253517.47192591,2.7916539530214507e-07
2.1724498879226694e-07,217.24498879226695,217244.98879226693,0.11655729816502003,0.88344270183498,0.7668854036699599,11253517.47192591,2.7916539530214507e-07
2.1738460639431854e-07,217.38460639431855,217384.60639431854,0.11605358959615558,0.8839464104038444,0.7678928208076887,11253517.47192591,2.7916539530214507e-07
2.1752422399637012e-07,217.52422399637013,217524.22399637013,0.11555082885074425,0.8844491711492557,0.7688983422985114,11253517.47192591,2.7916539530214507e-07
2.176638415984217e-07,217.6638415984217,217663.84159842168,0.11504901716991872,0.8849509828300812,0.7699019656601624,11253517.47192591,2.7916539530214507e-07
2.178034592004733e-07,217.8034592004733,217803.4592004733,0.11454815579246858,0.8854518442075314,0.7709036884150628,11253517.47192591,2.7916539530214507e-07
2.1794307680252488e-07,217.94307680252487,217943.07680252488,0.11404824595483787,0.8859517540451621,0.7719035080903243,11253517.47192591,2.7916539530214507e-07
2.1808269440457646e-07,218.08269440457644,218082.69440457647,0.1135492888911212,0.8864507111088789,0.7729014222177577,11253517.47192591,2.7916539530214507e-07
2.1822231200662803e-07,218.22231200662804,218222.31200662802,0.1130512858330614,0.8869487141669385,0.7738974283338771,11253517.47192591,2.7916539530214507e-07
2.1836192960867964e-07,218.36192960867965,218361.92960867964,0.11255423801004594,0.8874457619899541,0.7748915239799081,11253517.47192591,2.7916539530214507e-07
2.1850154721073121e-07,218.50154721073122,218501.54721073122,0.11205814664910463,0.8879418533508954,0.7758837067017907,11253517.47192591,2.7916539530214507e-07
2.186411648127828e-07,218.6411648127828,218641.16481278278,0.11156301297490562,0.8884369870250943,0.7768739740501887,11253517.47192591,2.7916539530214507e-07
2.187807824148344e-07,218.7807824148344,218780.7824148344,0.11106883820975316,0.8889311617902469,0.7778623235804938,11253517.47192591,2.7916539530214507e-07
2.1892040001688597e-07,218.92040001688596,218920.40001688598,0.11057562357358447,0.8894243764264156,0.7788487528528312,11253517.47192591,2.7916539530214507e-07
2.1906001761893755e-07,219.06001761893754,219060.01761893756,0.11008337028396614,0.8899166297160339,0.7798332594320678,11253517.47192591,2.7916539530214507e-07
2.1919963522098915e-07,219.19963522098917,219199.63522098915,0.10959207955609163,0.8904079204439084,0.7808158408878167,11253517.47192591,2.7916539530214507e-07
2.1933925282304073e-07,219.33925282304074,219339.25282304073,0.10910175260277866,0.8908982473972213,0.7817964947944427,11253517.47192591,2.7916539530214507e-07
2.194788704250923e-07,219.4788704250923,219478.87042509232,0.1086123906344651,0.8913876093655348,0.7827752187310697,11253517.47192591,2.7916539530214507e-07
2.196184880271439e-07,219.6184880271439,219618.4880271439,0.10812399485920693,0.891876005140793,0.783752010281586,11253517.47192591,2.7916539530214507e-07
2.197581056291955e-07,219.75810562919548,219758.1056291955,0.10763656648267511,0.8923634335173249,0.7847268670346499,11253517.47192591,2.7916539530214507e-07
2.1989772323124706e-07,219.89772323124706,219897.72323124707,0.107150106708152,0.892849893291848,0.7856997865836961,11253517.47192591,2.7916539530214507e-07
2.2003734083329867e-07,220.03734083329866,220037.34083329866,0.10666461673652927,0.8933353832634707,0.7866707665269415,11253517.47192591,2.7916539530214507e-07
2.2017695843535025e-07,220.17695843535026,220176.95843535024,0.10618009776630455,0.8938199022336955,0.7876398044673909,11253517.47192591,2.7916539530214507e-07
2.2031657603740182e-07,220.31657603740183,220316.57603740183,0.10569655099357794,0.8943034490064221,0.7886068980128442,11253517.47192591,2.7916539530214507e-07
2.2045619363945343e-07,220.45619363945343,220456.1936394534,0.1052139776120497,0.8947860223879502,0.7895720447759005,11253517.47192591,2.7916539530214507e-07
2.20595811241505e-07,220.595811241505,220595.811241505,0.10473237881301761,0.8952676211869823,0.7905352423739647,11253517.47192591,2.7916539530214507e-07
2.2073542884355658e-07,220.73542884355658,220735.42884355658,0.10425175578537299,0.895748244214627,0.7914964884292539,11253517.47192591,2.7916539530214507e-07
2.2087504644560816e-07,220.87504644560815,220875.04644560817,0.10377210971559847,0.8962278902844015,0.7924557805688031,11253517.47192591,2.7916539530214507e-07
2.2101466404765976e-07,221.01466404765975,221014.66404765975,0.10329344178776517,0.8967065582122349,0.7934131164244698,11253517.47192591,2.7916539530214507e-07
2.2115428164971134e-07,221.15428164971135,221154.28164971134,0.10281575318352926,0.8971842468164708,0.7943684936329416,11253517.47192591,2.7916539530214507e-07
2.2129389925176292e-07,221.29389925176292,221293.89925176292,0.10233904508212954,0.8976609549178705,0.7953219098357409,11253517.47192591,2.7916539530214507e-07
2.2143351685381452e-07,221.43351685381452,221433.5168538145,0.10186331866038406,0.8981366813396159,0.7962733626792318,11253517.47192591,2.7916539530214507e-07
2.215731344558661e-07,221.5731344558661,221573.1344558661,0.10138857509268784,0.8986114249073122,0.7972228498146243,11253517.47192591,2.7916539530214507e-07
2.2171275205791767e-07,221.71275205791767,221712.75205791768,0.10091481555100912,0.8990851844489909,0.7981703688979818,11253517.47192591,2.7916539530214507e-07
2.2185236965996928e-07,221.85236965996927,221852.36965996926,0.10044204120488714,0.8995579587951128,0.7991159175902256,11253517.47192591,2.7916539530214507e-07
2.2199198726202085e-07,221.99198726202084,221991.98726202085,0.09997025322142933,0.9000297467785707,0.8000594935571415,11253517.47192591,2.7916539530214507e-07
2.2213160486407243e-07,222.13160486407244,222131.60486407243,0.09949945276530764,0.9005005472346923,0.8010010944693846,11253517.47192591,2.7916539530214507e-07
2.2227122246612403e-07,222.27122246612404,222271.22246612405,0.09902964099875666,0.9009703590012433,0.8019407180024867,11253517.47192591,2.7916539530214507e-07
2.224108400681756e-07,222.41084006817562,222410.8400681756,0.09856081908156983,0.9014391809184301,0.8028783618368602,11253517.47192591,2.7916539530214507e-07
2.225504576702272e-07,222.5504576702272,222550.4576702272,0.09809298817109746,0.9019070118289025,0.8038140236578051,11253517.47192591,2.7916539530214507e-07
2.226900752722788e-07,222.6900752722788,222690.0752722788,0.09762614942224296,0.902373850577757,0.804747701155514,11253517.47192591,2.7916539530214507e-07
2.2282969287433037e-07,222.82969287433036,222829.69287433036,0.09716030398746095,0.9028396960125391,0.8056793920250782,11253517.47192591,2.7916539530214507e-07
2.2296931047638195e-07,222.96931047638193,222969.31047638194,0.09669545301675347,0.9033045469832466,0.8066090939664932,11253517.47192591,2.7916539530214507e-07
2.2310892807843352e-07,223.10892807843354,223108.92807843353,0.09623159765766776,0.9037684023423322,0.8075368046846645,11253517.47192591,2.7916539530214507e-07
2.2324854568048513e-07,223.24854568048514,223248.5456804851,0.09576873905529348,0.9042312609447065,0.808462521889413,11253517.47192591,2.7916539530214507e-07
2.233881632825367e-07,223.3881632825367,223388.1632825367,0.09530687835225915,0.9046931216477408,0.8093862432954817,11253517.47192591,2.7916539530214507e-07
2.2352778088458828e-07,223.52778088458828,223527.78088458828,0.0948460166887305,0.9051539833112695,0.810307966622539,11253517.47192591,2.7916539530214507e-07
2.2366739848663988e-07,223.66739848663988,223667.3984866399,0.0943861552024064,0.9056138447975937,0.8112276895951873,11253517.47192591,2.7916539530214507e-07
2.2380701608869146e-07,223.80701608869146,223807.01608869145,0.09392729502851704,0.906072704971483,0.8121454099429659,11253517.47192591,2.7916539530214507e-07
2.2394663369074304e-07,223.94663369074303,223946.63369074304,0.0934694372998206,0.9065305627001794,0.8130611254003588,11253517.47192591,2.7916539530214507e-07
2.2408625129279464e-07,224.08625129279466,224086.25129279465,0.09301258314660038,0.9069874168533996,0.8139748337067991,11253517.47192591,2.7916539530214507e-07
2.2422586889484622e-07,224.22586889484623,224225.8688948462,0.09255673369666267,0.9074432663033374,0.8148865326066748,11253517.47192591,2.7916539530214507e-07
2.243654864968978e-07,224.3654864968978,224365.4864968978,0.09210189007533304,0.907898109924667,0.815796219849334,11253517.47192591,2.7916539530214507e-07
2.245051040989494e-07,224.5051040989494,224505.1040989494,0.09164805340545457,0.9083519465945454,0.8167038931890909,11253517.47192591,2.7916539530214507e-07
2.2464472170100098e-07,224.64472170100098,224644.721701001,0.09119522480738385,0.9088047751926162,0.8176095503852323,11253517.47192591,2.7916539530214507e-07
2.2478433930305255e-07,224.78433930305255,224784.33930305255,0.09074340539898962,0.9092565946010104,0.8185131892020208,11253517.47192591,2.7916539530214507e-07
2.2492395690510416e-07,224.92395690510415,224923.95690510416,0.09029259629564879,0.9097074037043512,0.8194148074087024,11253517.47192591,2.7916539530214507e-07
2.2506357450715574e-07,225.06357450715575,225063.57450715575,0.08984279861024452,0.9101572013897554,0.8203144027795108,11253517.47192591,2.7916539530214507e-07
2.252031921092073e-07,225.20319210920732,225203.1921092073,0.08939401345316289,0.9106059865468371,0.8212119730936742,11253517.47192591,2.7916539530214507e-07
2.2534280971125892e-07,225.34280971125892,225342.80971125892,0.0889462419322905,0.9110537580677095,0.822107516135419,11253517.47192591,2.7916539530214507e-07
2.254824273133105e-07,225.4824273133105,225482.4273133105,0.08849948515301187,0.9115005148469881,0.8230010296939763,11253517.47192591,2.7916539530214507e-07
2.2562204491536207e-07,225.62204491536207,225622.04491536206,0.08805374421820611,0.9119462557817939,0.8238925115635878,11253517.47192591,2.7916539530214507e-07
2.2576166251741365e-07,225.76166251741364,225761.66251741364,0.08760902022824502,0.912390979771755,0.82478195954351,11253517.47192591,2.7916539530214507e-07
2.2590128011946525e-07,225.90128011946524,225901.28011946526,0.08716531428098939,0.9128346857190106,0.8256693714380212,11253517.47192591,2.7916539530214507e-07
2.2604089772151683e-07,226.04089772151684,226040.89772151684,0.08672262747178744,0.9132773725282126,0.8265547450564252,11253517.47192591,2.7916539530214507e-07
2.261805153235684e-07,226.18051532356841,226180.5153235684,0.08628096089347109,0.9137190391065289,0.8274380782130577,11253517.47192591,2.7916539530214507e-07
2.2632013292562e-07,226.32013292562002,226320.13292562,0.08584031563635369,0.9141596843636464,0.8283193687272927,11253517.47192591,2.7916539530214507e-07
2.2645975052767159e-07,226.4597505276716,226459.7505276716,0.0854006927882277,0.9145993072117723,0.8291986144235446,11253517.47192591,2.7916539530214507e-07
2.2659936812972316e-07,226.59936812972316,226599.36812972315,0.08496209343436117,0.9150379065656389,0.8300758131312778,11253517.47192591,2.7916539530214507e-07
2.2673898573177477e-07,226.73898573177476,226738.98573177477,0.0845245186574956,0.9154754813425043,0.8309509626850087,11253517.47192591,2.7916539530214507e-07
2.2687860333382634e-07,226.87860333382633,226878.60333382635,0.08408796953784348,0.9159120304621565,0.831824060924313,11253517.47192591,2.7916539530214507e-07
2.2701822093587792e-07,227.01822093587793,227018.2209358779,0.08365244715308523,0.9163475528469147,0.8326951056938294,11253517.47192591,2.7916539530214507e-07
2.2715783853792952e-07,227.15783853792954,227157.83853792952,0.08321795257836628,0.9167820474216337,0.8335640948432674,11253517.47192591,2.7916539530214507e-07
2.272974561399811e-07,227.2974561399811,227297.4561399811,0.0827844868862953,0.9172155131137048,0.8344310262274095,11253517.47192591,2.7916539530214507e-07
2.2743707374203268e-07,227.43707374203268,227437.0737420327,0.08235205114694066,0.9176479488530593,0.8352958977061187,11253517.47192591,2.7916539530214507e-07
2.2757669134408428e-07,227.57669134408428,227576.69134408428,0.08192064642782809,0.9180793535721719,0.8361587071443437,11253517.47192591,2.7916539530214507e-07
2.2771630894613586e-07,227.71630894613585,227716.30894613586,0.08149027379393853,0.9185097262060615,0.837019452412123,11253517.47192591,2.7916539530214507e-07
2.2785592654818744e-07,227.85592654818743,227855.92654818745,0.08106093430770472,0.9189390656922953,0.8378781313845907,11253517.47192591,2.7916539530214507e-07
2.2799554415023904e-07,227.99554415023903,227995.54415023903,0.08063262902900892,0.9193673709709911,0.8387347419419822,11253517.47192591,2.7916539530214507e-07
2.2813516175229062e-07,228.13516175229063,228135.16175229062,0.0802053590151805,0.9197946409848194,0.8395892819696389,11253517.47192591,2.7916539530214507e-07
2.282747793543422e-07,228.2747793543422,228274.7793543422,0.07977912532099324,0.9202208746790068,0.8404417493580136,11253517.47192591,2.7916539530214507e-07
2.2841439695639377e-07,228.41439695639377,228414.39695639376,0.07935392899866228,0.9206460710013378,0.8412921420026755,11253517.47192591,2.7916539530214507e-07
2.2855401455844538e-07,228.55401455844537,228554.01455844537,0.078929771097842,0.921070228902158,0.8421404578043159,11253517.47192591,2.7916539530214507e-07
2.2869363216049695e-07,228.69363216049695,228693.63216049696,0.07850665266562351,0.9214933473343765,0.842986694668753,11253517.47192591,2.7916539530214507e-07
2.2883324976254853e-07,228.83324976254852,228833.24976254854,0.07808457474653158,0.9219154252534685,0.843830850506937,11253517.47192591,2.7916539530214507e-07
2.2897286736460013e-07,228.97286736460012,228972.86736460013,0.07766353838252227,0.9223364616174777,0.8446729232349555,11253517.47192591,2.7916539530214507e-07
2.291124849666517e-07,229.11248496665172,229112.4849666517,0.07724354461298077,0.9227564553870192,0.8455129107740385,11253517.47192591,2.7916539530214507e-07
2.292521025687033e-07,229.2521025687033,229252.1025687033,0.0768245944747184,0.9231754055252817,0.8463508110505633,11253517.47192591,2.7916539530214507e-07
2.293917201707549e-07,229.3917201707549,229391.72017075488,0.07640668900196973,0.9235933109980303,0.8471866219960607,11253517.47192591,2.7916539530214507e-07
2.2953133777280647e-07,229.53133777280647,229531.33777280647,0.07598982922639108,0.9240101707736089,0.8480203415472178,11253517.47192591,2.7916539530214507e-07
2.2967095537485805e-07,229.67095537485804,229670.95537485805,0.07557401617705672,0.9244259838229433,0.8488519676458866,11253517.47192591,2.7916539530214507e-07
2.2981057297690965e-07,229.81057297690964,229810.57297690964,0.07515925088045722,0.9248407491195427,0.8496814982390855,11253517.47192591,2.7916539530214507e-07
2.2995019057896123e-07,229.9501905789612,229950.19057896122,0.07474553436049675,0.9252544656395032,0.8505089312790064,11253517.47192591,2.7916539530214507e-07
2.300898081810128e-07,230.0898081810128,230089.8081810128,0.07433286763849023,0.9256671323615098,0.8513342647230195,11253517.47192591,2.7916539530214507e-07
2.302294257830644e-07,230.2294257830644,230229.42578306442,0.07392125173316094,0.9260787482668391,0.8521574965336782,11253517.47192591,2.7916539530214507e-07
2.3036904338511598e-07,230.369043385116,230369.04338511598,0.07351068766063829,0.9264893123393617,0.8529786246787234,11253517.47192591,2.7916539530214507e-07
2.3050866098716756e-07,230.50866098716756,230508.66098716756,0.07310117643445513,0.9268988235655449,0.8537976471310897,11253517.47192591,2.7916539530214507e-07
2.3064827858921914e-07,230.64827858921913,230648.27858921915,0.07269271906554509,0.9273072809344549,0.8546145618689098,11253517.47192591,2.7916539530214507e-07
2.3078789619127074e-07,230.78789619127073,230787.89619127073,0.07228531656223997,0.9277146834377601,0.8554293668755202,11253517.47192591,2.7916539530214507e-07
2.3092751379332232e-07,230.9275137933223,230927.51379332232,0.0718789699302681,0.9281210300697319,0.8562420601394638,11253517.47192591,2.7916539530214507e-07
2.310671313953739e-07,231.0671313953739,231067.1313953739,0.07147368017275074,0.9285263198272493,0.8570526396544986,11253517.47192591,2.7916539530214507e-07
2.312067489974255e-07,231.2067489974255,231206.7489974255,0.07106944829020012,0.9289305517097999,0.8578611034195998,11253517.47192591,2.7916539530214507e-07
2.3134636659947708e-07,231.34636659947708,231346.36659947707,0.07066627528051739,0.9293337247194826,0.8586674494389652,11253517.47192591,2.7916539530214507e-07
2.3148598420152865e-07,231.48598420152865,231485.98420152866,0.07026416213898923,0.9297358378610108,0.8594716757220215,11253517.47192591,2.7916539530214507e-07
2.3162560180358026e-07,231.62560180358025,231625.60180358027,0.06986310985828614,0.9301368901417139,0.8602737802834277,11253517.47192591,2.7916539530214507e-07
2.3176521940563183e-07,231.76521940563183,231765.21940563183,0.06946311942846001,0.9305368805715399,0.8610737611430799,11253517.47192591,2.7916539530214507e-07
2.319048370076834e-07,231.9048370076834,231904.8370076834,0.06906419183694085,0.9309358081630592,0.8618716163261184,11253517.47192591,2.7916539530214507e-07
2.3204445460973501e-07,232.04445460973503,232044.45460973502,0.06866632806853507,0.9313336719314649,0.8626673438629298,11253517.47192591,2.7916539530214507e-07
2.321840722117866e-07,232.1840722117866,232184.07221178658,0.06826952910542333,0.9317304708945766,0.8634609417891532,11253517.47192591,2.7916539530214507e-07
2.3232368981383817e-07,232.32368981383817,232323.68981383817,0.06787379592715714,0.9321262040728429,0.8642524081456857,11253517.47192591,2.7916539530214507e-07
2.3246330741588977e-07,232.46330741588977,232463.30741588978,0.0674791295106571,0.9325208704893428,0.8650417409786857,11253517.47192591,2.7916539530214507e-07
2.3260292501794135e-07,232.60292501794135,232602.92501794134,0.06708553083021063,0.9329144691697894,0.8658289383395787,11253517.47192591,2.7916539530214507e-07
2.3274254261999293e-07,232.74254261999292,232742.54261999292,0.06669300085746893,0.9333069991425311,0.8666139982850622,11253517.47192591,2.7916539530214507e-07
2.3288216022204453e-07,232.88216022204452,232882.16022204453,0.06630154056144522,0.9336984594385548,0.8673969188771096,11253517.47192591,2.7916539530214507e-07
2.330217778240961e-07,233.02177782409612,233021.77782409612,0.06591115090851213,0.9340888490914878,0.8681776981829756,11253517.47192591,2.7916539530214507e-07
2.3316139542614768e-07,233.1613954261477,233161.39542614768,0.06552183286239899,0.934478167137601,0.868956334275202,11253517.47192591,2.7916539530214507e-07
2.3330101302819926e-07,233.30101302819926,233301.01302819926,0.0651335873841899,0.9348664126158102,0.8697328252316203,11253517.47192591,2.7916539530214507e-07
2.3344063063025087e-07,233.44063063025087,233440.63063025087,0.06474641543232096,0.935253584567679,0.8705071691353581,11253517.47192591,2.7916539530214507e-07
2.3358024823230244e-07,233.58024823230244,233580.24823230243,0.06436031796257857,0.9356396820374214,0.8712793640748429,11253517.47192591,2.7916539530214507e-07
2.3371986583435402e-07,233.719865834354,233719.86583435402,0.06397529592809614,0.9360247040719039,0.8720494081438077,11253517.47192591,2.7916539530214507e-07
2.3385948343640562e-07,233.8594834364056,233859.48343640563,0.06359135027935259,0.9364086497206474,0.8728172994412948,11253517.47192591,2.7916539530214507e-07
2.339991010384572e-07,233.9991010384572,233999.10103845721,0.06320848196416956,0.9367915180358304,0.8735830360716608,11253517.47192591,2.7916539530214507e-07
2.3413871864050878e-07,234.13871864050878,234138.71864050877,0.06282669192770896,0.937173308072291,0.8743466161445821,11253517.47192591,2.7916539530214507e-07
2.3427833624256038e-07,234.27833624256039,234278.33624256038,0.06244598111247085,0.9375540188875291,0.8751080377750582,11253517.47192591,2.7916539530214507e-07
2.3441795384461196e-07,234.41795384461196,234417.95384461197,0.0620663504582914,0.9379336495417085,0.8758672990834171,11253517.47192591,2.7916539530214507e-07
2.3455757144666354e-07,234.55757144666353,234557.57144666353,0.06168780090233994,0.9383121990976601,0.8766243981953201,11253517.47192591,2.7916539530214507e-07
2.3469718904871514e-07,234.69718904871513,234697.18904871514,0.0613103333791169,0.938689666620883,0.8773793332417661,11253517.47192591,2.7916539530214507e-07
2.3483680665076672e-07,234.8368066507667,234836.80665076672,0.060933948820452055,0.9390660511795479,0.8781321023590958,11253517.47192591,2.7916539530214507e-07
2.349764242528183e-07,234.9764242528183,234976.42425281828,0.06055864815550105,0.939441351844499,0.8788827036889979,11253517.47192591,2.7916539530214507e-07
2.351160418548699e-07,235.1160418548699,235116.0418548699,0.060184432310744385,0.9398155676892557,0.8796311353785113,11253517.47192591,2.7916539530214507e-07
2.3525565945692147e-07,235.25565945692148,235255.65945692148,0.05981130220998432,0.9401886977900157,0.8803773955800314,11253517.47192591,2.7916539530214507e-07
2.3539527705897305e-07,235.39527705897305,235395.27705897306,0.05943925877434275,0.9405607412256572,0.8811214824513145,11253517.47192591,2.7916539530214507e-07
2.3553489466102463e-07,235.53489466102462,235534.89466102462,0.05906830292225895,0.940931697077741,0.8818633941554821,11253517.47192591,2.7916539530214507e-07
2.3567451226307623e-07,235.67451226307622,235674.51226307623,0.058698435569487395,0.9413015644305126,0.8826031288610252,11253517.47192591,2.7916539530214507e-07
2.358141298651278e-07,235.8141298651278,235814.12986512782,0.0583296576290957,0.9416703423709043,0.8833406847418086,11253517.47192591,2.7916539530214507e-07
2.3595374746717939e-07,235.9537474671794,235953.74746717938,0.05796197001146164,0.9420380299885384,0.8840760599770767,11253517.47192591,2.7916539530214507e-07
2.36093365069231e-07,236.093365069231,236093.365069231,0.05759537362427186,0.9424046263757282,0.8848092527514564,11253517.47192591,2.7916539530214507e-07
2.3623298267128257e-07,236.23298267128257,236232.98267128257,0.05722986937251878,0.9427701306274812,0.8855402612549623,11253517.47192591,2.7916539530214507e-07
2.3637260027333414e-07,236.37260027333414,236372.60027333413,0.05686545815849908,0.9431345418415009,0.8862690836830018,11253517.47192591,2.7916539530214507e-07
2.3651221787538575e-07,236.51221787538574,236512.21787538574,0.05650214088181077,0.9434978591181893,0.8869957182363786,11253517.47192591,2.7916539530214507e-07
2.3665183547743732e-07,236.65183547743732,236651.83547743733,0.05613991843935168,0.9438600815606484,0.8877201631212968,11253517.47192591,2.7916539530214507e-07
2.367914530794889e-07,236.7914530794889,236791.4530794889,0.055778791725316634,0.9442212082746834,0.8884424165493667,11253517.47192591,2.7916539530214507e-07
2.369310706815405e-07,236.93107068154052,236931.0706815405,0.05541876163119547,0.9445812383688046,0.8891624767376092,11253517.47192591,2.7916539530214507e-07
2.3707068828359208e-07,237.0706882835921,237070.68828359208,0.055059829045771225,0.9449401709542288,0.8898803419084576,11253517.47192591,2.7916539530214507e-07
2.3721030588564366e-07,237.21030588564366,237210.30588564367,0.05470199485511712,0.9452980051448829,0.8905960102897659,11253517.47192591,2.7916539530214507e-07
2.3734992348769526e-07,237.34992348769526,237349.92348769525,0.054345259942595314,0.9456547400574047,0.8913094801148094,11253517.47192591,2.7916539530214507e-07
2.3748954108974684e-07,237.48954108974684,237489.54108974684,0.05398962518885375,0.9460103748111462,0.8920207496222925,11253517.47192591,2.7916539530214507e-07
2.3762915869179842e-07,237.6291586917984,237629.15869179842,0.05363509147182499,0.946364908528175,0.89272981705635,11253517.47192591,2.7916539530214507e-07
2.3776877629385002e-07,237.76877629385,237768.77629385,0.0532816596667231,0.9467183403332768,0.8934366806665537,11253517.47192591,2.7916539530214507e-07
2.379083938959016e-07,237.9083938959016,237908.3938959016,0.05292933064604227,0.9470706693539577,0.8941413387079153,11253517.47192591,2.7916539530214507e-07
2.3804801149795318e-07,238.04801149795318,238048.01149795318,0.05257810527955409,0.9474218947204459,0.8948437894408918,11253517.47192591,2.7916539530214507e-07
2.3818762910000475e-07,238.18762910000476,238187.62910000476,0.05222798443430571,0.9477720155656943,0.8955440311313887,11253517.47192591,2.7916539530214507e-07
2.3832724670205636e-07,238.32724670205636,238327.24670205635,0.05187896897461752,0.9481210310253825,0.896242062050765,11253517.47192591,2.7916539530214507e-07
2.3846686430410796e-07,238.46686430410796,238466.86430410796,0.05153105976208133,0.9484689402379187,0.8969378804758374,11253517.47192591,2.7916539530214507e-07
2.3860648190615954e-07,238.60648190615953,238606.48190615955,0.051184257655557897,0.9488157423444421,0.8976314846888842,11253517.47192591,2.7916539530214507e-07
2.387460995082111e-07,238.7460995082111,238746.0995082111,0.050838563511174995,0.949161436488825,0.89832287297765,11253517.47192591,2.7916539530214507e-07
2.388857171102627e-07,238.8857171102627,238885.7171102627,0.050493978182325205,0.9495060218176747,0.8990120436353495,11253517.47192591,2.7916539530214507e-07
2.3902533471231427e-07,239.02533471231428,239025.33471231427,0.0501505025196638,0.9498494974803362,0.8996989949606724,11253517.47192591,2.7916539530214507e-07
2.3916495231436585e-07,239.16495231436585,239164.95231436586,0.04980813737110673,0.9501918626288932,0.9003837252577864,11253517.47192591,2.7916539530214507e-07
2.393045699164174e-07,239.30456991641742,239304.56991641741,0.04946688358182838,0.9505331164181716,0.9010662328363432,11253517.47192591,2.7916539530214507e-07
2.3944418751846905e-07,239.44418751846905,239444.18751846906,0.049126741994259926,0.9508732580057401,0.9017465160114801,11253517.47192591,2.7916539530214507e-07
2.3958380512052063e-07,239.58380512052062,239583.80512052064,0.048787713448086634,0.9512122865519134,0.9024245731038267,11253517.47192591,2.7916539530214507e-07
2.397234227225722e-07,239.7234227225722,239723.4227225722,0.048449798780246134,0.9515502012197539,0.9031004024395077,11253517.47192591,2.7916539530214507e-07
2.398630403246238e-07,239.8630403246238,239863.04032462378,0.04811299882492637,0.9518870011750736,0.9037740023501473,11253517.47192591,2.7916539530214507e-07
2.4000265792667536e-07,240.00265792667537,240002.65792667537,0.04777731441356342,0.9522226855864366,0.9044453711728733,11253517.47192591,2.7916539530214507e-07
2.4014227552872694e-07,240.14227552872694,240142.27552872692,0.04744274637483947,0.9525572536251605,0.905114507250321,11253517.47192591,2.7916539530214507e-07
2.4028189313077857e-07,240.28189313077857,240281.89313077857,0.04710929553468057,0.9528907044653194,0.9057814089306389,11253517.47192591,2.7916539530214507e-07
2.4042151073283015e-07,240.42151073283014,240421.51073283015,0.04677696271625553,0.9532230372837445,0.9064460745674889,11253517.47192591,2.7916539530214507e-07
2.405611283348817e-07,240.56112833488172,240561.1283348817,0.04644574873997237,0.9535542512600277,0.9071085025200554,11253517.47192591,2.7916539530214507e-07
2.407007459369333e-07,240.7007459369333,240700.7459369333,0.046115654423477426,0.9538843455765226,0.9077686911530451,11253517.47192591,2.7916539530214507e-07
2.408403635389849e-07,240.8403635389849,240840.36353898488,0.045786680581653194,0.9542133194183469,0.9084266388366937,11253517.47192591,2.7916539530214507e-07
2.4097998114103645e-07,240.97998114103646,240979.98114103646,0.04545882802661577,0.9545411719733843,0.9090823439467686,11253517.47192591,2.7916539530214507e-07
2.411195987430881e-07,241.1195987430881,241119.59874308808,0.04513209756771325,0.9548679024322868,0.9097358048645736,11253517.47192591,2.7916539530214507e-07
2.4125921634513966e-07,241.25921634513966,241259.21634513966,0.04480649001152415,0.9551935099884759,0.9103870199769517,11253517.47192591,2.7916539530214507e-07
2.4139883394719124e-07,241.39883394719124,241398.83394719125,0.04448200616185438,0.9555179938381456,0.9110359876762912,11253517.47192591,2.7916539530214507e-07
2.415384515492428e-07,241.5384515492428,241538.4515492428,0.04415864681973608,0.9558413531802639,0.9116827063605277,11253517.47192591,2.7916539530214507e-07
2.416780691512944e-07,241.67806915129438,241678.0691512944,0.04383641278342537,0.9561635872165746,0.9123271744331491,11253517.47192591,2.7916539530214507e-07
2.4181768675334597e-07,241.81768675334598,241817.68675334597,0.04351530484840027,0.9564846951515997,0.9129693903031995,11253517.47192591,2.7916539530214507e-07
2.4195730435539755e-07,241.95730435539755,241957.30435539756,0.04319532380735919,0.9568046761926408,0.9136093523852815,11253517.47192591,2.7916539530214507e-07
2.420969219574492e-07,242.09692195744918,242096.92195744917,0.04287647045021825,0.9571235295497817,0.9142470590995635,11253517.47192591,2.7916539530214507e-07
2.4223653955950075e-07,242.23653955950076,242236.53955950076,0.0425587455641101,0.9574412544358899,0.9148825088717798,11253517.47192591,2.7916539530214507e-07
2.4237615716155233e-07,242.37615716155233,242376.15716155234,0.04224214993338138,0.9577578500666186,0.9155157001332372,11253517.47192591,2.7916539530214507e-07
2.425157747636039e-07,242.5157747636039,242515.7747636039,0.041926684339591125,0.9580733156604089,0.9161466313208178,11253517.47192591,2.7916539530214507e-07
2.426553923656555e-07,242.65539236565547,242655.39236565548,0.041612349561508555,0.9583876504384914,0.9167753008769828,11253517.47192591,2.7916539530214507e-07
2.4279500996770706e-07,242.79500996770707,242795.00996770707,0.041299146375111395,0.9587008536248887,0.9174017072497773,11253517.47192591,2.7916539530214507e-07
2.429346275697587e-07,242.9346275697587,242934.62756975868,0.040987075553583996,0.9590129244464161,0.9180258488928321,11253517.47192591,2.7916539530214507e-07
2.4307424517181027e-07,243.07424517181028,243074.24517181027,0.04067613786731533,0.9593238621326847,0.9186477242653694,11253517.47192591,2.7916539530214507e-07
2.4321386277386185e-07,243.21386277386185,243213.86277386185,0.04036633408389678,0.9596336659161032,0.9192673318322064,11253517.47192591,2.7916539530214507e-07
2.433534803759134e-07,243.35348037591342,243353.48037591344,0.040057664968120965,0.959942335031879,0.919884670063758,11253517.47192591,2.7916539530214507e-07
2.43493097977965e-07,243.493097977965,243493.097977965,0.03975013128197902,0.960249868718021,0.920499737436042,11253517.47192591,2.7916539530214507e-07
2.436327155800166e-07,243.63271558001657,243632.71558001658,0.03944373378465932,0.9605562662153406,0.9211125324306813,11253517.47192591,2.7916539530214507e-07
2.437723331820682e-07,243.7723331820682,243772.33318206822,0.03913847323254521,0.9608615267674547,0.9217230535349095,11253517.47192591,2.7916539530214507e-07
2.439119507841198e-07,243.9119507841198,243911.95078411978,0.038834350379213844,0.9611656496207861,0.9223312992415722,11253517.47192591,2.7916539530214507e-07
2.4405156838617136e-07,244.05156838617137,244051.56838617136,0.03853136597543333,0.9614686340245666,0.9229372680491332,11253517.47192591,2.7916539530214507e-07
2.4419118598822294e-07,244.19118598822294,244191.18598822295,0.03822952076916136,0.9617704792308386,0.9235409584616772,11253517.47192591,2.7916539530214507e-07
2.443308035902745e-07,244.3308035902745,244330.8035902745,0.03792881550554372,0.9620711844944563,0.9241423689889126,11253517.47192591,2.7916539530214507e-07
2.444704211923261e-07,244.47042119232609,244470.4211923261,0.03762925092691172,0.9623707490730883,0.9247414981461766,11253517.47192591,2.7916539530214507e-07
2.4461003879437767e-07,244.61003879437766,244610.03879437767,0.03733082777278096,0.962669172227219,0.9253383444544381,11253517.47192591,2.7916539530214507e-07
2.447496563964293e-07,244.7496563964293,244749.6563964293,0.03703354677984899,0.962966453220151,0.9259329064403019,11253517.47192591,2.7916539530214507e-07
2.448892739984809e-07,244.8892739984809,244889.27399848087,0.03673740868199438,0.9632625913180056,0.9265251826360112,11253517.47192591,2.7916539530214507e-07
2.4502889160053245e-07,245.02889160053246,245028.89160053246,0.03644241421027372,0.9635575857897263,0.9271151715794526,11253517.47192591,2.7916539530214507e-07
2.4516850920258403e-07,245.16850920258403,245168.50920258404,0.036148564092920665,0.9638514359070793,0.9277028718141587,11253517.47192591,2.7916539530214507e-07
2.453081268046356e-07,245.3081268046356,245308.1268046356,0.03585585905534372,0.9641441409446563,0.9282882818893126,11253517.47192591,2.7916539530214507e-07
2.454477444066872e-07,245.44774440668718,245447.74440668718,0.03556429982012488,0.9644357001798751,0.9288714003597502,11253517.47192591,2.7916539530214507e-07
2.455873620087388e-07,245.5873620087388,245587.36200873883,0.03527388710701723,0.9647261128929827,0.9294522257859654,11253517.47192591,2.7916539530214507e-07
2.457269796107904e-07,245.72697961079038,245726.97961079038,0.0349846216329438,0.9650153783670562,0.9300307567341124,11253517.47192591,2.7916539530214507e-07
2.4586659721284197e-07,245.86659721284198,245866.59721284197,0.03469650411199543,0.9653034958880046,0.9306069917760091,11253517.47192591,2.7916539530214507e-07
2.4600621481489355e-07,246.00621481489355,246006.21481489355,0.034409535255429,0.965590464744571,0.931180929489142,11253517.47192591,2.7916539530214507e-07
2.461458324169451e-07,246.14583241694513,246145.83241694514,0.034123715771665786,0.9658762842283342,0.9317525684566683,11253517.47192591,2.7916539530214507e-07
2.462854500189967e-07,246.2854500189967,246285.4500189967,0.03383904636628965,0.9661609536337104,0.9323219072674207,11253517.47192591,2.7916539530214507e-07
2.4642506762104833e-07,246.42506762104833,246425.06762104834,0.0335555277420454,0.9664444722579546,0.9328889445159092,11253517.47192591,2.7916539530214507e-07
2.465646852230999e-07,246.5646852230999,246564.68522309992,0.033273160598837115,0.9667268394011629,0.9334536788023258,11253517.47192591,2.7916539530214507e-07
2.467043028251515e-07,246.70430282515147,246704.30282515148,0.03299194563372593,0.967008054366274,0.934016108732548,11253517.47192591,2.7916539530214507e-07
2.4684392042720306e-07,246.84392042720307,246843.92042720306,0.032711883540929076,0.967288116459071,0.934576232918142,11253517.47192591,2.7916539530214507e-07
2.4698353802925464e-07,246.98353802925465,246983.53802925465,0.032432975011817466,0.9675670249881825,0.935134049976365,11253517.47192591,2.7916539530214507e-07
2.471231556313062e-07,247.12315563130622,247123.1556313062,0.032155220734914336,0.9678447792650857,0.9356895585301714,11253517.47192591,2.7916539530214507e-07
2.472627732333578e-07,247.2627732333578,247262.7732333578,0.03187862139589365,0.9681213786041063,0.9362427572082126,11253517.47192591,2.7916539530214507e-07
2.474023908354094e-07,247.40239083540942,247402.39083540943,0.031603177677577976,0.968396822322422,0.9367936446448439,11253517.47192591,2.7916539530214507e-07
2.47542008437461e-07,247.542008437461,247542.00843746102,0.03132889025993746,0.9686711097400625,0.9373422194801251,11253517.47192591,2.7916539530214507e-07
2.476816260395126e-07,247.68162603951257,247681.62603951257,0.031055759820087514,0.9689442401799124,0.9378884803598249,11253517.47192591,2.7916539530214507e-07
2.4782124364156416e-07,247.82124364156417,247821.24364156416,0.030783787032287346,0.9692162129677127,0.9384324259354253,11253517.47192591,2.7916539530214507e-07
2.4796086124361573e-07,247.96086124361574,247960.86124361574,0.0305129725679385,0.9694870274320615,0.938974054864123,11253517.47192591,2.7916539530214507e-07
2.481004788456673e-07,248.1004788456673,248100.4788456673,0.030243317095583033,0.969756682904417,0.9395133658088339,11253517.47192591,2.7916539530214507e-07
2.4824009644771894e-07,248.24009644771894,248240.09644771894,0.02997482128090151,0.9700251787190985,0.9400503574381971,11253517.47192591,2.7916539530214507e-07
2.483797140497705e-07,248.3797140497705,248379.71404977053,0.02970748578671245,0.9702925142132875,0.9405850284265751,11253517.47192591,2.7916539530214507e-07
2.485193316518221e-07,248.51933165182209,248519.33165182208,0.02944131127296934,0.9705586887270307,0.9411173774540613,11253517.47192591,2.7916539530214507e-07
2.4865894925387367e-07,248.65894925387366,248658.94925387367,0.029176298396759837,0.9708237016032402,0.9416474032064803,11253517.47192591,2.7916539530214507e-07
2.4879856685592525e-07,248.79856685592526,248798.56685592525,0.0289124478123039,0.971087552187696,0.9421751043753921,11253517.47192591,2.7916539530214507e-07
2.489381844579768e-07,248.93818445797683,248938.18445797684,0.028649760170952332,0.9713502398290477,0.9427004796580953,11253517.47192591,2.7916539530214507e-07
2.490778020600284e-07,249.0778020600284,249077.8020600284,0.028388236121185018,0.971611763878815,0.94322352775763,11253517.47192591,2.7916539530214507e-07
2.4921741966208003e-07,249.21741966208003,249217.41966208004,0.028127876308609023,0.971872123691391,0.943744247382782,11253517.47192591,2.7916539530214507e-07
2.493570372641316e-07,249.3570372641316,249357.03726413162,0.02786868137595805,0.9721313186240419,0.9442626372480838,11253517.47192591,2.7916539530214507e-07
2.494966548661832e-07,249.49665486618318,249496.65486618318,0.02761065196308954,0.9723893480369105,0.9447786960738209,11253517.47192591,2.7916539530214507e-07
2.4963627246823476e-07,249.63627246823475,249636.27246823476,0.027353788706983795,0.9726462112930162,0.9452924225860324,11253517.47192591,2.7916539530214507e-07
2.4977589007028634e-07,249.77589007028635,249775.89007028635,0.027098092241742366,0.9729019077582577,0.9458038155165154,11253517.47192591,2.7916539530214507e-07
2.499155076723379e-07,249.91550767233792,249915.50767233793,0.02684356319858655,0.9731564368014134,0.9463128736028268,11253517.47192591,2.7916539530214507e-07
2.5005512527438955e-07,250.05512527438955,250055.12527438955,0.026590202205855507,0.9734097977941445,0.946819595588289,11253517.47192591,2.7916539530214507e-07
2.501947428764411e-07,250.19474287644113,250194.74287644113,0.026338009889005032,0.973661990110995,0.9473239802219899,11253517.47192591,2.7916539530214507e-07
2.503343604784927e-07,250.3343604784927,250334.36047849272,0.026086986870605844,0.9739130131293942,0.9478260262587883,11253517.47192591,2.7916539530214507e-07
2.504739780805443e-07,250.47397808054427,250473.97808054427,0.025837133770342136,0.9741628662296579,0.9483257324593157,11253517.47192591,2.7916539530214507e-07
2.5061359568259586e-07,250.61359568259584,250613.59568259586,0.025588451205009854,0.9744115487949901,0.9488230975899803,11253517.47192591,2.7916539530214507e-07
2.5075321328464743e-07,250.75321328464744,250753.21328464744,0.025340939788515482,0.9746590602114845,0.949318120422969,11253517.47192591,2.7916539530214507e-07
2.5089283088669906e-07,250.89283088669907,250892.83088669906,0.025094600131874145,0.9749053998681259,0.9498107997362517,11253517.47192591,2.7916539530214507e-07
2.5103244848875064e-07,251.03244848875065,251032.44848875064,0.024849432843208785,0.9751505671567913,0.9503011343135825,11253517.47192591,2.7916539530214507e-07
2.511720660908022e-07,251.17206609080222,251172.06609080223,0.024605438527747714,0.9753945614722523,0.9507891229445047,11253517.47192591,2.7916539530214507e-07
2.513116836928538e-07,251.3116836928538,251311.68369285378,0.024362617787823726,0.9756373822121762,0.9512747644243524,11253517.47192591,2.7916539530214507e-07
2.5145130129490537e-07,251.45130129490536,251451.30129490537,0.024120971222872656,0.9758790287771273,0.9517580575542546,11253517.47192591,2.7916539530214507e-07
2.5159091889695695e-07,251.59091889695694,251590.91889695695,0.0238804994294316,0.9761195005705684,0.9522390011411368,11253517.47192591,2.7916539530214507e-07
2.5173053649900853e-07,251.73053649900854,251730.53649900854,0.023641203001137534,0.9763587969988625,0.952717593997725,11253517.47192591,2.7916539530214507e-07
2.5187015410106016e-07,251.87015410106017,251870.15410106015,0.023403082528725805,0.9765969174712742,0.9531938349425484,11253517.47192591,2.7916539530214507e-07
2.5200977170311173e-07,252.00977170311174,252009.77170311174,0.023166138600029196,0.9768338613999707,0.9536677227999415,11253517.47192591,2.7916539530214507e-07
2.521493893051633e-07,252.1493893051633,252149.38930516332,0.02293037179997559,0.9770696282000244,0.9541392564000488,11253517.47192591,2.7916539530214507e-07
2.522890069072149e-07,252.28900690721488,252289.00690721488,0.022695782710586976,0.9773042172894131,0.9546084345788262,11253517.47192591,2.7916539530214507e-07
2.5242862450926647e-07,252.42862450926646,252428.62450926646,0.02246237191097833,0.9775376280890217,0.9550752561780433,11253517.47192591,2.7916539530214507e-07
2.5256824211131804e-07,252.56824211131806,252568.24211131805,0.022230139977355567,0.9777698600226444,0.9555397200452889,11253517.47192591,2.7916539530214507e-07
2.5270785971336967e-07,252.7078597133697,252707.85971336966,0.021999087483014323,0.9780009125169857,0.9560018250339715,11253517.47192591,2.7916539530214507e-07
2.5284747731542125e-07,252.84747731542126,252847.47731542125,0.021769214998339226,0.9782307850016607,0.9564615700033214,11253517.47192591,2.7916539530214507e-07
2.5298709491747283e-07,252.98709491747283,252987.09491747283,0.021540523090801178,0.9784594769091988,0.9569189538183975,11253517.47192591,2.7916539530214507e-07
2.531267125195244e-07,253.1267125195244,253126.71251952442,0.021313012324957137,0.9786869876750428,0.9573739753500856,11253517.47192591,2.7916539530214507e-07
2.53266330121576e-07,253.26633012157598,253266.33012157597,0.021086683262447947,0.9789133167375521,0.9578266334751042,11253517.47192591,2.7916539530214507e-07
2.5340594772362756e-07,253.40594772362755,253405.94772362756,0.0208615364619974,0.9791384635380026,0.9582769270760052,11253517.47192591,2.7916539530214507e-07
2.535455653256792e-07,253.54556532567918,253545.5653256792,0.020637572479410782,0.9793624275205892,0.9587248550411784,11253517.47192591,2.7916539530214507e-07
2.5368518292773077e-07,253.68518292773078,253685.18292773076,0.020414791867573445,0.9795852081324266,0.9591704162648531,11253517.47192591,2.7916539530214507e-07
2.5382480052978234e-07,253.82480052978235,253824.80052978234,0.02019319517644913,0.9798068048235509,0.9596136096471017,11253517.47192591,2.7916539530214507e-07
2.539644181318339e-07,253.96441813183392,253964.41813183393,0.01997278295307936,0.9800272170469206,0.9600544340938413,11253517.47192591,2.7916539530214507e-07
2.541040357338855e-07,254.1040357338855,254104.0357338855,0.019753555741581275,0.9802464442584187,0.9604928885168373,11253517.47192591,2.7916539530214507e-07
2.542436533359371e-07,254.24365333593707,254243.65333593707,0.019535514083146854,0.9804644859168532,0.9609289718337064,11253517.47192591,2.7916539530214507e-07
2.5438327093798865e-07,254.38327093798864,254383.27093798865,0.0193186585160412,0.9806813414839588,0.9613626829679176,11253517.47192591,2.7916539530214507e-07
2.545228885400403e-07,254.52288854004027,254522.8885400403,0.01910298957560158,0.9808970104243984,0.9617940208487967,11253517.47192591,2.7916539530214507e-07
2.5466250614209186e-07,254.66250614209187,254662.50614209185,0.018888507794235898,0.9811114922057641,0.9622229844115282,11253517.47192591,2.7916539530214507e-07
2.5480212374414344e-07,254.80212374414344,254802.12374414344,0.018675213701421223,0.9813247862985788,0.9626495725971576,11253517.47192591,2.7916539530214507e-07
2.54941741346195e-07,254.94174134619502,254941.74134619502,0.018463107823702862,0.9815368921762971,0.9630737843525943,11253517.47192591,2.7916539530214507e-07
2.550813589482466e-07,255.0813589482466,255081.35894824658,0.01825219068469275,0.9817478093153073,0.9634956186306145,11253517.47192591,2.7916539530214507e-07
2.5522097655029817e-07,255.22097655029816,255220.97655029816,0.018042462805068216,0.9819575371949318,0.9639150743898637,11253517.47192591,2.7916539530214507e-07
2.553605941523498e-07,255.3605941523498,255360.5941523498,0.01783392470257067,0.9821660752974293,0.9643321505948586,11253517.47192591,2.7916539530214507e-07
2.555002117544014e-07,255.50021175440136,255500.21175440136,0.017626576892004753,0.9823734231079952,0.9647468462159905,11253517.47192591,2.7916539530214507e-07
2.5563982935645295e-07,255.63982935645296,255639.82935645294,0.017420419885236405,0.9825795801147637,0.9651591602295273,11253517.47192591,2.7916539530214507e-07
2.5577944695850453e-07,255.77944695850454,255779.44695850453,0.017215454191191915,0.982784545808808,0.9655690916176161,11253517.47192591,2.7916539530214507e-07
2.559190645605561e-07,255.9190645605561,255919.06456055611,0.01701168031585676,0.9829883196841432,0.9659766393682865,11253517.47192591,2.7916539530214507e-07
2.560586821626077e-07,256.0586821626077,256058.68216260767,0.016809098762274266,0.9831909012377258,0.9663818024754516,11253517.47192591,2.7916539530214507e-07
2.561982997646593e-07,256.19829976465934,256198.2997646593,0.016607710030544065,0.9833922899694559,0.9667845799389119,11253517.47192591,2.7916539530214507e-07
2.563379173667109e-07,256.3379173667109,256337.9173667109,0.016407514617821695,0.9835924853821782,0.9671849707643565,11253517.47192591,2.7916539530214507e-07
2.5647753496876247e-07,256.4775349687625,256477.53496876245,0.016208513018316384,0.9837914869816836,0.9675829739633672,11253517.47192591,2.7916539530214507e-07
2.5661715257081404e-07,256.617152570814,256617.15257081404,0.016010705723290386,0.9839892942767097,0.9679785885534193,11253517.47192591,2.7916539530214507e-07
2.567567701728656e-07,256.75677017286563,256756.77017286562,0.015814093221057646,0.9841859067789424,0.9683718135578847,11253517.47192591,2.7916539530214507e-07
2.568963877749172e-07,256.8963877749172,256896.3877749172,0.015618675996982578,0.9843813240030175,0.968762648006035,11253517.47192591,2.7916539530214507e-07
2.570360053769688e-07,257.0360053769688,257036.00537696877,0.015424454533479015,0.984575545466521,0.9691510909330421,11253517.47192591,2.7916539530214507e-07
2.571756229790204e-07,257.17562297902043,257175.6229790204,0.01523142931000876,0.9847685706899912,0.9695371413799825,11253517.47192591,2.7916539530214507e-07
2.57315240581072e-07,257.315240581072,257315.240581072,0.015039600803080588,0.9849603991969194,0.9699207983938387,11253517.47192591,2.7916539530214507e-07
2.5745485818312356e-07,257.4548581831236,257454.85818312355,0.014848969486249142,0.9851510305137509,0.9703020610275017,11253517.47192591,2.7916539530214507e-07
2.5759447578517514e-07,257.5944757851751,257594.47578517513,0.014659535830113368,0.9853404641698866,0.9706809283397733,11253517.47192591,2.7916539530214507e-07
2.577340933872267e-07,257.7340933872267,257734.09338722672,0.01447130030231586,0.9855286996976842,0.9710573993953684,11253517.47192591,2.7916539530214507e-07
2.578737109892783e-07,257.87371098927827,257873.7109892783,0.014284263367541294,0.9857157366324587,0.9714314732649174,11253517.47192591,2.7916539530214507e-07
2.580133285913299e-07,258.0133285913299,258013.32859132992,0.014098425487515609,0.9859015745124844,0.9718031490249688,11253517.47192591,2.7916539530214507e-07
2.581529461933815e-07,258.1529461933815,258152.9461933815,0.013913787121004662,0.9860862128789953,0.9721724257579907,11253517.47192591,2.7916539530214507e-07
2.582925637954331e-07,258.29256379543307,258292.5637954331,0.013730348723813124,0.9862696512761868,0.9725393025523736,11253517.47192591,2.7916539530214507e-07
2.5843218139748465e-07,258.43218139748467,258432.18139748464,0.013548110748783426,0.9864518892512166,0.9729037785024333,11253517.47192591,2.7916539530214507e-07
2.5857179899953623e-07,258.5717989995362,258571.79899953623,0.013367073645794536,0.9866329263542055,0.973265852708411,11253517.47192591,2.7916539530214507e-07
2.587114166015878e-07,258.7114166015878,258711.4166015878,0.013187237861760959,0.986812762138239,0.973625524276478,11253517.47192591,2.7916539530214507e-07
2.588510342036394e-07,258.85103420363936,258851.03420363937,0.013008603840631572,0.9869913961593684,0.9739827923187367,11253517.47192591,2.7916539530214507e-07
2.58990651805691e-07,258.990651805691,258990.651805691,0.012831172023388349,0.9871688279766117,0.9743376559532233,11253517.47192591,2.7916539530214507e-07
2.591302694077426e-07,259.1302694077426,259130.2694077426,0.012654942848045914,0.9873450571519541,0.9746901143039082,11253517.47192591,2.7916539530214507e-07
2.5926988700979417e-07,259.26988700979416,259269.88700979415,0.012479916749649655,0.9875200832503503,0.9750401665007007,11253517.47192591,2.7916539530214507e-07
2.5940950461184574e-07,259.40950461184576,259409.50461184574,0.01230609416027495,0.987693905839725,0.9753878116794501,11253517.47192591,2.7916539530214507e-07
2.595491222138973e-07,259.5491222138973,259549.12221389732,0.012133475509026437,0.9878665244909736,0.9757330489819471,11253517.47192591,2.7916539530214507e-07
2.596887398159489e-07,259.6887398159489,259688.7398159489,0.011962061222036469,0.9880379387779635,0.9760758775559271,11253517.47192591,2.7916539530214507e-07
2.5982835741800053e-07,259.8283574180005,259828.35741800052,0.011791851722464164,0.9882081482775358,0.9764162965550716,11253517.47192591,2.7916539530214507e-07
2.599679750200521e-07,259.9679750200521,259967.9750200521,0.01162284743049491,0.9883771525695051,0.9767543051390102,11253517.47192591,2.7916539530214507e-07
2.601075926221037e-07,260.1075926221037,260107.5926221037,0.01145504876333836,0.9885449512366616,0.9770899024733233,11253517.47192591,2.7916539530214507e-07
2.6024721022415526e-07,260.24721022415525,260247.21022415525,0.01128845613522822,0.9887115438647718,0.9774230877295436,11253517.47192591,2.7916539530214507e-07
2.6038682782620684e-07,260.38682782620685,260386.82782620683,0.01112306995742074,0.9888769300425793,0.9777538600851585,11253517.47192591,2.7916539530214507e-07
2.605264454282584e-07,260.5264454282584,260526.44542825842,0.010958890638194108,0.9890411093618059,0.9780822187236118,11253517.47192591,2.7916539530214507e-07
2.6066606303031004e-07,260.66606303031006,260666.06303031003,0.010795918582846953,0.989204081417153,0.978408162834306,11253517.47192591,2.7916539530214507e-07
2.608056806323616e-07,260.8056806323616,260805.68063236162,0.010634154193697898,0.9893658458063022,0.9787316916126043,11253517.47192591,2.7916539530214507e-07
2.609452982344132e-07,260.9452982344132,260945.2982344132,0.010473597870084173,0.9895264021299158,0.9790528042598317,11253517.47192591,2.7916539530214507e-07
2.610849158364648e-07,261.0849158364648,261084.9158364648,0.01031425000836056,0.9896857499916394,0.9793714999832788,11253517.47192591,2.7916539530214507e-07
2.6122453343851635e-07,261.22453343851635,261224.53343851634,0.010156111001898782,0.9898438889981012,0.9796877779962023,11253517.47192591,2.7916539530214507e-07
2.6136415104056793e-07,261.36415104056795,261364.15104056793,0.00999918124108623,0.9900008187589138,0.9800016375178275,11253517.47192591,2.7916539530214507e-07
2.615037686426195e-07,261.5037686426195,261503.7686426195,0.009843461113325291,0.9901565388866747,0.9803130777733493,11253517.47192591,2.7916539530214507e-07
2.6164338624467114e-07,261.64338624467115,261643.38624467113,0.009688951003031965,0.990311048996968,0.980622097993936,11253517.47192591,2.7916539530214507e-07
2.617830038467227e-07,261.7830038467227,261783.0038467227,0.009535651291635305,0.9904643487083646,0.9809286974167293,11253517.47192591,2.7916539530214507e-07
2.619226214487743e-07,261.9226214487743,261922.6214487743,0.009383562357576425,0.9906164376424236,0.9812328752848472,11253517.47192591,2.7916539530214507e-07
2.6206223905082587e-07,262.0622390508259,262062.23905082588,0.009232684576307215,0.9907673154236928,0.9815346308473856,11253517.47192591,2.7916539530214507e-07
2.6220185665287745e-07,262.20185665287744,262201.85665287747,0.009083018320289848,0.9909169816797101,0.9818339633594202,11253517.47192591,2.7916539530214507e-07
2.62341474254929e-07,262.34147425492904,262341.474254929,0.008934563958995723,0.9910654360410043,0.9821308720820086,11253517.47192591,2.7916539530214507e-07
2.6248109185698065e-07,262.48109185698064,262481.09185698064,0.008787321858904185,0.9912126781410958,0.9824253562821916,11253517.47192591,2.7916539530214507e-07
2.6262070945903223e-07,262.62070945903224,262620.7094590322,0.00864129238350253,0.9913587076164975,0.9827174152329949,11253517.47192591,2.7916539530214507e-07
2.627603270610838e-07,262.7603270610838,262760.3270610838,0.008496475893284061,0.9915035241067159,0.9830070482134319,11253517.47192591,2.7916539530214507e-07
2.628999446631354e-07,262.8999446631354,262899.9446631354,0.008352872745747697,0.9916471272542523,0.9832942545085046,11253517.47192591,2.7916539530214507e-07
2.6303956226518696e-07,263.039562265187,263039.562265187,0.008210483295397308,0.9917895167046027,0.9835790334092054,11253517.47192591,2.7916539530214507e-07
2.6317917986723854e-07,263.17917986723853,263179.17986723856,0.00806930789374033,0.9919306921062596,0.9838613842125192,11253517.47192591,2.7916539530214507e-07
2.6331879746929017e-07,263.3187974692902,263318.79746929015,0.007929346889287314,0.9920706531107126,0.9841413062214253,11253517.47192591,2.7916539530214507e-07
2.6345841507134175e-07,263.45841507134173,263458.41507134173,0.007790600627550881,0.9922093993724491,0.9844187987448982,11253517.47192591,2.7916539530214507e-07
2.635980326733933e-07,263.59803267339333,263598.0326733933,0.0076530694510448805,0.9923469305489552,0.9846938610979104,11253517.47192591,2.7916539530214507e-07
2.637376502754449e-07,263.7376502754449,263737.6502754449,0.007516753699283507,0.9924832463007165,0.984966492601433,11253517.47192591,2.7916539530214507e-07
2.638772678774965e-07,263.8772678774965,263877.2678774965,0.007381653708780578,0.9926183462912195,0.985236692582439,11253517.47192591,2.7916539530214507e-07
2.6401688547954805e-07,264.0168854795481,264016.8854795481,0.007247769813048643,0.9927522301869514,0.9855044603739027,11253517.47192591,2.7916539530214507e-07
2.6415650308159963e-07,264.1565030815996,264156.50308159966,0.007115102342598156,0.9928848976574018,0.9857697953148037,11253517.47192591,2.7916539530214507e-07
2.6429612068365126e-07,264.2961206836513,264296.12068365124,0.006983651624936527,0.9930163483750635,0.986032696750127,11253517.47192591,2.7916539530214507e-07
2.6443573828570284e-07,264.4357382857028,264435.7382857028,0.0068534179845677334,0.9931465820154323,0.9862931640308645,11253517.47192591,2.7916539530214507e-07
2.645753558877544e-07,264.5753558877544,264575.3558877544,0.006724401742990993,0.993275598257009,0.9865511965140179,11253517.47192591,2.7916539530214507e-07
2.64714973489806e-07,264.71497348980597,264714.973489806,0.006596603218700259,0.9934033967812997,0.9868067935625995,11253517.47192591,2.7916539530214507e-07
2.6485459109185757e-07,264.85459109185757,264854.5910918576,0.006470022727183444,0.9935299772728166,0.9870599545456331,11253517.47192591,2.7916539530214507e-07
2.6499420869390915e-07,264.9942086939092,264994.20869390917,0.006344660580921535,0.9936553394190785,0.9873106788381569,11253517.47192591,2.7916539530214507e-07
2.651338262959608e-07,265.1338262959608,265133.82629596075,0.006220517089387867,0.9937794829106121,0.9875589658212243,11253517.47192591,2.7916539530214507e-07
2.6527344389801235e-07,265.2734438980124,265273.44389801234,0.0060975925590474045,0.9939024074409526,0.9878048148819052,11253517.47192591,2.7916539530214507e-07
2.6541306150006393e-07,265.4130615000639,265413.0615000639,0.005975887293355908,0.994024112706644,0.9880482254132881,11253517.47192591,2.7916539530214507e-07
2.655526791021155e-07,265.5526791021155,265552.6791021155,0.005855401592759268,0.9941445984072408,0.9882891968144816,11253517.47192591,2.7916539530214507e-07
2.656922967041671e-07,265.69229670416706,265692.2967041671,0.005736135754692617,0.9942638642453074,0.9885277284906149,11253517.47192591,2.7916539530214507e-07
2.6583191430621866e-07,265.83191430621866,265831.9143062187,0.005618090073579773,0.9943819099264202,0.9887638198528403,11253517.47192591,2.7916539530214507e-07
2.659715319082703e-07,265.97153190827026,265971.5319082703,0.005501264840832298,0.9944987351591676,0.9889974703183353,11253517.47192591,2.7916539530214507e-07
2.6611114951032187e-07,266.11114951032187,266111.14951032185,0.005385660344849219,0.9946143396551508,0.9892286793103016,11253517.47192591,2.7916539530214507e-07
2.6625076711237345e-07,266.25076711237347,266250.76711237343,0.005271276871015695,0.9947287231289843,0.9894574462579686,11253517.47192591,2.7916539530214507e-07
2.66390384714425e-07,266.390384714425,266390.384714425,0.005158114701702743,0.9948418852982972,0.9896837705965944,11253517.47192591,2.7916539530214507e-07
2.665300023164766e-07,266.5300023164766,266530.0023164766,0.005046174116266455,0.9949538258837336,0.9899076517674672,11253517.47192591,2.7916539530214507e-07
2.666696199185282e-07,266.66961991852816,266669.6199185282,0.004935455391047228,0.9950645446089528,0.9901290892179055,11253517.47192591,2.7916539530214507e-07
2.6680923752057976e-07,266.80923752057976,266809.2375205798,0.0048259587993692565,0.9951740412006307,0.9903480824012614,11253517.47192591,2.7916539530214507e-07
2.669488551226314e-07,266.94885512263136,266948.85512263136,0.00471768461153943,0.9952823153884606,0.9905646307769211,11253517.47192591,2.7916539530214507e-07
2.6708847272468296e-07,267.08847272468296,267088.47272468294,0.004610633094847327,0.9953893669051527,0.9907787338103053,11253517.47192591,2.7916539530214507e-07
2.6722809032673454e-07,267.22809032673456,267228.0903267345,0.0045048045135640535,0.995495195486436,0.9909903909728719,11253517.47192591,2.7916539530214507e-07
2.673677079287861e-07,267.3677079287861,267367.7079287861,0.004400199128941573,0.9955998008710585,0.991199601742117,11253517.47192591,2.7916539530214507e-07
2.675073255308377e-07,267.5073255308377,267507.3255308377,0.004296817199212599,0.9957031828007874,0.9914063656015748,11253517.47192591,2.7916539530214507e-07
2.6764694313288927e-07,267.64694313288925,267646.9431328893,0.00419465897958915,0.9958053410204109,0.9916106820408217,11253517.47192591,2.7916539530214507e-07
2.677865607349409e-07,267.7865607349409,267786.5607349409,0.004093724722262604,0.9959062752777375,0.9918125505554749,11253517.47192591,2.7916539530214507e-07
2.679261783369925e-07,267.9261783369925,267926.17833699245,0.003994014676402924,0.9960059853235971,0.9920119706471942,11253517.47192591,2.7916539530214507e-07
2.6806579593904406e-07,268.06579593904405,268065.79593904404,0.003895529088157601,0.9961044709118424,0.9922089418236848,11253517.47192591,2.7916539530214507e-07
2.6820541354109563e-07,268.20541354109565,268205.4135410956,0.003798268200651711,0.9962017317993483,0.9924034635986967,11253517.47192591,2.7916539530214507e-07
2.683450311431472e-07,268.3450311431472,268345.0311431472,0.0037022322539868036,0.9962977677460132,0.9925955354920264,11253517.47192591,2.7916539530214507e-07
2.684846487451988e-07,268.4846487451988,268484.6487451988,0.0036074214852405695,0.9963925785147594,0.9927851570295187,11253517.47192591,2.7916539530214507e-07
2.686242663472504e-07,268.6242663472504,268624.26634725044,0.003513836128466119,0.9964861638715339,0.9929723277430678,11253517.47192591,2.7916539530214507e-07
2.68763883949302e-07,268.763883949302,268763.883949302,0.0034214764146915932,0.9965785235853084,0.9931570471706168,11253517.47192591,2.7916539530214507e-07
2.6890350155135357e-07,268.9035015513536,268903.50155135355,0.0033303425719193314,0.9966696574280807,0.9933393148561613,11253517.47192591,2.7916539530214507e-07
2.6904311915340515e-07,269.04311915340514,269043.11915340513,0.0032404348251255377,0.9967595651748744,0.9935191303497488,11253517.47192591,2.7916539530214507e-07
2.691827367554567e-07,269.18273675545674,269182.7367554567,0.0031517533962596156,0.9968482466037404,0.9936964932074808,11253517.47192591,2.7916539530214507e-07
2.693223543575083e-07,269.3223543575083,269322.3543575083,0.003064298504243612,0.9969357014957564,0.9938714029915128,11253517.47192591,2.7916539530214507e-07
2.694619719595599e-07,269.4619719595599,269461.9719595599,0.0029780703649716633,0.9970219296350283,0.9940438592700567,11253517.47192591,2.7916539530214507e-07
2.696015895616115e-07,269.6015895616115,269601.58956161153,0.002893069191309605,0.9971069308086904,0.9942138616173808,11253517.47192591,2.7916539530214507e-07
2.697412071636631e-07,269.7412071636631,269741.2071636631,0.0028092951930943078,0.9971907048069057,0.9943814096138115,11253517.47192591,2.7916539530214507e-07
2.6988082476571466e-07,269.8808247657147,269880.82476571464,0.0027267485771330646,0.9972732514228669,0.9945465028457339,11253517.47192591,2.7916539530214507e-07
2.7002044236776624e-07,270.02044236776624,270020.4423677662,0.0026454295472034817,0.9973545704527965,0.994709140905593,11253517.47192591,2.7916539530214507e-07
2.701600599698178e-07,270.16005996981784,270160.0599698178,0.0025653383040524225,0.9974346616959475,0.994869323391895,11253517.47192591,2.7916539530214507e-07
2.702996775718694e-07,270.2996775718694,270299.6775718694,0.0024864750453959528,0.9975135249546041,0.9950270499092082,11253517.47192591,2.7916539530214507e-07
2.70439295173921e-07,270.43929517392104,270439.29517392104,0.002408839965918619,0.9975911600340814,0.9951823200681629,11253517.47192591,2.7916539530214507e-07
2.705789127759726e-07,270.5789127759726,270578.9127759726,0.00233243325727317,0.9976675667427268,0.9953351334854537,11253517.47192591,2.7916539530214507e-07
2.707185303780242e-07,270.7185303780242,270718.53037802415,0.002257255108079781,0.9977427448919203,0.9954854897838405,11253517.47192591,2.7916539530214507e-07
2.7085814798007576e-07,270.8581479800758,270858.14798007574,0.002183305703925831,0.9978166942960742,0.9956333885921484,11253517.47192591,2.7916539530214507e-07
2.7099776558212733e-07,270.99776558212733,270997.7655821273,0.002110585227365458,0.9978894147726345,0.995778829545269,11253517.47192591,2.7916539530214507e-07
2.711373831841789e-07,271.13738318417893,271137.3831841789,0.0020390938579188944,0.9979609061420811,0.9959218122841622,11253517.47192591,2.7916539530214507e-07
2.712770007862305e-07,271.2770007862305,271277.0007862305,0.0019688317720722437,0.9980311682279277,0.9960623364558554,11253517.47192591,2.7916539530214507e-07
2.714166183882821e-07,271.41661838828213,271416.61838828214,0.0018997991432769257,0.998100200856723,0.996200401713446,11253517.47192591,2.7916539530214507e-07
2.715562359903337e-07,271.5562359903337,271556.2359903337,0.0018319961419493436,0.9981680038580507,0.9963360077161014,11253517.47192591,2.7916539530214507e-07
2.7169585359238527e-07,271.6958535923853,271695.85359238525,0.0017654229354702733,0.9982345770645298,0.9964691541290596,11253517.47192591,2.7916539530214507e-07
2.7183547119443685e-07,271.8354711944369,271835.47119443683,0.001700079688184697,0.9982999203118152,0.9965998406236305,11253517.47192591,2.7916539530214507e-07
2.7197508879648843e-07,271.9750887964884,271975.0887964884,0.0016359665614011365,0.9983640334385988,0.9967280668771976,11253517.47192591,2.7916539530214507e-07
2.7211470639854e-07,272.11470639854,272114.70639854,0.0015730837133915987,0.9984269162866084,0.9968538325732168,11253517.47192591,2.7916539530214507e-07
2.7225432400059163e-07,272.2543240005916,272254.32400059165,0.0015114312993907975,0.9984885687006092,0.9969771374012184,11253517.47192591,2.7916539530214507e-07
2.723939416026432e-07,272.3939416026432,272393.94160264323,0.001451009471596043,0.998548990528404,0.9970979810568079,11253517.47192591,2.7916539530214507e-07
2.725335592046948e-07,272.53355920469477,272533.5592046948,0.0013918183791667982,0.9986081816208332,0.9972163632416664,11253517.47192591,2.7916539530214507e-07
2.7267317680674637e-07,272.67317680674637,272673.17680674634,0.001333858168224178,0.9986661418317758,0.9973322836635516,11253517.47192591,2.7916539530214507e-07
2.7281279440879794e-07,272.81279440879797,272812.7944087979,0.0012771289818507836,0.9987228710181493,0.9974457420362985,11253517.47192591,2.7916539530214507e-07
2.729524120108495e-07,272.9524120108495,272952.4120108495,0.0012216309600903141,0.9987783690399097,0.9975567380798194,11253517.47192591,2.7916539530214507e-07
2.7309202961290115e-07,273.0920296129012,273092.02961290115,0.0011673642399470663,0.998832635760053,0.997665271520106,11253517.47192591,2.7916539530214507e-07
2.7323164721495273e-07,273.2316472149527,273231.64721495274,0.0011143289553857683,0.9988856710446142,0.9977713420892285,11253517.47192591,2.7916539530214507e-07
2.733712648170043e-07,273.3712648170043,273371.2648170043,0.001062525237331191,0.9989374747626688,0.9978749495253376,11253517.47192591,2.7916539530214507e-07
2.735108824190559e-07,273.51088241905586,273510.8824190559,0.00101195321366776,0.9989880467863322,0.9979760935726645,11253517.47192591,2.7916539530214507e-07
2.7365050002110746e-07,273.65050002110746,273650.50002110744,0.0009626130092393326,0.9990373869907607,0.9980747739815214,11253517.47192591,2.7916539530214507e-07
2.7379011762315904e-07,273.79011762315906,273790.117623159,0.0009145047458488653,0.9990854952541511,0.9981709905083023,11253517.47192591,2.7916539530214507e-07
2.739297352252106e-07,273.9297352252106,273929.7352252106,0.0008676285422580254,0.999132371457742,0.9982647429154841,11253517.47192591,2.7916539530214507e-07
2.7406935282726224e-07,274.06935282726226,274069.35282726225,0.0008219845141871351,0.9991780154858129,0.9983560309716257,11253517.47192591,2.7916539530214507e-07
2.742089704293138e-07,274.2089704293138,274208.97042931383,0.0007775727743146166,0.9992224272256853,0.9984448544513707,11253517.47192591,2.7916539530214507e-07
2.743485880313654e-07,274.3485880313654,274348.5880313654,0.0007343934322767698,0.9992656065677232,0.9985312131354465,11253517.47192591,2.7916539530214507e-07
2.74488205633417e-07,274.48820563341695,274488.20563341695,0.0006924465946676617,0.9993075534053324,0.9986151068106648,11253517.47192591,2.7916539530214507e-07
2.7462782323546855e-07,274.62782323546855,274627.82323546853,0.0006517323650387374,0.9993482676349612,0.9986965352699224,11253517.47192591,2.7916539530214507e-07
2.7476744083752013e-07,274.76744083752016,274767.4408375201,0.0006122508438984875,0.9993877491561015,0.998775498312203,11253517.47192591,2.7916539530214507e-07
2.7490705843957176e-07,274.90705843957176,274907.05843957176,0.0005740021287124475,0.9994259978712876,0.9988519957425752,11253517.47192591,2.7916539530214507e-07
2.7504667604162334e-07,275.04667604162336,275046.67604162334,0.0005369863139026432,0.9994630136860974,0.9989260273721947,11253517.47192591,2.7916539530214507e-07
2.751862936436749e-07,275.1862936436749,275186.29364367493,0.0005012034908476459,0.9994987965091524,0.9989975930183048,11253517.47192591,2.7916539530214507e-07
2.753259112457265e-07,275.3259112457265,275325.9112457265,0.0004666537478822397,0.9995333462521178,0.9990666925042355,11253517.47192591,2.7916539530214507e-07
2.7546552884777807e-07,275.46552884777805,275465.52884777804,0.0004333371702969768,0.9995666628297031,0.9991333256594062,11253517.47192591,2.7916539530214507e-07
2.7560514644982964e-07,275.60514644982965,275605.1464498296,0.0004012538403384558,0.9995987461596616,0.9991974923193232,11253517.47192591,2.7916539530214507e-07
2.757447640518813e-07,275.74476405188125,275744.76405188127,0.0003704038372085994,0.9996295961627915,0.9992591923255829,11253517.47192591,2.7916539530214507e-07
2.7588438165393285e-07,275.88438165393285,275884.38165393285,0.0003407872370648768,0.9996592127629351,0.9993184255258702,11253517.47192591,2.7916539530214507e-07
2.7602399925598443e-07,276.02399925598445,276023.99925598444,0.0003124041130198041,0.9996875958869802,0.9993751917739604,11253517.47192591,2.7916539530214507e-07
2.76163616858036e-07,276.163616858036,276163.616858036,0.00028525453514099963,0.999714745464859,0.9994294909297179,11253517.47192591,2.7916539530214507e-07
2.763032344600876e-07,276.3032344600876,276303.2344600876,0.00025933857045074005,0.9997406614295492,0.9994813228590984,11253517.47192591,2.7916539530214507e-07
2.7644285206213916e-07,276.44285206213914,276442.85206213914,0.00023465628292623775,0.9997653437170737,0.9995306874341474,11253517.47192591,2.7916539530214507e-07
2.7658246966419074e-07,276.58246966419074,276582.4696641907,0.0002112077334989193,0.9997887922665011,0.9995775845330022,11253517.47192591,2.7916539530214507e-07
2.7672208726624237e-07,276.72208726624234,276722.08726624236,0.0001889929800547585,0.9998110070199453,0.9996220140398906,11253517.47192591,2.7916539530214507e-07
2.7686170486829394e-07,276.86170486829394,276861.70486829395,0.00016801207743377677,0.9998319879225662,0.9996639758451324,11253517.47192591,2.7916539530214507e-07
2.770013224703455e-07,277.00132247034554,277001.32247034553,0.0001482650774303207,0.9998517349225697,0.9997034698451395,11253517.47192591,2.7916539530214507e-07
2.771409400723971e-07,277.1409400723971,277140.9400723971,0.00012975202879234038,0.9998702479712076,0.9997404959424152,11253517.47192591,2.7916539530214507e-07
2.772805576744487e-07,277.2805576744487,277280.55767444865,0.0001124729772219446,0.999887527022778,0.9997750540455561,11253517.47192591,2.7916539530214507e-07
2.7742017527650025e-07,277.42017527650023,277420.17527650023,9.642796537467913e-05,0.9999035720346253,0.9998071440692506,11253517.47192591,2.7916539530214507e-07
2.775597928785519e-07,277.5597928785519,277559.7928785519,8.161703285991528e-05,0.9999183829671401,0.9998367659342802,11253517.47192591,2.7916539530214507e-07
2.7769941048060346e-07,277.69941048060343,277699.41048060346,6.804021624035039e-05,0.9999319597837597,0.9998639195675194,11253517.47192591,2.7916539530214507e-07
2.7783902808265504e-07,277.83902808265503,277839.02808265504,5.56975490322853e-05,0.9999443024509678,0.9998886049019355,11253517.47192591,2.7916539530214507e-07
2.779786456847066e-07,277.97864568470663,277978.64568470663,4.458906170512478e-05,0.9999554109382949,0.9999108218765898,11253517.47192591,2.7916539530214507e-07
2.781182632867582e-07,278.1182632867582,278118.2632867582,3.4714781681766116e-05,0.9999652852183183,0.9999305704366366,11253517.47192591,2.7916539530214507e-07
2.7825788088880977e-07,278.2578808888098,278257.88088880974,2.6074733338210532e-05,0.9999739252666617,0.9999478505333235,11253517.47192591,2.7916539530214507e-07
2.783974984908614e-07,278.3974984908614,278397.4984908614,1.8668938003507662e-05,0.9999813310619965,0.999962662123993,11253517.47192591,2.7916539530214507e-07
2.78537116092913e-07,278.537116092913,278537.11609291297,1.2497413959922099e-05,0.9999875025860401,0.9999750051720802,11253517.47192591,2.7916539530214507e-07
2.7867673369496455e-07,278.6767336949645,278676.73369496455,7.5601764426558304e-06,0.9999924398235573,0.9999848796471147,11253517.47192591,2.7916539530214507e-07
2.7881635129701613e-07,278.8163512970161,278816.35129701614,3.857237639959266e-06,0.99999614276236,0.9999922855247201,11253517.47192591,2.7916539530214507e-07
2.789559688990677e-07,278.9559688990677,278955.9688990677,1.3886066930202112e-06,0.999998611393307,0.9999972227866141,11253517.47192591,2.7916539530214507e-07
2.790955865011193e-07,279.09558650111927,279095.5865011193,1.5428969601938292e-07,0.999999845710304,0.999999691420608,11253517.47192591,2.7916539530214507e-07
2.7923520410317086e-07,279.2352041031709,279235.20410317084,1.5428969601938292e-07,0.999999845710304,0.999999691420608,11253517.47192591,2.7916539530214507e-07
2.793748217052225e-07,279.3748217052225,279374.8217052225,1.3886066930202112e-06,0.999998611393307,0.9999972227866141,11253517.47192591,2.7916539530214507e-07
2.7951443930727407e-07,279.5144393072741,279514.43930727406,3.857237639959266e-06,0.99999614276236,0.9999922855247201,11253517.47192591,2.7916539530214507e-07
2.7965405690932564e-07,279.6540569093256,279654.05690932565,7.5601764426558304e-06,0.9999924398235573,0.9999848796471147,11253517.47192591,2.7916539530214507e-07
2.797936745113772e-07,279.7936745113772,279793.67451137723,1.2497413959922099e-05,0.9999875025860401,0.9999750051720802,11253517.47192591,2.7916539530214507e-07
2.799332921134288e-07,279.9332921134288,279933.2921134288,1.8668938003507662e-05,0.9999813310619965,0.999962662123993,11253517.47192591,2.7916539530214507e-07
2.800729097154804e-07,280.07290971548036,280072.9097154804,2.6074733338210532e-05,0.9999739252666617,0.9999478505333235,11253517.47192591,2.7916539530214507e-07
2.80212527317532e-07,280.212527317532,280212.527317532,3.4714781681766116e-05,0.9999652852183183,0.9999305704366366,11253517.47192591,2.7916539530214507e-07
2.803521449195836e-07,280.35214491958357,280352.1449195836,4.458906170512478e-05,0.9999554109382949,0.9999108218765898,11253517.47192591,2.7916539530214507e-07
2.8049176252163516e-07,280.49176252163517,280491.76252163516,5.56975490322853e-05,0.9999443024509678,0.9998886049019355,11253517.47192591,2.7916539530214507e-07
2.8063138012368674e-07,280.6313801236867,280631.38012368674,6.804021624035039e-05,0.9999319597837597,0.9998639195675194,11253517.47192591,2.7916539530214507e-07
2.807709977257383e-07,280.7709977257383,280770.9977257383,8.161703285991528e-05,0.9999183829671401,0.9998367659342802,11253517.47192591,2.7916539530214507e-07
2.809106153277899e-07,280.9106153277899,280910.6153277899,9.642796537467913e-05,0.9999035720346253,0.9998071440692506,11253517.47192591,2.7916539530214507e-07
2.8105023292984147e-07,281.05023292984146,281050.23292984144,0.0001124729772219446,0.999887527022778,0.9997750540455561,11253517.47192591,2.7916539530214507e-07
2.811898505318931e-07,281.1898505318931,281189.8505318931,0.00012975202879234038,0.9998702479712076,0.9997404959424152,11253517.47192591,2.7916539530214507e-07
2.813294681339447e-07,281.32946813394466,281329.46813394467,0.0001482650774303207,0.9998517349225697,0.9997034698451395,11253517.47192591,2.7916539530214507e-07
2.8146908573599625e-07,281.46908573599626,281469.08573599625,0.00016801207743383229,0.9998319879225661,0.9996639758451322,11253517.47192591,2.7916539530214507e-07
2.8160870333804783e-07,281.6087033380478,281608.70333804784,0.0001889929800547585,0.9998110070199453,0.9996220140398906,11253517.47192591,2.7916539530214507e-07
2.817483209400994e-07,281.7483209400994,281748.3209400994,0.0002112077334989193,0.9997887922665011,0.9995775845330022,11253517.47192591,2.7916539530214507e-07
2.81887938542151e-07,281.887938542151,281887.938542151,0.00023465628292623775,0.9997653437170737,0.9995306874341474,11253517.47192591,2.7916539530214507e-07
2.820275561442026e-07,282.0275561442026,282027.5561442026,0.00025933857045079556,0.9997406614295492,0.9994813228590984,11253517.47192591,2.7916539530214507e-07
2.821671737462542e-07,282.1671737462542,282167.1737462542,0.00028525453514099963,0.999714745464859,0.9994294909297179,11253517.47192591,2.7916539530214507e-07
2.8230679134830577e-07,282.30679134830575,282306.79134830576,0.0003124041130198041,0.9996875958869802,0.9993751917739604,11253517.47192591,2.7916539530214507e-07
2.8244640895035735e-07,282.44640895035735,282446.40895035735,0.0003407872370648768,0.9996592127629351,0.9993184255258702,11253517.47192591,2.7916539530214507e-07
2.825860265524089e-07,282.5860265524089,282586.02655240893,0.0003704038372085994,0.9996295961627915,0.9992591923255829,11253517.47192591,2.7916539530214507e-07
2.827256441544605e-07,282.7256441544605,282725.6441544605,0.0004012538403384558,0.9995987461596616,0.9991974923193232,11253517.47192591,2.7916539530214507e-07
2.8286526175651213e-07,282.86526175651215,282865.2617565121,0.00043333717029703234,0.999566662829703,0.9991333256594059,11253517.47192591,2.7916539530214507e-07
2.830048793585637e-07,283.0048793585637,283004.8793585637,0.0004666537478822397,0.9995333462521178,0.9990666925042355,11253517.47192591,2.7916539530214507e-07
2.831444969606153e-07,283.1444969606153,283144.4969606153,0.0005012034908477014,0.9994987965091523,0.9989975930183046,11253517.47192591,2.7916539530214507e-07
2.8328411456266686e-07,283.28411456266684,283284.11456266686,0.0005369863139026432,0.9994630136860974,0.9989260273721947,11253517.47192591,2.7916539530214507e-07
2.8342373216471844e-07,283.42373216471844,283423.73216471844,0.0005740021287124475,0.9994259978712876,0.9988519957425752,11253517.47192591,2.7916539530214507e-07
2.8356334976677e-07,283.56334976677,283563.34976677,0.0006122508438984875,0.9993877491561015,0.998775498312203,11253517.47192591,2.7916539530214507e-07
2.837029673688216e-07,283.7029673688216,283702.9673688216,0.0006517323650387374,0.9993482676349612,0.9986965352699224,11253517.47192591,2.7916539530214507e-07
2.838425849708732e-07,283.84258497087325,283842.5849708732,0.0006924465946676617,0.9993075534053324,0.9986151068106648,11253517.47192591,2.7916539530214507e-07
2.839822025729248e-07,283.9822025729248,283982.2025729248,0.0007343934322767698,0.9992656065677232,0.9985312131354465,11253517.47192591,2.7916539530214507e-07
2.841218201749764e-07,284.1218201749764,284121.82017497637,0.0007775727743146166,0.9992224272256853,0.9984448544513707,11253517.47192591,2.7916539530214507e-07
2.8426143777702795e-07,284.26143777702794,284261.43777702795,0.0008219845141871351,0.9991780154858129,0.9983560309716257,11253517.47192591,2.7916539530214507e-07
2.8440105537907953e-07,284.40105537907954,284401.05537907954,0.0008676285422580254,0.999132371457742,0.9982647429154841,11253517.47192591,2.7916539530214507e-07
2.845406729811311e-07,284.5406729811311,284540.6729811311,0.0009145047458488098,0.9990854952541512,0.9981709905083025,11253517.47192591,2.7916539530214507e-07
2.8468029058318274e-07,284.68029058318274,284680.29058318277,0.0009626130092393326,0.9990373869907607,0.9980747739815214,11253517.47192591,2.7916539530214507e-07
2.848199081852343e-07,284.81990818523434,284819.9081852343,0.00101195321366776,0.9989880467863322,0.9979760935726645,11253517.47192591,2.7916539530214507e-07
2.849595257872859e-07,284.9595257872859,284959.5257872859,0.001062525237331191,0.9989374747626688,0.9978749495253376,11253517.47192591,2.7916539530214507e-07
2.8509914338933747e-07,285.0991433893375,285099.14338933746,0.0011143289553857683,0.9988856710446142,0.9977713420892285,11253517.47192591,2.7916539530214507e-07
2.8523876099138905e-07,285.23876099138903,285238.76099138905,0.0011673642399470663,0.998832635760053,0.997665271520106,11253517.47192591,2.7916539530214507e-07
2.853783785934406e-07,285.37837859344063,285378.37859344063,0.0012216309600903141,0.9987783690399097,0.9975567380798194,11253517.47192591,2.7916539530214507e-07
2.8551799619549225e-07,285.51799619549223,285517.9961954923,0.0012771289818507836,0.9987228710181493,0.9974457420362985,11253517.47192591,2.7916539530214507e-07
2.8565761379754383e-07,285.65761379754383,285657.6137975438,0.001333858168224178,0.9986661418317758,0.9973322836635516,11253517.47192591,2.7916539530214507e-07
2.857972313995954e-07,285.79723139959543,285797.2313995954,0.0013918183791667982,0.9986081816208332,0.9972163632416664,11253517.47192591,2.7916539530214507e-07
2.85936849001647e-07,285.936849001647,285936.849001647,0.0014510094715960986,0.998548990528404,0.9970979810568079,11253517.47192591,2.7916539530214507e-07
2.8607646660369856e-07,286.0764666036986,286076.46660369856,0.0015114312993907975,0.9984885687006092,0.9969771374012184,11253517.47192591,2.7916539530214507e-07
2.8621608420575014e-07,286.2160842057501,286216.08420575014,0.0015730837133915987,0.9984269162866084,0.9968538325732168,11253517.47192591,2.7916539530214507e-07
2.863557018078017e-07,286.3557018078017,286355.7018078017,0.0016359665614011365,0.9983640334385988,0.9967280668771976,11253517.47192591,2.7916539530214507e-07
2.8649531940985335e-07,286.4953194098533,286495.3194098534,0.001700079688184697,0.9982999203118152,0.9965998406236305,11253517.47192591,2.7916539530214507e-07
2.866349370119049e-07,286.6349370119049,286634.9370119049,0.0017654229354702733,0.9982345770645298,0.9964691541290596,11253517.47192591,2.7916539530214507e-07
2.867745546139565e-07,286.7745546139565,286774.5546139565,0.0018319961419493436,0.9981680038580507,0.9963360077161014,11253517.47192591,2.7916539530214507e-07
2.869141722160081e-07,286.91417221600807,286914.17221600807,0.0018997991432769812,0.998100200856723,0.996200401713446,11253517.47192591,2.7916539530214507e-07
2.8705378981805966e-07,287.05378981805967,287053.78981805965,0.0019688317720722437,0.9980311682279277,0.9960623364558554,11253517.47192591,2.7916539530214507e-07
2.8719340742011123e-07,287.1934074201112,287193.40742011124,0.0020390938579188944,0.9979609061420811,0.9959218122841622,11253517.47192591,2.7916539530214507e-07
2.8733302502216286e-07,287.3330250221629,287333.0250221629,0.002110585227365458,0.9978894147726345,0.995778829545269,11253517.47192591,2.7916539530214507e-07
2.8747264262421444e-07,287.4726426242144,287472.64262421447,0.002183305703925831,0.9978166942960742,0.9956333885921484,11253517.47192591,2.7916539530214507e-07
2.87612260226266e-07,287.612260226266,287612.260226266,0.002257255108079781,0.9977427448919203,0.9954854897838405,11253517.47192591,2.7916539530214507e-07
2.877518778283176e-07,287.7518778283176,287751.8778283176,0.00233243325727317,0.9976675667427268,0.9953351334854537,11253517.47192591,2.7916539530214507e-07
2.8789149543036917e-07,287.89149543036916,287891.49543036916,0.002408839965918619,0.9975911600340814,0.9951823200681629,11253517.47192591,2.7916539530214507e-07
2.8803111303242075e-07,288.03111303242076,288031.11303242075,0.0024864750453959528,0.9975135249546041,0.9950270499092082,11253517.47192591,2.7916539530214507e-07
2.881707306344724e-07,288.17073063447236,288170.7306344724,0.0025653383040524225,0.9974346616959475,0.994869323391895,11253517.47192591,2.7916539530214507e-07
2.8831034823652396e-07,288.31034823652396,288310.348236524,0.0026454295472034817,0.9973545704527965,0.994709140905593,11253517.47192591,2.7916539530214507e-07
2.8844996583857553e-07,288.4499658385755,288449.96583857556,0.00272674857713312,0.9972732514228668,0.9945465028457336,11253517.47192591,2.7916539530214507e-07
2.885895834406271e-07,288.5895834406271,288589.5834406271,0.0028092951930943078,0.9971907048069057,0.9943814096138115,11253517.47192591,2.7916539530214507e-07
2.887292010426787e-07,288.7292010426787,288729.2010426787,0.002893069191309605,0.9971069308086904,0.9942138616173808,11253517.47192591,2.7916539530214507e-07
2.8886881864473026e-07,288.86881864473025,288868.81864473026,0.0029780703649716633,0.9970219296350283,0.9940438592700567,11253517.47192591,2.7916539530214507e-07
2.8900843624678184e-07,289.00843624678186,289008.43624678184,0.0030642985042435567,0.9969357014957565,0.993871402991513,11253517.47192591,2.7916539530214507e-07
2.8914805384883347e-07,289.14805384883346,289148.0538488335,0.0031517533962596156,0.9968482466037404,0.9936964932074808,11253517.47192591,2.7916539530214507e-07
2.8928767145088505e-07,289.28767145088506,289287.6714508851,0.0032404348251255377,0.9967595651748744,0.9935191303497488,11253517.47192591,2.7916539530214507e-07
2.894272890529366e-07,289.4272890529366,289427.2890529366,0.0033303425719193314,0.9966696574280807,0.9933393148561613,11253517.47192591,2.7916539530214507e-07
2.895669066549882e-07,289.5669066549882,289566.9066549882,0.0034214764146915932,0.9965785235853084,0.9931570471706168,11253517.47192591,2.7916539530214507e-07
2.897065242570398e-07,289.7065242570398,289706.52425703977,0.003513836128466119,0.9964861638715339,0.9929723277430678,11253517.47192591,2.7916539530214507e-07
2.8984614185909136e-07,289.84614185909135,289846.14185909135,0.003607421485240514,0.9963925785147595,0.992785157029519,11253517.47192591,2.7916539530214507e-07
2.89985759461143e-07,289.985759461143,289985.759461143,0.0037022322539868036,0.9962977677460132,0.9925955354920264,11253517.47192591,2.7916539530214507e-07
2.9012537706319456e-07,290.12537706319455,290125.3770631946,0.003798268200651711,0.9962017317993483,0.9924034635986967,11253517.47192591,2.7916539530214507e-07
2.9026499466524614e-07,290.26499466524615,290264.99466524617,0.0038955290881576565,0.9961044709118423,0.9922089418236846,11253517.47192591,2.7916539530214507e-07
2.904046122672977e-07,290.4046122672977,290404.6122672977,0.003994014676402924,0.9960059853235971,0.9920119706471942,11253517.47192591,2.7916539530214507e-07
2.905442298693493e-07,290.5442298693493,290544.2298693493,0.004093724722262659,0.9959062752777373,0.9918125505554747,11253517.47192591,2.7916539530214507e-07
2.9068384747140087e-07,290.6838474714009,290683.84747140086,0.00419465897958915,0.9958053410204109,0.9916106820408217,11253517.47192591,2.7916539530214507e-07
2.908234650734525e-07,290.8234650734525,290823.4650734525,0.004296817199212599,0.9957031828007874,0.9914063656015748,11253517.47192591,2.7916539530214507e-07
2.909630826755041e-07,290.9630826755041,290963.0826755041,0.004400199128941629,0.9955998008710584,0.9911996017421167,11253517.47192591,2.7916539530214507e-07
2.9110270027755566e-07,291.10270027755564,291102.7002775557,0.0045048045135640535,0.995495195486436,0.9909903909728719,11253517.47192591,2.7916539530214507e-07
2.9124231787960723e-07,291.24231787960724,291242.31787960726,0.004610633094847327,0.9953893669051527,0.9907787338103053,11253517.47192591,2.7916539530214507e-07
2.913819354816588e-07,291.3819354816588,291381.9354816588,0.00471768461153943,0.9952823153884606,0.9905646307769211,11253517.47192591,2.7916539530214507e-07
2.915215530837104e-07,291.5215530837104,291521.5530837104,0.004825958799369201,0.9951740412006308,0.9903480824012616,11253517.47192591,2.7916539530214507e-07
2.9166117068576197e-07,291.661170685762,291661.17068576196,0.004935455391047228,0.9950645446089528,0.9901290892179055,11253517.47192591,2.7916539530214507e-07
2.918007882878136e-07,291.8007882878136,291800.7882878136,0.005046174116266455,0.9949538258837336,0.9899076517674672,11253517.47192591,2.7916539530214507e-07
2.9194040588986517e-07,291.9404058898652,291940.4058898652,0.005158114701702743,0.9948418852982972,0.9896837705965944,11253517.47192591,2.7916539530214507e-07
2.9208002349191675e-07,292.08002349191673,292080.02349191677,0.005271276871015695,0.9947287231289843,0.9894574462579686,11253517.47192591,2.7916539530214507e-07
2.9221964109396833e-07,292.21964109396833,292219.64109396836,0.005385660344849219,0.9946143396551508,0.9892286793103016,11253517.47192591,2.7916539530214507e-07
2.923592586960199e-07,292.3592586960199,292359.2586960199,0.005501264840832298,0.9944987351591676,0.9889974703183353,11253517.47192591,2.7916539530214507e-07
2.924988762980715e-07,292.4988762980715,292498.87629807147,0.005618090073579718,0.9943819099264203,0.9887638198528406,11253517.47192591,2.7916539530214507e-07
2.926384939001231e-07,292.63849390012314,292638.4939001231,0.005736135754692617,0.9942638642453074,0.9885277284906149,11253517.47192591,2.7916539530214507e-07
2.927781115021747e-07,292.7781115021747,292778.1115021747,0.005855401592759268,0.9941445984072408,0.9882891968144816,11253517.47192591,2.7916539530214507e-07
2.9291772910422627e-07,292.9177291042263,292917.7291042263,0.005975887293355908,0.994024112706644,0.9880482254132881,11253517.47192591,2.7916539530214507e-07
2.9305734670627784e-07,293.0573467062778,293057.34670627787,0.00609759255904746,0.9939024074409526,0.9878048148819052,11253517.47192591,2.7916539530214507e-07
2.931969643083294e-07,293.1969643083294,293196.9643083294,0.006220517089387867,0.9937794829106121,0.9875589658212243,11253517.47192591,2.7916539530214507e-07
2.93336581910381e-07,293.33658191038097,293336.581910381,0.006344660580921535,0.9936553394190785,0.9873106788381569,11253517.47192591,2.7916539530214507e-07
2.934761995124326e-07,293.4761995124326,293476.19951243256,0.006470022727183389,0.9935299772728166,0.9870599545456331,11253517.47192591,2.7916539530214507e-07
2.936158171144842e-07,293.61581711448423,293615.8171144842,0.006596603218700259,0.9934033967812997,0.9868067935625995,11253517.47192591,2.7916539530214507e-07
2.937554347165358e-07,293.7554347165358,293755.4347165358,0.006724401742990993,0.993275598257009,0.9865511965140179,11253517.47192591,2.7916539530214507e-07
2.9389505231858736e-07,293.8950523185874,293895.0523185874,0.0068534179845677334,0.9931465820154323,0.9862931640308645,11253517.47192591,2.7916539530214507e-07
2.9403466992063893e-07,294.0346699206389,294034.66992063896,0.006983651624936582,0.9930163483750634,0.9860326967501267,11253517.47192591,2.7916539530214507e-07
2.941742875226905e-07,294.1742875226905,294174.2875226905,0.007115102342598101,0.9928848976574018,0.9857697953148037,11253517.47192591,2.7916539530214507e-07
2.943139051247421e-07,294.31390512474206,294313.9051247421,0.007247769813048643,0.9927522301869514,0.9855044603739027,11253517.47192591,2.7916539530214507e-07
2.944535227267937e-07,294.4535227267937,294453.5227267937,0.007381653708780633,0.9926183462912194,0.9852366925824387,11253517.47192591,2.7916539530214507e-07
2.945931403288453e-07,294.5931403288453,294593.1403288453,0.007516753699283507,0.9924832463007165,0.984966492601433,11253517.47192591,2.7916539530214507e-07
2.9473275793089687e-07,294.73275793089687,294732.7579308969,0.0076530694510448805,0.9923469305489552,0.9846938610979104,11253517.47192591,2.7916539530214507e-07
2.9487237553294845e-07,294.87237553294847,294872.37553294847,0.007790600627550881,0.9922093993724491,0.9844187987448982,11253517.47192591,2.7916539530214507e-07
2.9501199313500003e-07,295.011993135,295011.99313500006,0.007929346889287314,0.9920706531107126,0.9841413062214253,11253517.47192591,2.7916539530214507e-07
2.951516107370516e-07,295.1516107370516,295151.6107370516,0.00806930789374033,0.9919306921062596,0.9838613842125192,11253517.47192591,2.7916539530214507e-07
2.9529122833910323e-07,295.2912283391032,295291.2283391032,0.008210483295397308,0.9917895167046027,0.9835790334092054,11253517.47192591,2.7916539530214507e-07
2.954308459411548e-07,295.4308459411548,295430.8459411548,0.008352872745747697,0.9916471272542523,0.9832942545085046,11253517.47192591,2.7916539530214507e-07
2.955704635432064e-07,295.5704635432064,295570.4635432064,0.008496475893284061,0.9915035241067159,0.9830070482134319,11253517.47192591,2.7916539530214507e-07
2.9571008114525797e-07,295.71008114525796,295710.081145258,0.00864129238350253,0.9913587076164975,0.9827174152329949,11253517.47192591,2.7916539530214507e-07
2.9584969874730954e-07,295.84969874730956,295849.69874730957,0.00878732185890424,0.9912126781410957,0.9824253562821914,11253517.47192591,2.7916539530214507e-07
2.959893163493611e-07,295.9893163493611,295989.3163493611,0.008934563958995612,0.9910654360410044,0.9821308720820088,11253517.47192591,2.7916539530214507e-07
2.961289339514127e-07,296.1289339514127,296128.9339514127,0.009083018320289848,0.9909169816797101,0.9818339633594202,11253517.47192591,2.7916539530214507e-07
2.9626855155346433e-07,296.2685515534643,296268.5515534643,0.009232684576307215,0.9907673154236928,0.9815346308473856,11253517.47192591,2.7916539530214507e-07
2.964081691555159e-07,296.4081691555159,296408.1691555159,0.009383562357576425,0.9906164376424236,0.9812328752848472,11253517.47192591,2.7916539530214507e-07
2.965477867575675e-07,296.5477867575675,296547.7867575675,0.00953565129163536,0.9904643487083646,0.9809286974167293,11253517.47192591,2.7916539530214507e-07
2.9668740435961906e-07,296.68740435961905,296687.4043596191,0.009688951003031965,0.990311048996968,0.980622097993936,11253517.47192591,2.7916539530214507e-07
2.9682702196167064e-07,296.82702196167065,296827.02196167066,0.009843461113325291,0.9901565388866747,0.9803130777733493,11253517.47192591,2.7916539530214507e-07
2.969666395637222e-07,296.9666395637222,296966.6395637222,0.00999918124108623,0.9900008187589138,0.9800016375178275,11253517.47192591,2.7916539530214507e-07
2.9710625716577384e-07,297.10625716577385,297106.25716577383,0.010156111001898782,0.9898438889981012,0.9796877779962023,11253517.47192591,2.7916539530214507e-07
2.972458747678254e-07,297.2458747678254,297245.8747678254,0.01031425000836056,0.9896857499916394,0.9793714999832788,11253517.47192591,2.7916539530214507e-07
2.97385492369877e-07,297.385492369877,297385.492369877,0.010473597870084173,0.9895264021299158,0.9790528042598317,11253517.47192591,2.7916539530214507e-07
2.975251099719286e-07,297.5251099719286,297525.1099719286,0.010634154193698009,0.9893658458063019,0.9787316916126039,11253517.47192591,2.7916539530214507e-07
2.9766472757398015e-07,297.66472757398014,297664.72757398017,0.010795918582847008,0.989204081417153,0.978408162834306,11253517.47192591,2.7916539530214507e-07
2.9780434517603173e-07,297.80434517603175,297804.34517603175,0.010958890638194052,0.9890411093618059,0.9780822187236118,11253517.47192591,2.7916539530214507e-07
2.9794396277808336e-07,297.94396277808335,297943.96277808334,0.011123069957420795,0.9888769300425793,0.9777538600851585,11253517.47192591,2.7916539530214507e-07
2.9808358038013494e-07,298.08358038013495,298083.5803801349,0.01128845613522822,0.9887115438647718,0.9774230877295436,11253517.47192591,2.7916539530214507e-07
2.982231979821865e-07,298.2231979821865,298223.1979821865,0.01145504876333836,0.9885449512366616,0.9770899024733233,11253517.47192591,2.7916539530214507e-07
2.983628155842381e-07,298.3628155842381,298362.8155842381,0.01162284743049491,0.9883771525695051,0.9767543051390102,11253517.47192591,2.7916539530214507e-07
2.9850243318628967e-07,298.5024331862897,298502.4331862897,0.01179185172246422,0.9882081482775358,0.9764162965550716,11253517.47192591,2.7916539530214507e-07
2.9864205078834124e-07,298.64205078834124,298642.05078834126,0.011962061222036413,0.9880379387779636,0.9760758775559273,11253517.47192591,2.7916539530214507e-07
2.987816683903928e-07,298.78166839039284,298781.66839039285,0.012133475509026381,0.9878665244909737,0.9757330489819473,11253517.47192591,2.7916539530214507e-07
2.9892128599244445e-07,298.92128599244444,298921.28599244443,0.01230609416027495,0.987693905839725,0.9753878116794501,11253517.47192591,2.7916539530214507e-07
2.9906090359449603e-07,299.06090359449604,299060.903594496,0.012479916749649655,0.9875200832503503,0.9750401665007007,11253517.47192591,2.7916539530214507e-07
2.992005211965476e-07,299.2005211965476,299200.5211965476,0.01265494284804597,0.987345057151954,0.974690114303908,11253517.47192591,2.7916539530214507e-07
2.993401387985992e-07,299.3401387985992,299340.1387985992,0.012831172023388349,0.9871688279766117,0.9743376559532233,11253517.47192591,2.7916539530214507e-07
2.9947975640065076e-07,299.4797564006508,299479.7564006508,0.01300860384063146,0.9869913961593686,0.9739827923187372,11253517.47192591,2.7916539530214507e-07
2.9961937400270234e-07,299.61937400270233,299619.37400270236,0.013187237861760959,0.986812762138239,0.973625524276478,11253517.47192591,2.7916539530214507e-07
2.9975899160475397e-07,299.758991604754,299758.99160475394,0.013367073645794592,0.9866329263542054,0.9732658527084108,11253517.47192591,2.7916539530214507e-07
2.9989860920680554e-07,299.89860920680553,299898.60920680553,0.013548110748783426,0.9864518892512166,0.9729037785024333,11253517.47192591,2.7916539530214507e-07
3.000382268088571e-07,300.03822680885713,300038.2268088571,0.01373034872381318,0.9862696512761868,0.9725393025523736,11253517.47192591,2.7916539530214507e-07
3.001778444109087e-07,300.1778444109087,300177.8444109087,0.013913787121004717,0.9860862128789953,0.9721724257579907,11253517.47192591,2.7916539530214507e-07
3.003174620129603e-07,300.3174620129603,300317.4620129603,0.014098425487515609,0.9859015745124844,0.9718031490249688,11253517.47192591,2.7916539530214507e-07
3.0045707961501185e-07,300.4570796150119,300457.07961501187,0.014284263367541294,0.9857157366324587,0.9714314732649174,11253517.47192591,2.7916539530214507e-07
3.005966972170635e-07,300.5966972170635,300596.69721706345,0.014471300302315915,0.9855286996976841,0.9710573993953682,11253517.47192591,2.7916539530214507e-07
3.0073631481911506e-07,300.7363148191151,300736.31481911504,0.014659535830113424,0.9853404641698866,0.9706809283397733,11253517.47192591,2.7916539530214507e-07
3.0087593242116664e-07,300.8759324211666,300875.9324211666,0.014848969486249142,0.9851510305137509,0.9703020610275017,11253517.47192591,2.7916539530214507e-07
3.010155500232182e-07,301.0155500232182,301015.5500232182,0.015039600803080644,0.9849603991969194,0.9699207983938387,11253517.47192591,2.7916539530214507e-07
3.011551676252698e-07,301.15516762526977,301155.1676252698,0.01523142931000876,0.9847685706899912,0.9695371413799825,11253517.47192591,2.7916539530214507e-07
3.0129478522732137e-07,301.29478522732137,301294.7852273214,0.015424454533479015,0.984575545466521,0.9691510909330421,11253517.47192591,2.7916539530214507e-07
3.0143440282937295e-07,301.43440282937297,301434.40282937296,0.015618675996982523,0.9843813240030175,0.968762648006035,11253517.47192591,2.7916539530214507e-07
3.015740204314246e-07,301.5740204314246,301574.02043142455,0.015814093221057646,0.9841859067789424,0.9683718135578847,11253517.47192591,2.7916539530214507e-07
3.0171363803347615e-07,301.7136380334762,301713.63803347613,0.016010705723290386,0.9839892942767097,0.9679785885534193,11253517.47192591,2.7916539530214507e-07
3.0185325563552773e-07,301.8532556355277,301853.2556355277,0.01620851301831644,0.9837914869816835,0.967582973963367,11253517.47192591,2.7916539530214507e-07
3.019928732375793e-07,301.9928732375793,301992.8732375793,0.01640751461782175,0.9835924853821782,0.9671849707643565,11253517.47192591,2.7916539530214507e-07
3.021324908396309e-07,302.13249083963086,302132.4908396309,0.016607710030544176,0.9833922899694558,0.9667845799389116,11253517.47192591,2.7916539530214507e-07
3.0227210844168246e-07,302.27210844168246,302272.1084416825,0.01680909876227421,0.9831909012377258,0.9663818024754516,11253517.47192591,2.7916539530214507e-07
3.024117260437341e-07,302.41172604373406,302411.7260437341,0.017011680315856814,0.9829883196841431,0.9659766393682863,11253517.47192591,2.7916539530214507e-07
3.0255134364578567e-07,302.55134364578566,302551.34364578564,0.01721545419119197,0.982784545808808,0.9655690916176161,11253517.47192591,2.7916539530214507e-07
3.0269096124783725e-07,302.69096124783727,302690.96124783723,0.01742041988523646,0.9825795801147635,0.9651591602295271,11253517.47192591,2.7916539530214507e-07
3.028305788498888e-07,302.8305788498888,302830.5788498888,0.017626576892004808,0.9823734231079952,0.9647468462159905,11253517.47192591,2.7916539530214507e-07
3.029701964519404e-07,302.9701964519404,302970.1964519404,0.01783392470257067,0.9821660752974293,0.9643321505948586,11253517.47192591,2.7916539530214507e-07
3.03109814053992e-07,303.10981405399195,303109.814053992,0.01804246280506816,0.9819575371949318,0.9639150743898637,11253517.47192591,2.7916539530214507e-07
3.0324943165604355e-07,303.24943165604355,303249.43165604357,0.018252190684692693,0.9817478093153074,0.9634956186306147,11253517.47192591,2.7916539530214507e-07
3.033890492580952e-07,303.38904925809516,303389.0492580952,0.018463107823702918,0.981536892176297,0.963073784352594,11253517.47192591,2.7916539530214507e-07
3.0352866686014676e-07,303.52866686014676,303528.66686014674,0.018675213701421334,0.9813247862985787,0.9626495725971573,11253517.47192591,2.7916539530214507e-07
3.0366828446219834e-07,303.66828446219836,303668.2844621983,0.018888507794235954,0.981111492205764,0.962222984411528,11253517.47192591,2.7916539530214507e-07
3.038079020642499e-07,303.8079020642499,303807.9020642499,0.01910298957560158,0.9808970104243984,0.9617940208487967,11253517.47192591,2.7916539530214507e-07
3.039475196663015e-07,303.9475196663015,303947.5196663015,0.019318658516041143,0.9806813414839588,0.9613626829679176,11253517.47192591,2.7916539530214507e-07
3.0408713726835307e-07,304.08713726835305,304087.1372683531,0.019535514083146743,0.9804644859168532,0.9609289718337064,11253517.47192591,2.7916539530214507e-07
3.042267548704047e-07,304.2267548704047,304226.7548704047,0.01975355574158133,0.9802464442584187,0.9604928885168373,11253517.47192591,2.7916539530214507e-07
3.043663724724563e-07,304.3663724724563,304366.37247245625,0.01997278295307936,0.9800272170469206,0.9600544340938413,11253517.47192591,2.7916539530214507e-07
3.0450599007450785e-07,304.50599007450785,304505.99007450783,0.020193195176449186,0.9798068048235509,0.9596136096471017,11253517.47192591,2.7916539530214507e-07
3.0464560767655943e-07,304.64560767655945,304645.6076765594,0.020414791867573445,0.9795852081324266,0.9591704162648531,11253517.47192591,2.7916539530214507e-07
3.04785225278611e-07,304.785225278611,304785.225278611,0.020637572479410837,0.9793624275205892,0.9587248550411784,11253517.47192591,2.7916539530214507e-07
3.049248428806626e-07,304.9248428806626,304924.8428806626,0.0208615364619974,0.9791384635380026,0.9582769270760052,11253517.47192591,2.7916539530214507e-07
3.050644604827142e-07,305.0644604827142,305064.46048271423,0.021086683262448003,0.978913316737552,0.957826633475104,11253517.47192591,2.7916539530214507e-07
3.052040780847658e-07,305.2040780847658,305204.0780847658,0.021313012324957137,0.9786869876750428,0.9573739753500856,11253517.47192591,2.7916539530214507e-07
3.0534369568681737e-07,305.3436956868174,305343.69568681734,0.021540523090801234,0.9784594769091988,0.9569189538183975,11253517.47192591,2.7916539530214507e-07
3.0548331328886895e-07,305.48331328886894,305483.3132888689,0.021769214998339226,0.9782307850016607,0.9564615700033214,11253517.47192591,2.7916539530214507e-07
3.056229308909205e-07,305.62293089092054,305622.9308909205,0.021999087483014435,0.9780009125169855,0.956001825033971,11253517.47192591,2.7916539530214507e-07
3.057625484929721e-07,305.7625484929721,305762.5484929721,0.022230139977355512,0.9777698600226445,0.9555397200452891,11253517.47192591,2.7916539530214507e-07
3.059021660950237e-07,305.9021660950237,305902.1660950237,0.022462371910978274,0.9775376280890218,0.9550752561780436,11253517.47192591,2.7916539530214507e-07
3.060417836970753e-07,306.0417836970753,306041.7836970753,0.022695782710587087,0.9773042172894129,0.9546084345788257,11253517.47192591,2.7916539530214507e-07
3.061814012991269e-07,306.1814012991269,306181.4012991269,0.02293037179997559,0.9770696282000244,0.9541392564000488,11253517.47192591,2.7916539530214507e-07
3.0632101890117846e-07,306.3210189011785,306321.01890117844,0.02316613860002925,0.9768338613999707,0.9536677227999415,11253517.47192591,2.7916539530214507e-07
3.0646063650323004e-07,306.46063650323003,306460.63650323,0.02340308252872586,0.9765969174712741,0.9531938349425482,11253517.47192591,2.7916539530214507e-07
3.066002541052816e-07,306.60025410528164,306600.2541052816,0.023641203001137423,0.9763587969988625,0.952717593997725,11253517.47192591,2.7916539530214507e-07
3.067398717073332e-07,306.7398717073332,306739.8717073332,0.023880499429431545,0.9761195005705685,0.952239001141137,11253517.47192591,2.7916539530214507e-07
3.068794893093848e-07,306.87948930938484,306879.48930938484,0.02412097122287271,0.9758790287771273,0.9517580575542546,11253517.47192591,2.7916539530214507e-07
3.070191069114364e-07,307.0191069114364,307019.1069114364,0.024362617787823837,0.9756373822121762,0.9512747644243524,11253517.47192591,2.7916539530214507e-07
3.07158724513488e-07,307.158724513488,307158.724513488,0.024605438527747714,0.9753945614722523,0.9507891229445047,11253517.47192591,2.7916539530214507e-07
3.0729834211553956e-07,307.2983421155396,307298.34211553953,0.024849432843208785,0.9751505671567913,0.9503011343135825,11253517.47192591,2.7916539530214507e-07
3.0743795971759113e-07,307.4379597175911,307437.9597175911,0.0250946001318742,0.9749053998681259,0.9498107997362517,11253517.47192591,2.7916539530214507e-07
3.075775773196427e-07,307.5775773196427,307577.5773196427,0.02534093978851537,0.9746590602114846,0.9493181204229693,11253517.47192591,2.7916539530214507e-07
3.0771719492169434e-07,307.71719492169433,307717.19492169435,0.02558845120500991,0.97441154879499,0.9488230975899801,11253517.47192591,2.7916539530214507e-07
3.078568125237459e-07,307.85681252374593,307856.81252374593,0.025837133770342136,0.9741628662296579,0.9483257324593157,11253517.47192591,2.7916539530214507e-07
3.079964301257975e-07,307.9964301257975,307996.4301257975,0.0260869868706059,0.973913013129394,0.9478260262587881,11253517.47192591,2.7916539530214507e-07
3.0813604772784907e-07,308.1360477278491,308136.04772784904,0.026338009889005143,0.9736619901109949,0.9473239802219897,11253517.47192591,2.7916539530214507e-07
3.0827566532990065e-07,308.2756653299007,308275.6653299006,0.026590202205855562,0.9734097977941445,0.946819595588289,11253517.47192591,2.7916539530214507e-07
3.084152829319522e-07,308.4152829319522,308415.2829319522,0.02684356319858655,0.9731564368014134,0.9463128736028268,11253517.47192591,2.7916539530214507e-07
3.085549005340038e-07,308.5549005340038,308554.9005340038,0.02709809224174231,0.9729019077582577,0.9458038155165154,11253517.47192591,2.7916539530214507e-07
3.0869451813605543e-07,308.6945181360554,308694.51813605544,0.027353788706983795,0.9726462112930162,0.9452924225860324,11253517.47192591,2.7916539530214507e-07
3.08834135738107e-07,308.834135738107,308834.135738107,0.02761065196308954,0.9723893480369105,0.9447786960738209,11253517.47192591,2.7916539530214507e-07
3.089737533401586e-07,308.97375334015857,308973.7533401586,0.027868681375958104,0.9721313186240419,0.9442626372480838,11253517.47192591,2.7916539530214507e-07
3.0911337094221016e-07,309.11337094221017,309113.37094221014,0.028127876308609134,0.9718721236913909,0.9437442473827817,11253517.47192591,2.7916539530214507e-07
3.0925298854426174e-07,309.25298854426177,309252.9885442617,0.028388236121184962,0.9716117638788151,0.9432235277576302,11253517.47192591,2.7916539530214507e-07
3.093926061463133e-07,309.3926061463133,309392.6061463133,0.028649760170952332,0.9713502398290477,0.9427004796580953,11253517.47192591,2.7916539530214507e-07
3.0953222374836495e-07,309.53222374836497,309532.22374836495,0.02891244781230401,0.971087552187696,0.9421751043753921,11253517.47192591,2.7916539530214507e-07
3.096718413504165e-07,309.6718413504165,309671.84135041654,0.029176298396759892,0.9708237016032402,0.9416474032064803,11253517.47192591,2.7916539530214507e-07
3.098114589524681e-07,309.8114589524681,309811.4589524681,0.02944131127296934,0.9705586887270307,0.9411173774540613,11253517.47192591,2.7916539530214507e-07
3.099510765545197e-07,309.95107655451966,309951.0765545197,0.02970748578671245,0.9702925142132875,0.9405850284265751,11253517.47192591,2.7916539530214507e-07
3.1009069415657126e-07,310.09069415657126,310090.69415657123,0.029974821280901565,0.9700251787190984,0.9400503574381969,11253517.47192591,2.7916539530214507e-07
3.1023031175862283e-07,310.23031175862286,310230.3117586228,0.030243317095582978,0.9697566829044171,0.9395133658088342,11253517.47192591,2.7916539530214507e-07
3.1036992936067446e-07,310.36992936067446,310369.92936067446,0.030512972567938557,0.9694870274320615,0.938974054864123,11253517.47192591,2.7916539530214507e-07
3.1050954696272604e-07,310.50954696272606,310509.54696272605,0.030783787032287402,0.9692162129677127,0.9384324259354253,11253517.47192591,2.7916539530214507e-07
3.106491645647776e-07,310.6491645647776,310649.16456477763,0.03105575982008757,0.9689442401799124,0.9378884803598249,11253517.47192591,2.7916539530214507e-07
3.107887821668292e-07,310.7887821668292,310788.7821668292,0.031328890259937514,0.9686711097400624,0.9373422194801249,11253517.47192591,2.7916539530214507e-07
3.1092839976888077e-07,310.92839976888075,310928.3997688808,0.031603177677577976,0.968396822322422,0.9367936446448439,11253517.47192591,2.7916539530214507e-07
3.1106801737093235e-07,311.06801737093235,311068.0173709323,0.031878621395893536,0.9681213786041065,0.936242757208213,11253517.47192591,2.7916539530214507e-07
3.112076349729839e-07,311.20763497298395,311207.6349729839,0.032155220734914336,0.9678447792650857,0.9356895585301714,11253517.47192591,2.7916539530214507e-07
3.1134725257503556e-07,311.34725257503555,311347.25257503556,0.032432975011817466,0.9675670249881825,0.935134049976365,11253517.47192591,2.7916539530214507e-07
3.1148687017708713e-07,311.48687017708716,311486.87017708714,0.032711883540929076,0.967288116459071,0.934576232918142,11253517.47192591,2.7916539530214507e-07
3.116264877791387e-07,311.6264877791387,311626.4877791387,0.03299194563372604,0.967008054366274,0.934016108732548,11253517.47192591,2.7916539530214507e-07
3.117661053811903e-07,311.7661053811903,311766.1053811903,0.03327316059883717,0.9667268394011628,0.9334536788023255,11253517.47192591,2.7916539530214507e-07
3.1190572298324186e-07,311.90572298324184,311905.72298324184,0.033555527742045455,0.9664444722579546,0.9328889445159092,11253517.47192591,2.7916539530214507e-07
3.1204534058529344e-07,312.04534058529345,312045.3405852934,0.033839046366289594,0.9661609536337104,0.9323219072674207,11253517.47192591,2.7916539530214507e-07
3.1218495818734507e-07,312.18495818734505,312184.95818734507,0.03412371577166584,0.9658762842283342,0.9317525684566683,11253517.47192591,2.7916539530214507e-07
3.1232457578939665e-07,312.32457578939665,312324.57578939665,0.03440953525542906,0.965590464744571,0.931180929489142,11253517.47192591,2.7916539530214507e-07
3.124641933914482e-07,312.46419339144825,312464.19339144824,0.034696504111995485,0.9653034958880045,0.9306069917760089,11253517.47192591,2.7916539530214507e-07
3.126038109934998e-07,312.6038109934998,312603.8109934998,0.03498462163294391,0.9650153783670561,0.9300307567341122,11253517.47192591,2.7916539530214507e-07
3.127434285955514e-07,312.7434285955514,312743.4285955514,0.03527388710701729,0.9647261128929827,0.9294522257859654,11253517.47192591,2.7916539530214507e-07
3.1288304619760296e-07,312.88304619760294,312883.04619760293,0.03556429982012482,0.9644357001798751,0.9288714003597502,11253517.47192591,2.7916539530214507e-07
3.130226637996546e-07,313.0226637996546,313022.6637996546,0.03585585905534383,0.9641441409446562,0.9282882818893123,11253517.47192591,2.7916539530214507e-07
3.1316228140170616e-07,313.16228140170614,313162.28140170616,0.03614856409292072,0.9638514359070793,0.9277028718141587,11253517.47192591,2.7916539530214507e-07
3.1330189900375774e-07,313.30189900375774,313301.89900375775,0.03644241421027378,0.9635575857897263,0.9271151715794526,11253517.47192591,2.7916539530214507e-07
3.134415166058093e-07,313.44151660580934,313441.51660580933,0.03673740868199443,0.9632625913180055,0.926525182636011,11253517.47192591,2.7916539530214507e-07
3.135811342078609e-07,313.5811342078609,313581.1342078609,0.03703354677984905,0.962966453220151,0.9259329064403019,11253517.47192591,2.7916539530214507e-07
3.1372075180991247e-07,313.7207518099125,313720.7518099125,0.037330827772780906,0.9626691722272191,0.9253383444544383,11253517.47192591,2.7916539530214507e-07
3.1386036941196405e-07,313.86036941196403,313860.369411964,0.03762925092691166,0.9623707490730884,0.9247414981461768,11253517.47192591,2.7916539530214507e-07
3.139999870140157e-07,313.9999870140157,313999.98701401567,0.03792881550554372,0.9620711844944563,0.9241423689889126,11253517.47192591,2.7916539530214507e-07
3.1413960461606726e-07,314.13960461606723,314139.60461606726,0.038229520769161474,0.9617704792308386,0.9235409584616772,11253517.47192591,2.7916539530214507e-07
3.1427922221811883e-07,314.27922221811883,314279.22221811884,0.038531365975433385,0.9614686340245666,0.9229372680491332,11253517.47192591,2.7916539530214507e-07
3.144188398201704e-07,314.41883982017043,314418.8398201704,0.0388343503792139,0.9611656496207861,0.9223312992415722,11253517.47192591,2.7916539530214507e-07
3.14558457422222e-07,314.558457422222,314558.457422222,0.03913847323254527,0.9608615267674547,0.9217230535349095,11253517.47192591,2.7916539530214507e-07
3.1469807502427357e-07,314.6980750242736,314698.07502427354,0.03944373378465926,0.9605562662153407,0.9211125324306815,11253517.47192591,2.7916539530214507e-07
3.148376926263252e-07,314.8376926263252,314837.6926263252,0.03975013128197907,0.960249868718021,0.920499737436042,11253517.47192591,2.7916539530214507e-07
3.1497731022837677e-07,314.9773102283768,314977.31022837677,0.04005766496812102,0.959942335031879,0.919884670063758,11253517.47192591,2.7916539530214507e-07
3.1511692783042835e-07,315.1169278304283,315116.92783042835,0.04036633408389695,0.9596336659161031,0.9192673318322062,11253517.47192591,2.7916539530214507e-07
3.1525654543247993e-07,315.2565454324799,315256.54543247994,0.04067613786731539,0.9593238621326846,0.9186477242653692,11253517.47192591,2.7916539530214507e-07
3.153961630345315e-07,315.3961630345315,315396.1630345315,0.04098707555358405,0.959012924446416,0.9180258488928319,11253517.47192591,2.7916539530214507e-07
3.155357806365831e-07,315.53578063658307,315535.7806365831,0.04129914637511134,0.9587008536248887,0.9174017072497773,11253517.47192591,2.7916539530214507e-07
3.1567539823863466e-07,315.67539823863467,315675.39823863463,0.041612349561508444,0.9583876504384916,0.9167753008769832,11253517.47192591,2.7916539530214507e-07
3.158150158406863e-07,315.81501584068627,315815.0158406863,0.04192668433959118,0.9580733156604089,0.9161466313208178,11253517.47192591,2.7916539530214507e-07
3.1595463344273787e-07,315.9546334427379,315954.63344273786,0.042242149933381434,0.9577578500666186,0.9155157001332372,11253517.47192591,2.7916539530214507e-07
3.1609425104478944e-07,316.0942510447894,316094.25104478945,0.0425587455641101,0.9574412544358899,0.9148825088717798,11253517.47192591,2.7916539530214507e-07
3.16233868646841e-07,316.233868646841,316233.86864684103,0.04287647045021831,0.9571235295497817,0.9142470590995635,11253517.47192591,2.7916539530214507e-07
3.163734862488926e-07,316.3734862488926,316373.4862488926,0.04319532380735913,0.9568046761926409,0.9136093523852817,11253517.47192591,2.7916539530214507e-07
3.165131038509442e-07,316.51310385094416,316513.1038509442,0.043515304848400216,0.9564846951515997,0.9129693903031995,11253517.47192591,2.7916539530214507e-07
3.166527214529958e-07,316.6527214529958,316652.7214529958,0.04383641278342537,0.9561635872165746,0.9123271744331491,11253517.47192591,2.7916539530214507e-07
3.167923390550474e-07,316.79233905504736,316792.33905504737,0.04415864681973608,0.9558413531802639,0.9116827063605277,11253517.47192591,2.7916539530214507e-07
3.1693195665709896e-07,316.93195665709897,316931.95665709896,0.04448200616185438,0.9555179938381456,0.9110359876762912,11253517.47192591,2.7916539530214507e-07
3.1707157425915054e-07,317.0715742591505,317071.57425915054,0.04480649001152415,0.9551935099884759,0.9103870199769517,11253517.47192591,2.7916539530214507e-07
3.172111918612021e-07,317.2111918612021,317211.1918612021,0.04513209756771336,0.9548679024322866,0.9097358048645732,11253517.47192591,2.7916539530214507e-07
3.173508094632537e-07,317.3508094632537,317350.8094632537,0.045458828026615716,0.9545411719733843,0.9090823439467686,11253517.47192591,2.7916539530214507e-07
3.174904270653053e-07,317.4904270653053,317490.4270653053,0.04578668058165325,0.9542133194183468,0.9084266388366935,11253517.47192591,2.7916539530214507e-07
3.176300446673569e-07,317.6300446673569,317630.0446673569,0.04611565442347759,0.9538843455765225,0.9077686911530449,11253517.47192591,2.7916539530214507e-07
3.177696622694085e-07,317.76966226940846,317769.66226940847,0.046445748739972426,0.9535542512600276,0.9071085025200551,11253517.47192591,2.7916539530214507e-07
3.1790927987146005e-07,317.90927987146006,317909.27987146005,0.04677696271625553,0.9532230372837445,0.9064460745674889,11253517.47192591,2.7916539530214507e-07
3.1804889747351163e-07,318.0488974735116,318048.89747351164,0.04710929553468063,0.9528907044653194,0.9057814089306389,11253517.47192591,2.7916539530214507e-07
3.181885150755632e-07,318.1885150755632,318188.5150755632,0.04744274637483942,0.9525572536251605,0.905114507250321,11253517.47192591,2.7916539530214507e-07
3.183281326776148e-07,318.3281326776148,318328.1326776148,0.047777314413563365,0.9522226855864366,0.9044453711728733,11253517.47192591,2.7916539530214507e-07
3.184677502796664e-07,318.4677502796664,318467.7502796664,0.04811299882492642,0.9518870011750735,0.903774002350147,11253517.47192591,2.7916539530214507e-07
3.18607367881718e-07,318.607367881718,318607.367881718,0.048449798780246245,0.9515502012197538,0.9031004024395075,11253517.47192591,2.7916539530214507e-07
3.1874698548376957e-07,318.74698548376955,318746.98548376956,0.04878771344808669,0.9512122865519133,0.9024245731038265,11253517.47192591,2.7916539530214507e-07
3.1888660308582114e-07,318.88660308582115,318886.60308582115,0.049126741994259926,0.9508732580057401,0.9017465160114801,11253517.47192591,2.7916539530214507e-07
3.190262206878727e-07,319.0262206878727,319026.22068787273,0.04946688358182838,0.9505331164181716,0.9010662328363432,11253517.47192591,2.7916539530214507e-07
3.191658382899243e-07,319.1658382899243,319165.8382899243,0.049808137371106564,0.9501918626288934,0.9003837252577869,11253517.47192591,2.7916539530214507e-07
3.1930545589197593e-07,319.30545589197595,319305.4558919759,0.05015050251966385,0.9498494974803362,0.8996989949606724,11253517.47192591,2.7916539530214507e-07
3.194450734940275e-07,319.4450734940275,319445.0734940275,0.05049397818232526,0.9495060218176747,0.8990120436353495,11253517.47192591,2.7916539530214507e-07
3.195846910960791e-07,319.5846910960791,319584.69109607907,0.05083856351117505,0.949161436488825,0.89832287297765,11253517.47192591,2.7916539530214507e-07
3.1972430869813066e-07,319.72430869813064,319724.30869813066,0.05118425765555801,0.948815742344442,0.897631484688884,11253517.47192591,2.7916539530214507e-07
3.1986392630018224e-07,319.86392630018224,319863.92630018224,0.05153105976208139,0.9484689402379186,0.8969378804758372,11253517.47192591,2.7916539530214507e-07
3.200035439022338e-07,320.0035439022338,320003.5439022338,0.05187896897461747,0.9481210310253825,0.896242062050765,11253517.47192591,2.7916539530214507e-07
3.2014316150428544e-07,320.14316150428544,320143.16150428547,0.05222798443430576,0.9477720155656942,0.8955440311313885,11253517.47192591,2.7916539530214507e-07
3.20282779106337e-07,320.28277910633705,320282.779106337,0.052578105279554144,0.9474218947204458,0.8948437894408916,11253517.47192591,2.7916539530214507e-07
3.204223967083886e-07,320.4223967083886,320422.3967083886,0.05292933064604233,0.9470706693539577,0.8941413387079153,11253517.47192591,2.7916539530214507e-07
3.205620143104402e-07,320.5620143104402,320562.01431044016,0.05328165966672316,0.9467183403332768,0.8934366806665537,11253517.47192591,2.7916539530214507e-07
3.2070163191249175e-07,320.70163191249173,320701.63191249175,0.05363509147182505,0.9463649085281749,0.8927298170563498,11253517.47192591,2.7916539530214507e-07
3.2084124951454333e-07,320.84124951454334,320841.24951454333,0.05398962518885381,0.9460103748111461,0.8920207496222923,11253517.47192591,2.7916539530214507e-07
3.209808671165949e-07,320.9808671165949,320980.8671165949,0.05434525994259526,0.9456547400574047,0.8913094801148094,11253517.47192591,2.7916539530214507e-07
3.2112048471864654e-07,321.12048471864654,321120.48471864656,0.054701994855117286,0.9452980051448827,0.8905960102897654,11253517.47192591,2.7916539530214507e-07
3.212601023206981e-07,321.26010232069814,321260.1023206981,0.05505982904577128,0.9449401709542287,0.8898803419084573,11253517.47192591,2.7916539530214507e-07
3.213997199227497e-07,321.3997199227497,321399.7199227497,0.05541876163119552,0.9445812383688045,0.889162476737609,11253517.47192591,2.7916539530214507e-07
3.2153933752480127e-07,321.5393375248013,321539.33752480126,0.05577879172531658,0.9442212082746835,0.888442416549367,11253517.47192591,2.7916539530214507e-07
3.2167895512685285e-07,321.6789551268528,321678.95512685284,0.05613991843935162,0.9438600815606484,0.8877201631212968,11253517.47192591,2.7916539530214507e-07
3.218185727289044e-07,321.8185727289044,321818.57272890443,0.056502140881810825,0.9434978591181892,0.8869957182363783,11253517.47192591,2.7916539530214507e-07
3.2195819033095605e-07,321.95819033095603,321958.1903309561,0.05686545815849914,0.9431345418415009,0.8862690836830018,11253517.47192591,2.7916539530214507e-07
3.2209780793300763e-07,322.09780793300763,322097.80793300766,0.05722986937251884,0.9427701306274812,0.8855402612549623,11253517.47192591,2.7916539530214507e-07
3.222374255350592e-07,322.23742553505923,322237.4255350592,0.05759537362427192,0.9424046263757281,0.8848092527514562,11253517.47192591,2.7916539530214507e-07
3.223770431371108e-07,322.3770431371108,322377.04313711077,0.057961970011461694,0.9420380299885383,0.8840760599770765,11253517.47192591,2.7916539530214507e-07
3.2251666073916236e-07,322.5166607391624,322516.66073916235,0.058329657629095644,0.9416703423709043,0.8833406847418086,11253517.47192591,2.7916539530214507e-07
3.2265627834121394e-07,322.6562783412139,322656.27834121394,0.05869843556948734,0.9413015644305127,0.8826031288610254,11253517.47192591,2.7916539530214507e-07
3.2279589594326557e-07,322.7958959432656,322795.8959432656,0.05906830292225901,0.940931697077741,0.8818633941554821,11253517.47192591,2.7916539530214507e-07
3.2293551354531715e-07,322.9355135453171,322935.51354531717,0.05943925877434281,0.9405607412256571,0.8811214824513143,11253517.47192591,2.7916539530214507e-07
3.230751311473687e-07,323.0751311473687,323075.1311473687,0.059811302209984374,0.9401886977900156,0.8803773955800311,11253517.47192591,2.7916539530214507e-07
3.232147487494203e-07,323.2147487494203,323214.7487494203,0.06018443231074455,0.9398155676892554,0.8796311353785109,11253517.47192591,2.7916539530214507e-07
3.233543663514719e-07,323.35436635147187,323354.36635147186,0.060558648155501105,0.9394413518444988,0.8788827036889977,11253517.47192591,2.7916539530214507e-07
3.2349398395352345e-07,323.49398395352347,323493.98395352345,0.060933948820452,0.939066051179548,0.878132102359096,11253517.47192591,2.7916539530214507e-07
3.2363360155557503e-07,323.633601555575,323633.60155557503,0.061310333379116844,0.9386896666208832,0.8773793332417663,11253517.47192591,2.7916539530214507e-07
3.2377321915762666e-07,323.77321915762667,323773.2191576267,0.061687800902339995,0.93831219909766,0.8766243981953199,11253517.47192591,2.7916539530214507e-07
3.2391283675967824e-07,323.9128367596782,323912.83675967826,0.06206635045829145,0.9379336495417085,0.8758672990834171,11253517.47192591,2.7916539530214507e-07
3.240524543617298e-07,324.0524543617298,324052.4543617298,0.062445981112470905,0.9375540188875291,0.8751080377750582,11253517.47192591,2.7916539530214507e-07
3.241920719637814e-07,324.1920719637814,324192.0719637814,0.06282669192770901,0.937173308072291,0.8743466161445821,11253517.47192591,2.7916539530214507e-07
3.2433168956583297e-07,324.33168956583296,324331.68956583296,0.06320848196416962,0.9367915180358304,0.8735830360716608,11253517.47192591,2.7916539530214507e-07
3.2447130716788455e-07,324.47130716788456,324471.30716788454,0.06359135027935264,0.9364086497206474,0.8728172994412948,11253517.47192591,2.7916539530214507e-07
3.246109247699362e-07,324.61092476993616,324610.9247699362,0.06397529592809631,0.9360247040719036,0.8720494081438073,11253517.47192591,2.7916539530214507e-07
3.2475054237198775e-07,324.75054237198776,324750.5423719878,0.06436031796257863,0.9356396820374213,0.8712793640748426,11253517.47192591,2.7916539530214507e-07
3.2489015997403933e-07,324.8901599740393,324890.15997403936,0.06474641543232101,0.935253584567679,0.8705071691353581,11253517.47192591,2.7916539530214507e-07
3.250297775760909e-07,325.0297775760909,325029.7775760909,0.06513358738418984,0.9348664126158102,0.8697328252316203,11253517.47192591,2.7916539530214507e-07
3.251693951781425e-07,325.1693951781425,325169.39517814247,0.06552183286239893,0.934478167137601,0.868956334275202,11253517.47192591,2.7916539530214507e-07
3.2530901278019406e-07,325.30901278019405,325309.01278019405,0.06591115090851218,0.9340888490914878,0.8681776981829756,11253517.47192591,2.7916539530214507e-07
3.2544863038224564e-07,325.44863038224565,325448.63038224564,0.06630154056144527,0.9336984594385547,0.8673969188771093,11253517.47192591,2.7916539530214507e-07
3.2558824798429727e-07,325.58824798429725,325588.2479842973,0.06669300085746899,0.933306999142531,0.866613998285062,11253517.47192591,2.7916539530214507e-07
3.2572786558634885e-07,325.72786558634886,325727.86558634887,0.06708553083021068,0.9329144691697893,0.8658289383395785,11253517.47192591,2.7916539530214507e-07
3.258674831884004e-07,325.8674831884004,325867.48318840045,0.06747912951065715,0.9325208704893428,0.8650417409786857,11253517.47192591,2.7916539530214507e-07
3.26007100790452e-07,326.007100790452,326007.100790452,0.06787379592715709,0.9321262040728429,0.8642524081456857,11253517.47192591,2.7916539530214507e-07
3.261467183925036e-07,326.1467183925036,326146.71839250356,0.06826952910542328,0.9317304708945767,0.8634609417891534,11253517.47192591,2.7916539530214507e-07
3.2628633599455516e-07,326.28633599455515,326286.33599455515,0.06866632806853512,0.9313336719314649,0.8626673438629298,11253517.47192591,2.7916539530214507e-07
3.264259535966068e-07,326.4259535966068,326425.9535966068,0.06906419183694085,0.9309358081630592,0.8618716163261184,11253517.47192591,2.7916539530214507e-07
3.2656557119865836e-07,326.56557119865835,326565.5711986584,0.06946311942846006,0.9305368805715399,0.8610737611430799,11253517.47192591,2.7916539530214507e-07
3.2670518880070994e-07,326.70518880070995,326705.18880070996,0.06986310985828631,0.9301368901417137,0.8602737802834275,11253517.47192591,2.7916539530214507e-07
3.268448064027615e-07,326.8448064027615,326844.8064027615,0.07026416213898923,0.9297358378610108,0.8594716757220215,11253517.47192591,2.7916539530214507e-07
3.269844240048131e-07,326.9844240048131,326984.4240048131,0.07066627528051733,0.9293337247194826,0.8586674494389652,11253517.47192591,2.7916539530214507e-07
3.2712404160686467e-07,327.1240416068647,327124.04160686466,0.07106944829020007,0.9289305517097999,0.8578611034195998,11253517.47192591,2.7916539530214507e-07
3.272636592089163e-07,327.2636592089163,327263.6592089163,0.0714736801727508,0.9285263198272492,0.8570526396544984,11253517.47192591,2.7916539530214507e-07
3.274032768109679e-07,327.4032768109679,327403.2768109679,0.07187896993026816,0.9281210300697318,0.8562420601394636,11253517.47192591,2.7916539530214507e-07
3.2754289441301946e-07,327.54289441301944,327542.8944130195,0.07228531656224002,0.92771468343776,0.85542936687552,11253517.47192591,2.7916539530214507e-07
3.2768251201507103e-07,327.68251201507104,327682.51201507106,0.07269271906554514,0.9273072809344549,0.8546145618689098,11253517.47192591,2.7916539530214507e-07
3.278221296171226e-07,327.8221296171226,327822.1296171226,0.07310117643445518,0.9268988235655449,0.8537976471310897,11253517.47192591,2.7916539530214507e-07
3.279617472191742e-07,327.9617472191742,327961.74721917417,0.07351068766063834,0.9264893123393616,0.8529786246787232,11253517.47192591,2.7916539530214507e-07
3.2810136482122576e-07,328.1013648212258,328101.36482122575,0.07392125173316089,0.9260787482668391,0.8521574965336782,11253517.47192591,2.7916539530214507e-07
3.282409824232774e-07,328.2409824232774,328240.9824232774,0.07433286763849029,0.9256671323615098,0.8513342647230195,11253517.47192591,2.7916539530214507e-07
3.2838060002532897e-07,328.380600025329,328380.600025329,0.0747455343604968,0.9252544656395032,0.8505089312790064,11253517.47192591,2.7916539530214507e-07
3.2852021762738055e-07,328.52021762738053,328520.21762738057,0.07515925088045727,0.9248407491195427,0.8496814982390855,11253517.47192591,2.7916539530214507e-07
3.286598352294321e-07,328.65983522943213,328659.83522943215,0.07557401617705667,0.9244259838229434,0.8488519676458868,11253517.47192591,2.7916539530214507e-07
3.287994528314837e-07,328.7994528314837,328799.4528314837,0.07598982922639114,0.9240101707736088,0.8480203415472176,11253517.47192591,2.7916539530214507e-07
3.289390704335353e-07,328.9390704335353,328939.07043353526,0.07640668900196979,0.9235933109980302,0.8471866219960604,11253517.47192591,2.7916539530214507e-07
3.290786880355869e-07,329.07868803558694,329078.6880355869,0.07682459447471846,0.9231754055252815,0.8463508110505631,11253517.47192591,2.7916539530214507e-07
3.292183056376385e-07,329.2183056376385,329218.3056376385,0.07724354461298094,0.9227564553870191,0.8455129107740382,11253517.47192591,2.7916539530214507e-07
3.2935792323969006e-07,329.3579232396901,329357.9232396901,0.07766353838252232,0.9223364616174776,0.8446729232349552,11253517.47192591,2.7916539530214507e-07
3.2949754084174164e-07,329.4975408417416,329497.54084174166,0.07808457474653152,0.9219154252534685,0.843830850506937,11253517.47192591,2.7916539530214507e-07
3.296371584437932e-07,329.6371584437932,329637.1584437932,0.07850665266562346,0.9214933473343765,0.842986694668753,11253517.47192591,2.7916539530214507e-07
3.297767760458448e-07,329.77677604584477,329776.7760458448,0.07892977109784205,0.921070228902158,0.8421404578043159,11253517.47192591,2.7916539530214507e-07
3.299163936478964e-07,329.9163936478964,329916.3936478964,0.07935392899866234,0.9206460710013377,0.8412921420026753,11253517.47192591,2.7916539530214507e-07
3.30056011249948e-07,330.056011249948,330056.011249948,0.0797791253209933,0.9202208746790067,0.8404417493580134,11253517.47192591,2.7916539530214507e-07
3.301956288519996e-07,330.1956288519996,330195.6288519996,0.08020535901518067,0.9197946409848193,0.8395892819696387,11253517.47192591,2.7916539530214507e-07
3.3033524645405116e-07,330.3352464540512,330335.2464540512,0.08063262902900897,0.9193673709709911,0.8387347419419822,11253517.47192591,2.7916539530214507e-07
3.3047486405610273e-07,330.4748640561027,330474.86405610276,0.08106093430770467,0.9189390656922953,0.8378781313845907,11253517.47192591,2.7916539530214507e-07
3.306144816581543e-07,330.6144816581543,330614.4816581543,0.08149027379393847,0.9185097262060615,0.837019452412123,11253517.47192591,2.7916539530214507e-07
3.307540992602059e-07,330.75409926020586,330754.09926020587,0.08192064642782798,0.9180793535721721,0.8361587071443441,11253517.47192591,2.7916539530214507e-07
3.308937168622575e-07,330.8937168622575,330893.7168622575,0.08235205114694072,0.9176479488530593,0.8352958977061187,11253517.47192591,2.7916539530214507e-07
3.310333344643091e-07,331.0333344643091,331033.3344643091,0.08278448688629536,0.9172155131137046,0.8344310262274093,11253517.47192591,2.7916539530214507e-07
3.3117295206636067e-07,331.17295206636066,331172.9520663607,0.08321795257836634,0.9167820474216337,0.8335640948432674,11253517.47192591,2.7916539530214507e-07
3.3131256966841225e-07,331.31256966841227,331312.56966841227,0.08365244715308529,0.9163475528469147,0.8326951056938294,11253517.47192591,2.7916539530214507e-07
3.314521872704638e-07,331.4521872704638,331452.18727046385,0.08408796953784353,0.9159120304621564,0.8318240609243128,11253517.47192591,2.7916539530214507e-07
3.315918048725154e-07,331.5918048725154,331591.8048725154,0.08452451865749555,0.9154754813425044,0.8309509626850089,11253517.47192591,2.7916539530214507e-07
3.3173142247456703e-07,331.731422474567,331731.422474567,0.08496209343436123,0.9150379065656388,0.8300758131312775,11253517.47192591,2.7916539530214507e-07
3.318710400766186e-07,331.8710400766186,331871.0400766186,0.08540069278822776,0.9145993072117722,0.8291986144235444,11253517.47192591,2.7916539530214507e-07
3.320106576786702e-07,332.0106576786702,332010.6576786702,0.08584031563635375,0.9141596843636463,0.8283193687272925,11253517.47192591,2.7916539530214507e-07
3.3215027528072176e-07,332.15027528072176,332150.2752807218,0.08628096089347104,0.913719039106529,0.8274380782130579,11253517.47192591,2.7916539530214507e-07
3.3228989288277334e-07,332.28989288277336,332289.89288277336,0.0867226274717875,0.9132773725282125,0.826554745056425,11253517.47192591,2.7916539530214507e-07
3.324295104848249e-07,332.4295104848249,332429.51048482495,0.08716531428098945,0.9128346857190106,0.8256693714380212,11253517.47192591,2.7916539530214507e-07
3.3256912808687655e-07,332.56912808687656,332569.12808687653,0.08760902022824507,0.9123909797717549,0.8247819595435097,11253517.47192591,2.7916539530214507e-07
3.327087456889281e-07,332.7087456889281,332708.7456889281,0.08805374421820628,0.9119462557817937,0.8238925115635873,11253517.47192591,2.7916539530214507e-07
3.328483632909797e-07,332.8483632909797,332848.3632909797,0.08849948515301193,0.9115005148469881,0.8230010296939763,11253517.47192591,2.7916539530214507e-07
3.329879808930313e-07,332.9879808930313,332987.9808930313,0.08894624193229056,0.9110537580677094,0.8221075161354188,11253517.47192591,2.7916539530214507e-07
3.3312759849508286e-07,333.12759849508285,333127.5984950829,0.08939401345316283,0.9106059865468372,0.8212119730936744,11253517.47192591,2.7916539530214507e-07
3.3326721609713443e-07,333.26721609713445,333267.21609713446,0.08984279861024458,0.9101572013897554,0.8203144027795108,11253517.47192591,2.7916539530214507e-07
3.33406833699186e-07,333.406833699186,333406.833699186,0.09029259629564884,0.9097074037043511,0.8194148074087022,11253517.47192591,2.7916539530214507e-07
3.3354645130123764e-07,333.54645130123765,333546.4513012376,0.09074340539898967,0.9092565946010103,0.8185131892020205,11253517.47192591,2.7916539530214507e-07
3.336860689032892e-07,333.6860689032892,333686.0689032892,0.09119522480738401,0.908804775192616,0.8176095503852321,11253517.47192591,2.7916539530214507e-07
3.338256865053408e-07,333.8256865053408,333825.6865053408,0.09164805340545462,0.9083519465945453,0.8167038931890906,11253517.47192591,2.7916539530214507e-07
3.3396530410739237e-07,333.9653041073924,333965.3041073924,0.09210189007533315,0.9078981099246668,0.8157962198493336,11253517.47192591,2.7916539530214507e-07
3.3410492170944395e-07,334.10492170944394,334104.92170944397,0.09255673369666262,0.9074432663033374,0.8148865326066748,11253517.47192591,2.7916539530214507e-07
3.3424453931149553e-07,334.24453931149554,334244.53931149555,0.09301258314660033,0.9069874168533997,0.8139748337067993,11253517.47192591,2.7916539530214507e-07
3.3438415691354716e-07,334.38415691354714,334384.15691354714,0.09346943729982066,0.9065305627001794,0.8130611254003588,11253517.47192591,2.7916539530214507e-07
3.3452377451559873e-07,334.52377451559875,334523.7745155987,0.0939272950285171,0.906072704971483,0.8121454099429659,11253517.47192591,2.7916539530214507e-07
3.346633921176503e-07,334.6633921176503,334663.3921176503,0.09438615520240645,0.9056138447975935,0.8112276895951871,11253517.47192591,2.7916539530214507e-07
3.348030097197019e-07,334.8030097197019,334803.0097197019,0.09484601668873055,0.9051539833112694,0.8103079666225388,11253517.47192591,2.7916539530214507e-07
3.3494262732175347e-07,334.9426273217535,334942.6273217535,0.0953068783522592,0.9046931216477407,0.8093862432954815,11253517.47192591,2.7916539530214507e-07
3.3508224492380504e-07,335.08224492380504,335082.24492380506,0.09576873905529337,0.9042312609447066,0.8084625218894133,11253517.47192591,2.7916539530214507e-07
3.3522186252585667e-07,335.2218625258567,335221.86252585665,0.09623159765766798,0.903768402342332,0.807536804684664,11253517.47192591,2.7916539530214507e-07
3.3536148012790825e-07,335.36148012790824,335361.48012790823,0.09669545301675353,0.9033045469832465,0.8066090939664929,11253517.47192591,2.7916539530214507e-07
3.3550109772995983e-07,335.50109772995984,335501.0977299598,0.097160303987461,0.902839696012539,0.805679392025078,11253517.47192591,2.7916539530214507e-07
3.356407153320114e-07,335.6407153320114,335640.7153320114,0.09762614942224301,0.902373850577757,0.804747701155514,11253517.47192591,2.7916539530214507e-07
3.35780332934063e-07,335.780332934063,335780.332934063,0.09809298817109752,0.9019070118289025,0.8038140236578051,11253517.47192591,2.7916539530214507e-07
3.3591995053611456e-07,335.9199505361146,335919.9505361146,0.09856081908156988,0.9014391809184301,0.8028783618368602,11253517.47192591,2.7916539530214507e-07
3.3605956813816614e-07,336.0595681381661,336059.56813816616,0.09902964099875661,0.9009703590012434,0.8019407180024869,11253517.47192591,2.7916539530214507e-07
3.3619918574021777e-07,336.1991857402178,336199.18574021774,0.09949945276530786,0.9005005472346921,0.8010010944693842,11253517.47192591,2.7916539530214507e-07
3.3633880334226934e-07,336.33880334226933,336338.8033422693,0.09997025322142944,0.9000297467785705,0.800059493557141,11253517.47192591,2.7916539530214507e-07
3.364784209443209e-07,336.47842094432093,336478.4209443209,0.10044204120488726,0.8995579587951128,0.7991159175902256,11253517.47192591,2.7916539530214507e-07
3.366180385463725e-07,336.6180385463725,336618.0385463725,0.10091481555100906,0.8990851844489909,0.7981703688979818,11253517.47192591,2.7916539530214507e-07
3.367576561484241e-07,336.7576561484241,336757.6561484241,0.10138857509268773,0.8986114249073123,0.7972228498146245,11253517.47192591,2.7916539530214507e-07
3.3689727375047565e-07,336.8972737504757,336897.27375047567,0.10186331866038412,0.8981366813396159,0.7962733626792318,11253517.47192591,2.7916539530214507e-07
3.370368913525273e-07,337.0368913525273,337036.8913525273,0.10233904508212965,0.8976609549178703,0.7953219098357407,11253517.47192591,2.7916539530214507e-07
3.3717650895457886e-07,337.1765089545789,337176.50895457884,0.10281575318352931,0.8971842468164707,0.7943684936329414,11253517.47192591,2.7916539530214507e-07
3.3731612655663044e-07,337.3161265566304,337316.1265566304,0.10329344178776523,0.8967065582122348,0.7934131164244695,11253517.47192591,2.7916539530214507e-07
3.37455744158682e-07,337.455744158682,337455.744158682,0.10377210971559853,0.8962278902844014,0.7924557805688028,11253517.47192591,2.7916539530214507e-07
3.375953617607336e-07,337.59536176073357,337595.3617607336,0.10425175578537293,0.8957482442146271,0.7914964884292541,11253517.47192591,2.7916539530214507e-07
3.3773497936278517e-07,337.73497936278517,337734.9793627852,0.10473237881301756,0.8952676211869824,0.7905352423739649,11253517.47192591,2.7916539530214507e-07
3.3787459696483674e-07,337.87459696483677,337874.59696483676,0.10521397761204976,0.8947860223879502,0.7895720447759005,11253517.47192591,2.7916539530214507e-07
3.380142145668884e-07,338.01421456688837,338014.21456688835,0.105696550993578,0.894303449006422,0.788606898012844,11253517.47192591,2.7916539530214507e-07
3.3815383216893995e-07,338.15383216893997,338153.83216893993,0.1061800977663046,0.8938199022336955,0.7876398044673909,11253517.47192591,2.7916539530214507e-07
3.3829344977099153e-07,338.2934497709915,338293.4497709915,0.1066646167365295,0.8933353832634705,0.786670766526941,11253517.47192591,2.7916539530214507e-07
3.384330673730431e-07,338.4330673730431,338433.0673730431,0.10715010670815206,0.8928498932918479,0.7856997865836959,11253517.47192591,2.7916539530214507e-07
3.385726849750947e-07,338.57268497509466,338572.6849750947,0.107636566482675,0.8923634335173249,0.7847268670346499,11253517.47192591,2.7916539530214507e-07
3.3871230257714626e-07,338.71230257714626,338712.30257714627,0.10812399485920682,0.8918760051407932,0.7837520102815865,11253517.47192591,2.7916539530214507e-07
3.388519201791979e-07,338.85192017919786,338851.9201791979,0.10861239063446515,0.8913876093655348,0.7827752187310697,11253517.47192591,2.7916539530214507e-07
3.3899153778124947e-07,338.99153778124946,338991.53778124944,0.10910175260277871,0.8908982473972213,0.7817964947944427,11253517.47192591,2.7916539530214507e-07
3.3913115538330104e-07,339.13115538330106,339131.155383301,0.10959207955609168,0.8904079204439084,0.7808158408878167,11253517.47192591,2.7916539530214507e-07
3.392707729853526e-07,339.2707729853526,339270.7729853526,0.1100833702839662,0.8899166297160338,0.7798332594320676,11253517.47192591,2.7916539530214507e-07
3.394103905874042e-07,339.4103905874042,339410.3905874042,0.11057562357358452,0.8894243764264155,0.778848752852831,11253517.47192591,2.7916539530214507e-07
3.395500081894558e-07,339.55000818945575,339550.0081894558,0.11106883820975322,0.8889311617902468,0.7778623235804936,11253517.47192591,2.7916539530214507e-07
3.396896257915074e-07,339.6896257915074,339689.6257915074,0.11156301297490578,0.8884369870250942,0.7768739740501884,11253517.47192591,2.7916539530214507e-07
3.39829243393559e-07,339.829243393559,339829.243393559,0.11205814664910468,0.8879418533508954,0.7758837067017907,11253517.47192591,2.7916539530214507e-07
3.3996886099561056e-07,339.96886099561056,339968.86099561054,0.11255423801004599,0.8874457619899541,0.7748915239799081,11253517.47192591,2.7916539530214507e-07
3.4010847859766214e-07,340.10847859766216,340108.4785976621,0.11305128583306129,0.8869487141669388,0.7738974283338775,11253517.47192591,2.7916539530214507e-07
3.402480961997137e-07,340.2480961997137,340248.0961997137,0.11354928889112115,0.8864507111088789,0.7729014222177577,11253517.47192591,2.7916539530214507e-07
3.403877138017653e-07,340.3877138017653,340387.7138017653,0.11404824595483792,0.885951754045162,0.771903508090324,11253517.47192591,2.7916539530214507e-07
3.4052733140381687e-07,340.52733140381685,340527.3314038169,0.11454815579246863,0.8854518442075314,0.7709036884150628,11253517.47192591,2.7916539530214507e-07
3.406669490058685e-07,340.6669490058685,340666.9490058685,0.11504901716991878,0.8849509828300812,0.7699019656601624,11253517.47192591,2.7916539530214507e-07
3.408065666079201e-07,340.8065666079201,340806.5666079201,0.11555082885074441,0.8844491711492556,0.7688983422985112,11253517.47192591,2.7916539530214507e-07
3.4094618420997165e-07,340.94618420997165,340946.18420997163,0.11605358959615564,0.8839464104038444,0.7678928208076887,11253517.47192591,2.7916539530214507e-07
3.4108580181202323e-07,341.08580181202325,341085.8018120232,0.11655729816501997,0.88344270183498,0.7668854036699599,11253517.47192591,2.7916539530214507e-07
3.412254194140748e-07,341.2254194140748,341225.4194140748,0.11706195331386487,0.8829380466861352,0.7658760933722704,11253517.47192591,2.7916539530214507e-07
3.413650370161264e-07,341.3650370161264,341365.0370161264,0.11756755379688122,0.8824324462031188,0.7648648924062376,11253517.47192591,2.7916539530214507e-07
3.41504654618178e-07,341.504654618178,341504.654618178,0.11807409836592608,0.8819259016340739,0.7638518032681478,11253517.47192591,2.7916539530214507e-07
3.416442722202296e-07,341.6442722202296,341644.2722202296,0.11858158577052563,0.8814184142294743,0.7628368284589486,11253517.47192591,2.7916539530214507e-07
3.4178388982228117e-07,341.7838898222812,341783.88982228114,0.11909001475787923,0.8809099852421207,0.7618199704842414,11253517.47192591,2.7916539530214507e-07
3.4192350742433275e-07,341.92350742433274,341923.5074243327,0.11959938407286108,0.8804006159271389,0.7608012318542778,11253517.47192591,2.7916539530214507e-07
3.420631250263843e-07,342.06312502638434,342063.1250263843,0.1201096924580245,0.8798903075419755,0.759780615083951,11253517.47192591,2.7916539530214507e-07
3.422027426284359e-07,342.2027426284359,342202.7426284359,0.12062093865360446,0.8793790613463955,0.7587581226927911,11253517.47192591,2.7916539530214507e-07
3.4234236023048753e-07,342.34236023048754,342342.36023048754,0.12113312139752119,0.8788668786024788,0.7577337572049576,11253517.47192591,2.7916539530214507e-07
3.424819778325391e-07,342.4819778325391,342481.9778325391,0.121646239425382,0.878353760574618,0.756707521149236,11253517.47192591,2.7916539530214507e-07
3.426215954345907e-07,342.6215954345907,342621.5954345907,0.12216029147048607,0.877839708529514,0.755679417059028,11253517.47192591,2.7916539530214507e-07
3.4276121303664226e-07,342.7612130366423,342761.21303664224,0.12267527626382674,0.8773247237361732,0.7546494474723464,11253517.47192591,2.7916539530214507e-07
3.4290083063869384e-07,342.90083063869383,342900.8306386938,0.12319119253409483,0.8768088074659052,0.7536176149318103,11253517.47192591,2.7916539530214507e-07
3.430404482407454e-07,343.04044824074543,343040.4482407454,0.12370803900768113,0.8762919609923189,0.7525839219846377,11253517.47192591,2.7916539530214507e-07
3.43180065842797e-07,343.180065842797,343180.065842797,0.12422581440868063,0.8757741855913194,0.7515483711826387,11253517.47192591,2.7916539530214507e-07
3.433196834448486e-07,343.31968344484864,343319.68344484863,0.12474451745889537,0.8752554825411046,0.7505109650822093,11253517.47192591,2.7916539530214507e-07
3.434593010469002e-07,343.4593010469002,343459.3010469002,0.1252641468778362,0.8747358531221638,0.7494717062443277,11253517.47192591,2.7916539530214507e-07
3.435989186489518e-07,343.5989186489518,343598.9186489518,0.12578470138272835,0.8742152986172717,0.7484305972345433,11253517.47192591,2.7916539530214507e-07
3.4373853625100335e-07,343.7385362510034,343738.53625100333,0.12630617968851282,0.8736938203114872,0.7473876406229745,11253517.47192591,2.7916539530214507e-07
3.4387815385305493e-07,343.8781538530549,343878.1538530549,0.12682858050785023,0.8731714194921498,0.7463428389842997,11253517.47192591,2.7916539530214507e-07
3.440177714551065e-07,344.0177714551065,344017.7714551065,0.12735190255112355,0.8726480974488764,0.7452961948977528,11253517.47192591,2.7916539530214507e-07
3.4415738905715814e-07,344.1573890571581,344157.38905715814,0.12787614452644203,0.872123855473558,0.744247710947116,11253517.47192591,2.7916539530214507e-07
3.442970066592097e-07,344.2970066592097,344297.0066592097,0.1284013051396436,0.8715986948603565,0.7431973897207129,11253517.47192591,2.7916539530214507e-07
3.444366242612613e-07,344.4366242612613,344436.6242612613,0.1289273830942983,0.8710726169057017,0.7421452338114034,11253517.47192591,2.7916539530214507e-07
3.4457624186331287e-07,344.5762418633129,344576.2418633129,0.12945437709171204,0.870545622908288,0.7410912458165759,11253517.47192591,2.7916539530214507e-07
3.4471585946536445e-07,344.7158594653645,344715.8594653644,0.12998228583092908,0.8700177141690709,0.7400354283381418,11253517.47192591,2.7916539530214507e-07
3.44855477067416e-07,344.855477067416,344855.477067416,0.13051110800873572,0.8694888919912642,0.7389777839825284,11253517.47192591,2.7916539530214507e-07
3.4499509466946765e-07,344.9950946694677,344995.09466946765,0.131040842319663,0.868959157680337,0.7379183153606741,11253517.47192591,2.7916539530214507e-07
3.4513471227151923e-07,345.1347122715192,345134.71227151924,0.1315714874559903,0.8684285125440097,0.7368570250880193,11253517.47192591,2.7916539530214507e-07
3.452743298735708e-07,345.2743298735708,345274.3298735708,0.13210304210774876,0.8678969578922513,0.7357939157845026,11253517.47192591,2.7916539530214507e-07
3.454139474756224e-07,345.41394747562236,345413.9474756224,0.13263550496272386,0.8673644950372761,0.7347289900745522,11253517.47192591,2.7916539530214507e-07
3.4555356507767396e-07,345.55356507767397,345553.56507767393,0.1331688747064595,0.8668311252935406,0.7336622505870811,11253517.47192591,2.7916539530214507e-07
3.4569318267972554e-07,345.69318267972557,345693.1826797255,0.13370315002226046,0.8662968499777395,0.732593699955479,11253517.47192591,2.7916539530214507e-07
3.458328002817771e-07,345.8328002817771,345832.8002817771,0.13423832959119625,0.8657616704088038,0.7315233408176076,11253517.47192591,2.7916539530214507e-07
3.4597241788382875e-07,345.97241788382877,345972.41788382875,0.13477441209210422,0.8652255879078958,0.7304511758157917,11253517.47192591,2.7916539530214507e-07
3.461120354858803e-07,346.1120354858803,346112.03548588033,0.13531139620159194,0.8646886037984081,0.7293772075968161,11253517.47192591,2.7916539530214507e-07
3.462516530879319e-07,346.2516530879319,346251.6530879319,0.135849280594042,0.864150719405958,0.728301438811916,11253517.47192591,2.7916539530214507e-07
3.463912706899835e-07,346.39127068998346,346391.2706899835,0.13638806394161446,0.8636119360583856,0.7272238721167712,11253517.47192591,2.7916539530214507e-07
3.4653088829203506e-07,346.53088829203506,346530.88829203503,0.13692774491424975,0.8630722550857503,0.7261445101715005,11253517.47192591,2.7916539530214507e-07
3.4667050589408663e-07,346.67050589408666,346670.5058940866,0.1374683221796728,0.8625316778203271,0.7250633556406543,11253517.47192591,2.7916539530214507e-07
3.4681012349613826e-07,346.81012349613826,346810.12349613826,0.1380097944033961,0.8619902055966039,0.7239804111932078,11253517.47192591,2.7916539530214507e-07
3.4694974109818984e-07,346.94974109818986,346949.74109818984,0.13855216024872186,0.8614478397512781,0.7228956795025563,11253517.47192591,2.7916539530214507e-07
3.470893587002414e-07,347.0893587002414,347089.3587002414,0.13909541837674722,0.8609045816232528,0.7218091632465056,11253517.47192591,2.7916539530214507e-07
3.47228976302293e-07,347.228976302293,347228.976302293,0.1396395674463663,0.8603604325536337,0.7207208651072674,11253517.47192591,2.7916539530214507e-07
3.4736859390434457e-07,347.36859390434455,347368.5939043446,0.14018460611427397,0.859815393885726,0.7196307877714521,11253517.47192591,2.7916539530214507e-07
3.4750821150639615e-07,347.50821150639615,347508.2115063961,0.14073053303496846,0.8592694669650316,0.7185389339300632,11253517.47192591,2.7916539530214507e-07
3.476478291084477e-07,347.64782910844775,347647.8291084477,0.14127734686075577,0.8587226531392442,0.7174453062784885,11253517.47192591,2.7916539530214507e-07
3.4778744671049936e-07,347.78744671049935,347787.44671049935,0.14182504624175263,0.8581749537582474,0.7163499075164947,11253517.47192591,2.7916539530214507e-07
3.4792706431255093e-07,347.92706431255095,347927.06431255094,0.1423736298258887,0.8576263701741114,0.7152527403482227,11253517.47192591,2.7916539530214507e-07
3.480666819146025e-07,348.0666819146025,348066.6819146025,0.1429230962589117,0.8570769037410884,0.7141538074821767,11253517.47192591,2.7916539530214507e-07
3.482062995166541e-07,348.2062995166541,348206.2995166541,0.1434734441843898,0.8565265558156102,0.7130531116312204,11253517.47192591,2.7916539530214507e-07
3.4834591711870566e-07,348.34591711870564,348345.91711870563,0.14402467224371496,0.855975327756285,0.7119506555125701,11253517.47192591,2.7916539530214507e-07
3.4848553472075724e-07,348.48553472075724,348485.5347207572,0.1445767790761065,0.8554232209238934,0.7108464418477869,11253517.47192591,2.7916539530214507e-07
3.4862515232280887e-07,348.62515232280884,348625.15232280886,0.14512976331861427,0.8548702366813857,0.7097404733627715,11253517.47192591,2.7916539530214507e-07
3.4876476992486045e-07,348.76476992486045,348764.76992486045,0.14568362360612208,0.8543163763938779,0.7086327527877558,11253517.47192591,2.7916539530214507e-07
3.48904387526912e-07,348.90438752691205,348904.38752691203,0.1462383585713511,0.8537616414286489,0.7075232828572977,11253517.47192591,2.7916539530214507e-07
3.490440051289636e-07,349.0440051289636,349044.0051289636,0.14679396684486334,0.8532060331551367,0.7064120663102733,11253517.47192591,2.7916539530214507e-07
3.491836227310152e-07,349.1836227310152,349183.6227310152,0.14735044705506495,0.852649552944935,0.7052991058898701,11253517.47192591,2.7916539530214507e-07
3.4932324033306676e-07,349.32324033306674,349323.24033306673,0.14790779782820962,0.8520922021717904,0.7041844043435808,11253517.47192591,2.7916539530214507e-07
3.494628579351184e-07,349.4628579351184,349462.8579351184,0.14846601778840213,0.8515339822115979,0.7030679644231959,11253517.47192591,2.7916539530214507e-07
3.4960247553716996e-07,349.60247553716994,349602.47553716996,0.14902510555760062,0.8509748944423994,0.7019497888847988,11253517.47192591,2.7916539530214507e-07
3.4974209313922154e-07,349.74209313922154,349742.09313922154,0.14958505975562192,0.8504149402443781,0.7008298804887563,11253517.47192591,2.7916539530214507e-07
3.498817107412731e-07,349.88171074127314,349881.7107412731,0.1501458790001438,0.8498541209998562,0.6997082419997125,11253517.47192591,2.7916539530214507e-07
3.500213283433247e-07,350.0213283433247,350021.3283433247,0.15070756190670814,0.8492924380932918,0.6985848761865836,11253517.47192591,2.7916539530214507e-07
3.5016094594537627e-07,350.1609459453763,350160.9459453763,0.15127010708872501,0.848729892911275,0.69745978582255,11253517.47192591,2.7916539530214507e-07
3.5030056354742785e-07,350.3005635474278,350300.5635474278,0.1518335131574759,0.848166486842524,0.6963329736850481,11253517.47192591,2.7916539530214507e-07
3.504401811494795e-07,350.4401811494795,350440.18114947947,0.15239777872211735,0.8476022212778827,0.6952044425557653,11253517.47192591,2.7916539530214507e-07
3.5057979875153106e-07,350.57979875153103,350579.79875153105,0.15296290238968313,0.8470370976103169,0.6940741952206337,11253517.47192591,2.7916539530214507e-07
3.5071941635358263e-07,350.71941635358263,350719.41635358264,0.15352888276508958,0.8464711172349104,0.6929422344698208,11253517.47192591,2.7916539530214507e-07
3.508590339556342e-07,350.85903395563423,350859.0339556342,0.15409571845113806,0.845904281548862,0.691808563097724,11253517.47192591,2.7916539530214507e-07
3.509986515576858e-07,350.9986515576858,350998.6515576858,0.15466340804851797,0.845336591951482,0.6906731839029641,11253517.47192591,2.7916539530214507e-07
3.5113826915973736e-07,351.1382691597374,351138.2691597374,0.15523195015581126,0.8447680498441887,0.6895360996883775,11253517.47192591,2.7916539530214507e-07
3.51277886761789e-07,351.277886761789,351277.886761789,0.15580134336949536,0.8441986566305046,0.6883973132610093,11253517.47192591,2.7916539530214507e-07
3.5141750436384057e-07,351.4175043638406,351417.50436384056,0.15637158628394576,0.8436284137160542,0.6872568274321085,11253517.47192591,2.7916539530214507e-07
3.5155712196589215e-07,351.5571219658921,351557.12196589215,0.15694267749144136,0.8430573225085587,0.6861146450171174,11253517.47192591,2.7916539530214507e-07
3.516967395679437e-07,351.6967395679437,351696.73956794373,0.15751461558216656,0.8424853844178335,0.684970768835667,11253517.47192591,2.7916539530214507e-07
3.518363571699953e-07,351.8363571699953,351836.3571699953,0.15808739914421505,0.8419126008557849,0.6838252017115698,11253517.47192591,2.7916539530214507e-07
3.519759747720469e-07,351.97597477204687,351975.9747720469,0.15866102676359356,0.8413389732364065,0.682677946472813,11253517.47192591,2.7916539530214507e-07
3.521155923740985e-07,352.1155923740985,352115.5923740985,0.15923549702422496,0.8407645029757751,0.6815290059515502,11253517.47192591,2.7916539530214507e-07
3.522552099761501e-07,352.25520997615007,352255.2099761501,0.15981080850795176,0.8401891914920483,0.6803783829840966,11253517.47192591,2.7916539530214507e-07
3.5239482757820166e-07,352.39482757820167,352394.82757820166,0.16038695979454037,0.8396130402054596,0.6792260804109191,11253517.47192591,2.7916539530214507e-07
3.5253444518025324e-07,352.5344451802532,352534.44518025324,0.16096394946168335,0.8390360505383166,0.6780721010766333,11253517.47192591,2.7916539530214507e-07
3.526740627823048e-07,352.6740627823048,352674.0627823048,0.1615417760850042,0.8384582239149958,0.6769164478299916,11253517.47192591,2.7916539530214507e-07
3.528136803843564e-07,352.8136803843564,352813.6803843564,0.16212043823806,0.83787956176194,0.67575912352388,11253517.47192591,2.7916539530214507e-07
3.5295329798640797e-07,352.95329798640796,352953.297986408,0.16269993449234532,0.8373000655076547,0.6746001310153094,11253517.47192591,2.7916539530214507e-07
3.530929155884596e-07,353.0929155884596,353092.9155884596,0.1632802634172955,0.8367197365827045,0.673439473165409,11253517.47192591,2.7916539530214507e-07
3.532325331905112e-07,353.23253319051116,353232.53319051117,0.1638614235802902,0.8361385764197098,0.6722771528394196,11253517.47192591,2.7916539530214507e-07
3.5337215079256276e-07,353.37215079256276,353372.15079256275,0.1644434135466576,0.8355565864533424,0.6711131729066848,11253517.47192591,2.7916539530214507e-07
3.5351176839461433e-07,353.5117683946143,353511.76839461434,0.16502623187967663,0.8349737681203233,0.6699475362406466,11253517.47192591,2.7916539530214507e-07
3.536513859966659e-07,353.6513859966659,353651.3859966659,0.16560987714058195,0.834390122859418,0.6687802457188361,11253517.47192591,2.7916539530214507e-07
3.537910035987175e-07,353.7910035987175,353791.0035987175,0.16619434788856652,0.8338056521114334,0.6676113042228669,11253517.47192591,2.7916539530214507e-07
3.539306212007691e-07,353.9306212007691,353930.6212007691,0.16677964268078593,0.8332203573192141,0.6664407146384281,11253517.47192591,2.7916539530214507e-07
3.540702388028207e-07,354.0702388028207,354070.2388028207,0.16736576007236037,0.8326342399276396,0.6652684798552793,11253517.47192591,2.7916539530214507e-07
3.5420985640487227e-07,354.20985640487226,354209.85640487226,0.1679526986163805,0.8320473013836195,0.664094602767239,11253517.47192591,2.7916539530214507e-07
3.5434947400692385e-07,354.34947400692386,354349.47400692385,0.1685404568639095,0.8314595431360905,0.662919086272181,11253517.47192591,2.7916539530214507e-07
3.5448909160897543e-07,354.4890916089754,354489.09160897543,0.1691290333639867,0.8308709666360132,0.6617419332720265,11253517.47192591,2.7916539530214507e-07
3.54628709211027e-07,354.628709211027,354628.709211027,0.1697184266636318,0.8302815733363682,0.6605631466727364,11253517.47192591,2.7916539530214507e-07
3.5476832681307863e-07,354.76832681307866,354768.32681307866,0.17030863530784834,0.8296913646921517,0.6593827293843033,11253517.47192591,2.7916539530214507e-07
3.549079444151302e-07,354.9079444151302,354907.9444151302,0.17089965783962613,0.8291003421603739,0.6582006843207477,11253517.47192591,2.7916539530214507e-07
3.550475620171818e-07,355.0475620171818,355047.5620171818,0.1714914927999467,0.8285085072000533,0.6570170144001066,11253517.47192591,2.7916539530214507e-07
3.5518717961923337e-07,355.18717961923335,355187.17961923336,0.17208413872778572,0.8279158612722143,0.6558317225444286,11253517.47192591,2.7916539530214507e-07
3.5532679722128494e-07,355.32679722128495,355326.79722128494,0.1726775941601168,0.8273224058398831,0.6546448116797663,11253517.47192591,2.7916539530214507e-07
3.554664148233365e-07,355.4664148233365,355466.4148233365,0.17327185763191533,0.8267281423680847,0.6534562847361693,11253517.47192591,2.7916539530214507e-07
3.556060324253881e-07,355.6060324253881,355606.0324253881,0.17386692767616174,0.8261330723238383,0.6522661446476765,11253517.47192591,2.7916539530214507e-07
3.5574565002743973e-07,355.74565002743975,355745.65002743975,0.1744628028238459,0.825537197176154,0.6510743943523081,11253517.47192591,2.7916539530214507e-07
3.558852676294913e-07,355.8852676294913,355885.2676294913,0.1750594816039689,0.8249405183960311,0.6498810367920622,11253517.47192591,2.7916539530214507e-07
3.560248852315429e-07,356.0248852315429,356024.88523154287,0.17565696254354923,0.8243430374564508,0.6486860749129015,11253517.47192591,2.7916539530214507e-07
3.5616450283359446e-07,356.16450283359444,356164.50283359445,0.1762552441676249,0.8237447558323752,0.6474895116647503,11253517.47192591,2.7916539530214507e-07
3.5630412043564604e-07,356.30412043564604,356304.12043564604,0.17685432499925652,0.8231456750007435,0.6462913500014871,11253517.47192591,2.7916539530214507e-07
3.564437380376976e-07,356.4437380376976,356443.7380376976,0.17745420355953262,0.8225457964404674,0.6450915928809349,11253517.47192591,2.7916539530214507e-07
3.5658335563974924e-07,356.58335563974924,356583.35563974926,0.17805487836757244,0.8219451216324276,0.6438902432648552,11253517.47192591,2.7916539530214507e-07
3.567229732418008e-07,356.72297324180084,356722.9732418008,0.17865634794052865,0.8213436520594714,0.6426873041189427,11253517.47192591,2.7916539530214507e-07
3.568625908438524e-07,356.8625908438524,356862.5908438524,0.1792586107935929,0.820741389206407,0.6414827784128141,11253517.47192591,2.7916539530214507e-07
3.57002208445904e-07,357.002208445904,357002.20844590396,0.17986166543999815,0.8201383345600018,0.6402766691200037,11253517.47192591,2.7916539530214507e-07
3.5714182604795555e-07,357.14182604795553,357141.82604795555,0.18046551039102277,0.8195344896089772,0.6390689792179545,11253517.47192591,2.7916539530214507e-07
3.5728144365000713e-07,357.28144365000713,357281.44365000713,0.18107014415599404,0.8189298558440059,0.6378597116880118,11253517.47192591,2.7916539530214507e-07
3.574210612520587e-07,357.4210612520587,357421.0612520587,0.18167556524229217,0.8183244347577079,0.6366488695154158,11253517.47192591,2.7916539530214507e-07
3.5756067885411034e-07,357.56067885411034,357560.67885411036,0.18228177215535385,0.8177182278446462,0.6354364556892924,11253517.47192591,2.7916539530214507e-07
3.577002964561619e-07,357.70029645616194,357700.2964561619,0.182888763398675,0.817111236601325,0.63422247320265,11253517.47192591,2.7916539530214507e-07
3.578399140582135e-07,357.8399140582135,357839.9140582135,0.18349653747381628,0.8165034625261838,0.6330069250523676,11253517.47192591,2.7916539530214507e-07
3.5797953166026507e-07,357.9795316602651,357979.53166026506,0.18410509288040544,0.8158949071195946,0.6317898142391891,11253517.47192591,2.7916539530214507e-07
3.5811914926231664e-07,358.1191492623166,358119.14926231664,0.18471442811614153,0.8152855718838585,0.6305711437677171,11253517.47192591,2.7916539530214507e-07
3.582587668643682e-07,358.2587668643682,358258.7668643682,0.18532454167679868,0.8146754583232013,0.6293509166464026,11253517.47192591,2.7916539530214507e-07
3.5839838446641985e-07,358.3983844664198,358398.38446641987,0.18593543205622864,0.8140645679437714,0.6281291358875427,11253517.47192591,2.7916539530214507e-07
3.5853800206847143e-07,358.5380020684714,358538.00206847145,0.18654709774636669,0.8134529022536333,0.6269058045072666,11253517.47192591,2.7916539530214507e-07
3.58677619670523e-07,358.67761967052303,358677.619670523,0.18715953723723383,0.8128404627627661,0.6256809255255322,11253517.47192591,2.7916539530214507e-07
3.588172372725746e-07,358.8172372725746,358817.23727257457,0.18777274901693997,0.81222725098306,0.6244545019661201,11253517.47192591,2.7916539530214507e-07
3.5895685487462616e-07,358.9568548746262,358956.85487462615,0.18838673157168961,0.8116132684283104,0.6232265368566208,11253517.47192591,2.7916539530214507e-07
3.5909647247667774e-07,359.0964724766777,359096.47247667774,0.1890014833857841,0.810998516614216,0.6219970332284319,11253517.47192591,2.7916539530214507e-07
3.5923609007872937e-07,359.2360900787294,359236.0900787294,0.18961700294162603,0.810382997058374,0.620765994116748,11253517.47192591,2.7916539530214507e-07
3.5937570768078094e-07,359.3757076807809,359375.70768078096,0.19023328871972173,0.8097667112802782,0.6195334225605564,11253517.47192591,2.7916539530214507e-07
3.595153252828325e-07,359.5153252828325,359515.32528283255,0.19085033919868705,0.8091496608013129,0.6182993216026258,11253517.47192591,2.7916539530214507e-07
3.596549428848841e-07,359.6549428848841,359654.9428848841,0.19146815285524976,0.8085318471447502,0.6170636942895005,11253517.47192591,2.7916539530214507e-07
3.597945604869357e-07,359.79456048693567,359794.56048693566,0.19208672816425365,0.8079132718357463,0.6158265436714927,11253517.47192591,2.7916539530214507e-07
3.5993417808898725e-07,359.93417808898727,359934.17808898725,0.1927060635986621,0.8072939364013378,0.6145878728026757,11253517.47192591,2.7916539530214507e-07
3.6007379569103883e-07,360.0737956910388,360073.79569103883,0.19332615762956223,0.8066738423704378,0.6133476847408756,11253517.47192591,2.7916539530214507e-07
3.6021341329309046e-07,360.21341329309047,360213.4132930905,0.19394700872616866,0.8060529912738313,0.6121059825476627,11253517.47192591,2.7916539530214507e-07
3.6035303089514204e-07,360.353030895142,360353.03089514206,0.1945686153558261,0.8054313846441739,0.6108627692883477,11253517.47192591,2.7916539530214507e-07
3.604926484971936e-07,360.4926484971936,360492.6484971936,0.19519097598401514,0.8048090240159849,0.6096180480319697,11253517.47192591,2.7916539530214507e-07
3.606322660992452e-07,360.6322660992452,360632.2660992452,0.19581408907435477,0.8041859109256453,0.6083718218512906,11253517.47192591,2.7916539530214507e-07
3.6077188370129677e-07,360.77188370129676,360771.88370129676,0.19643795308860668,0.8035620469113933,0.6071240938227866,11253517.47192591,2.7916539530214507e-07
3.6091150130334835e-07,360.91150130334836,360911.50130334834,0.19706256648667775,0.8029374335133223,0.6058748670266445,11253517.47192591,2.7916539530214507e-07
3.610511189054e-07,361.05111890539996,361051.1189054,0.19768792772662602,0.802312072273374,0.604624144546748,11253517.47192591,2.7916539530214507e-07
3.6119073650745155e-07,361.19073650745156,361190.73650745157,0.1983140352646634,0.8016859647353366,0.6033719294706732,11253517.47192591,2.7916539530214507e-07
3.6133035410950313e-07,361.3303541095031,361330.35410950315,0.19894088755515826,0.8010591124448417,0.6021182248896835,11253517.47192591,2.7916539530214507e-07
3.614699717115547e-07,361.4699717115547,361469.9717115547,0.19956848305064162,0.8004315169493583,0.6008630338987166,11253517.47192591,2.7916539530214507e-07
3.616095893136063e-07,361.6095893136063,361609.58931360627,0.20019682020180946,0.7998031797981906,0.5996063595963812,11253517.47192591,2.7916539530214507e-07
3.6174920691565786e-07,361.74920691565785,361749.20691565785,0.20082589745752688,0.7991741025424731,0.5983482050849462,11253517.47192591,2.7916539530214507e-07
3.618888245177095e-07,361.8888245177095,361888.8245177095,0.2014557132648322,0.7985442867351678,0.5970885734703355,11253517.47192591,2.7916539530214507e-07
3.6202844211976107e-07,362.02844211976105,362028.4421197611,0.20208626606893948,0.7979137339310605,0.5958274678621209,11253517.47192591,2.7916539530214507e-07
3.6216805972181265e-07,362.16805972181265,362168.05972181266,0.20271755431324462,0.7972824456867553,0.5945648913735107,11253517.47192591,2.7916539530214507e-07
3.623076773238642e-07,362.3076773238642,362307.67732386425,0.20334957643932744,0.7966504235606726,0.5933008471213452,11253517.47192591,2.7916539530214507e-07
3.624472949259158e-07,362.4472949259158,362447.2949259158,0.20398233088695616,0.7960176691130438,0.5920353382260877,11253517.47192591,2.7916539530214507e-07
3.625869125279674e-07,362.5869125279674,362586.91252796736,0.20461581609409124,0.7953841839059088,0.5907683678118176,11253517.47192591,2.7916539530214507e-07
3.6272653013001895e-07,362.72653013001894,362726.53013001895,0.20525003049688934,0.7947499695031106,0.5894999390062212,11253517.47192591,2.7916539530214507e-07
3.628661477320706e-07,362.8661477320706,362866.1477320706,0.205884972529706,0.7941150274702939,0.5882300549405879,11253517.47192591,2.7916539530214507e-07
3.6300576533412216e-07,363.00576533412215,363005.7653341222,0.20652064062510173,0.7934793593748983,0.5869587187497967,11253517.47192591,2.7916539530214507e-07
3.6314538293617374e-07,363.14538293617375,363145.38293617376,0.20715703321384443,0.7928429667861556,0.5856859335723112,11253517.47192591,2.7916539530214507e-07
3.632850005382253e-07,363.2850005382253,363285.00053822534,0.2077941487249126,0.7922058512750874,0.5844117025501747,11253517.47192591,2.7916539530214507e-07
3.634246181402769e-07,363.4246181402769,363424.61814027687,0.20843198558550108,0.791568014414499,0.583136028828998,11253517.47192591,2.7916539530214507e-07
3.6356423574232847e-07,363.5642357423285,363564.23574232846,0.20907054222102356,0.7909294577789765,0.581858915557953,11253517.47192591,2.7916539530214507e-07
3.637038533443801e-07,363.7038533443801,363703.8533443801,0.20970981705511738,0.7902901829448826,0.5805803658897652,11253517.47192591,2.7916539530214507e-07
3.638434709464317e-07,363.8434709464317,363843.4709464317,0.21034980850964574,0.7896501914903542,0.5793003829807084,11253517.47192591,2.7916539530214507e-07
3.6398308854848325e-07,363.98308854848324,363983.08854848327,0.21099051500470378,0.7890094849952962,0.5780189699905924,11253517.47192591,2.7916539530214507e-07
3.6412270615053483e-07,364.12270615053484,364122.70615053485,0.21163193495862126,0.7883680650413787,0.5767361300827574,11253517.47192591,2.7916539530214507e-07
3.642623237525864e-07,364.2623237525864,364262.3237525864,0.2122740667879665,0.7877259332120334,0.5754518664240669,11253517.47192591,2.7916539530214507e-07
3.64401941354638e-07,364.401941354638,364401.94135463797,0.21291690890755066,0.7870830910924493,0.5741661821848987,11253517.47192591,2.7916539530214507e-07
3.645415589566896e-07,364.54155895668964,364541.5589566896,0.21356045973043164,0.7864395402695683,0.5728790805391366,11253517.47192591,2.7916539530214507e-07
3.646811765587412e-07,364.6811765587412,364681.1765587412,0.21420471766791677,0.7857952823320833,0.5715905646641666,11253517.47192591,2.7916539530214507e-07
3.6482079416079277e-07,364.8207941607928,364820.7941607928,0.21484968112956893,0.7851503188704311,0.5703006377408621,11253517.47192591,2.7916539530214507e-07
3.6496041176284435e-07,364.96041176284433,364960.41176284436,0.21549534852320884,0.7845046514767912,0.5690093029535823,11253517.47192591,2.7916539530214507e-07
3.651000293648959e-07,365.10002936489593,365100.02936489595,0.21614171825491957,0.7838582817450804,0.5677165634901609,11253517.47192591,2.7916539530214507e-07
3.652396469669475e-07,365.2396469669475,365239.6469669475,0.21678878872905072,0.7832112112709493,0.5664224225418986,11253517.47192591,2.7916539530214507e-07
3.653792645689991e-07,365.3792645689991,365379.26456899906,0.21743655834822084,0.7825634416517792,0.5651268833035583,11253517.47192591,2.7916539530214507e-07
3.655188821710507e-07,365.51888217105073,365518.8821710507,0.21808502551332376,0.7819149744866762,0.5638299489733525,11253517.47192591,2.7916539530214507e-07
3.656584997731023e-07,365.6584997731023,365658.4997731023,0.21873418862353122,0.7812658113764688,0.5625316227529376,11253517.47192591,2.7916539530214507e-07
3.6579811737515386e-07,365.7981173751539,365798.1173751539,0.21938404607629586,0.7806159539237041,0.5612319078474082,11253517.47192591,2.7916539530214507e-07
3.6593773497720544e-07,365.9377349772054,365937.73497720546,0.22003459626735739,0.7799654037326427,0.5599308074652853,11253517.47192591,2.7916539530214507e-07
3.66077352579257e-07,366.077352579257,366077.35257925704,0.220685837590745,0.779314162409255,0.55862832481851,11253517.47192591,2.7916539530214507e-07
3.662169701813086e-07,366.21697018130857,366216.97018130857,0.22133776843878172,0.7786622315612183,0.5573244631224366,11253517.47192591,2.7916539530214507e-07
3.663565877833602e-07,366.3565877833602,366356.5877833602,0.22199038720208875,0.7780096127979113,0.5560192255958225,11253517.47192591,2.7916539530214507e-07
3.664962053854118e-07,366.4962053854118,366496.2053854118,0.22264369226958802,0.777356307730412,0.554712615460824,11253517.47192591,2.7916539530214507e-07
3.666358229874634e-07,366.63582298746337,366635.8229874634,0.22329768202850825,0.7767023179714918,0.5534046359429836,11253517.47192591,2.7916539530214507e-07
3.6677544058951495e-07,366.775440589515,366775.44058951497,0.22395235486438764,0.7760476451356124,0.5520952902712248,11253517.47192591,2.7916539530214507e-07
3.6691505819156653e-07,366.9150581915665,366915.05819156655,0.22460770916107808,0.7753922908389219,0.5507845816778438,11253517.47192591,2.7916539530214507e-07
3.670546757936181e-07,367.0546757936181,367054.6757936181,0.22526374330074916,0.7747362566992508,0.5494725133985017,11253517.47192591,2.7916539530214507e-07
3.6719429339566974e-07,367.1942933956697,367194.2933956697,0.22592045566389252,0.7740795443361075,0.548159088672215,11253517.47192591,2.7916539530214507e-07
3.673339109977213e-07,367.3339109977213,367333.9109977213,0.22657784462932457,0.7734221553706755,0.546844310741351,11253517.47192591,2.7916539530214507e-07
3.674735285997729e-07,367.4735285997729,367473.5285997729,0.2272359085741923,0.7727640914258077,0.5455281828516154,11253517.47192591,2.7916539530214507e-07
3.6761314620182447e-07,367.61314620182446,367613.1462018245,0.2278946458739763,0.7721053541260237,0.5442107082520473,11253517.47192591,2.7916539530214507e-07
3.6775276380387605e-07,367.75276380387606,367752.76380387606,0.22855405490249503,0.771445945097505,0.5428918901950099,11253517.47192591,2.7916539530214507e-07
3.678923814059276e-07,367.8923814059276,367892.38140592765,0.22921413403190782,0.7707858659680922,0.5415717319361844,11253517.47192591,2.7916539530214507e-07
3.680319990079792e-07,368.0319990079792,368031.9990079792,0.22987488163272068,0.7701251183672793,0.5402502367345585,11253517.47192591,2.7916539530214507e-07
3.6817161661003083e-07,368.1716166100308,368171.6166100308,0.23053629607378956,0.7694637039262104,0.5389274078524209,11253517.47192591,2.7916539530214507e-07
3.683112342120824e-07,368.3112342120824,368311.2342120824,0.231198375722323,0.768801624277677,0.5376032485553539,11253517.47192591,2.7916539530214507e-07
3.68450851814134e-07,368.450851814134,368450.851814134,0.2318611189438885,0.7681388810561115,0.536277762112223,11253517.47192591,2.7916539530214507e-07
3.6859046941618556e-07,368.59046941618556,368590.4694161856,0.23252452410241514,0.7674754758975848,0.5349509517951696,11253517.47192591,2.7916539530214507e-07
3.6873008701823714e-07,368.73008701823716,368730.08701823716,0.23318858956019795,0.766811410439802,0.5336228208796041,11253517.47192591,2.7916539530214507e-07
3.688697046202887e-07,368.8697046202887,368869.70462028874,0.23385331367790174,0.7661466863220983,0.5322933726441965,11253517.47192591,2.7916539530214507e-07
3.6900932222234035e-07,369.00932222234036,369009.3222223403,0.23451869481456594,0.7654813051854341,0.5309626103708682,11253517.47192591,2.7916539530214507e-07
3.691489398243919e-07,369.1489398243919,369148.9398243919,0.23518473132760676,0.7648152686723932,0.5296305373447865,11253517.47192591,2.7916539530214507e-07
3.692885574264435e-07,369.2885574264435,369288.5574264435,0.23585142157282363,0.7641485784271764,0.5282971568543529,11253517.47192591,2.7916539530214507e-07
3.694281750284951e-07,369.4281750284951,369428.1750284951,0.23651876390440196,0.763481236095598,0.5269624721911961,11253517.47192591,2.7916539530214507e-07
3.6956779263054666e-07,369.56779263054665,369567.79263054667,0.23718675667491718,0.7628132433250828,0.5256264866501656,11253517.47192591,2.7916539530214507e-07
3.6970741023259823e-07,369.70741023259825,369707.41023259825,0.23785539823533913,0.7621446017646609,0.5242892035293218,11253517.47192591,2.7916539530214507e-07
3.698470278346498e-07,369.8470278346498,369847.02783464984,0.23852468693503642,0.7614753130649636,0.5229506261299273,11253517.47192591,2.7916539530214507e-07
3.6998664543670144e-07,369.98664543670145,369986.6454367014,0.23919462112177892,0.7608053788782211,0.5216107577564422,11253517.47192591,2.7916539530214507e-07
3.70126263038753e-07,370.126263038753,370126.263038753,0.23986519914174426,0.7601348008582558,0.5202696017165116,11253517.47192591,2.7916539530214507e-07
3.702658806408046e-07,370.2658806408046,370265.8806408046,0.24053641933952052,0.7594635806604795,0.518927161320959,11253517.47192591,2.7916539530214507e-07
3.7040549824285617e-07,370.4054982428562,370405.4982428562,0.24120828005810951,0.7587917199418905,0.5175834398837811,11253517.47192591,2.7916539530214507e-07
3.7054511584490775e-07,370.54511584490774,370545.11584490776,0.24188077963893279,0.7581192203610672,0.5162384407221343,11253517.47192591,2.7916539530214507e-07
3.706847334469593e-07,370.68473344695934,370684.73344695935,0.24255391642183466,0.7574460835781653,0.5148921671563307,11253517.47192591,2.7916539530214507e-07
3.7082435104901096e-07,370.82435104901094,370824.35104901093,0.24322768874508655,0.7567723112549134,0.5135446225098268,11253517.47192591,2.7916539530214507e-07
3.7096396865106253e-07,370.96396865106254,370963.9686510625,0.2439020949453899,0.7560979050546102,0.5121958101092203,11253517.47192591,2.7916539530214507e-07
3.711035862531141e-07,371.1035862531141,371103.5862531141,0.24457713335788256,0.7554228666421174,0.5108457332842349,11253517.47192591,2.7916539530214507e-07
3.712432038551657e-07,371.2432038551657,371243.2038551657,0.24525280231614127,0.7547471976838587,0.5094943953677173,11253517.47192591,2.7916539530214507e-07
3.7138282145721726e-07,371.3828214572173,371382.8214572173,0.2459291001521861,0.7540708998478138,0.5081417996956277,11253517.47192591,2.7916539530214507e-07
3.7152243905926884e-07,371.52243905926883,371522.43905926886,0.24660602519648472,0.7533939748035152,0.5067879496070304,11253517.47192591,2.7916539530214507e-07
3.7166205666132047e-07,371.6620566613205,371662.05666132044,0.2472835757779568,0.7527164242220432,0.5054328484440864,11253517.47192591,2.7916539530214507e-07
3.7180167426337205e-07,371.80167426337204,371801.674263372,0.2479617502239767,0.7520382497760233,0.5040764995520466,11253517.47192591,2.7916539530214507e-07
3.719412918654236e-07,371.94129186542364,371941.2918654236,0.24864054686037979,0.7513594531396202,0.5027189062792403,11253517.47192591,2.7916539530214507e-07
3.720809094674752e-07,372.0809094674752,372080.9094674752,0.2493199640114651,0.7506800359885348,0.5013600719770697,11253517.47192591,2.7916539530214507e-07
3.722205270695268e-07,372.2205270695268,372220.5270695268,0.2500000000000002,0.7499999999999998,0.49999999999999956,11253517.47192591,2.7916539530214507e-07
3.7236014467157836e-07,372.3601446715784,372360.14467157837,0.2506806531472239,0.7493193468527761,0.49863869370555225,11253517.47192591,2.7916539530214507e-07
3.7249976227362993e-07,372.4997622736299,372499.76227362995,0.25136192177285244,0.7486380782271476,0.4972761564542951,11253517.47192591,2.7916539530214507e-07
3.7263937987568156e-07,372.6393798756816,372639.37987568154,0.2520438041950829,0.7479561958049171,0.49591239160983425,11253517.47192591,2.7916539530214507e-07
3.7277899747773314e-07,372.7789974777331,372778.9974777331,0.2527262987305959,0.7472737012694042,0.4945474025388083,11253517.47192591,2.7916539530214507e-07
3.729186150797847e-07,372.91861507978473,372918.6150797847,0.253409403694562,0.746590596305438,0.493181192610876,11253517.47192591,2.7916539530214507e-07
3.730582326818363e-07,373.0582326818363,373058.2326818363,0.2540931174006446,0.7459068825993553,0.49181376519871073,11253517.47192591,2.7916539530214507e-07
3.7319785028388787e-07,373.1978502838879,373197.8502838879,0.2547774381610043,0.7452225618389957,0.4904451236779914,11253517.47192591,2.7916539530214507e-07
3.7333746788593945e-07,373.3374678859395,373337.46788593946,0.255462364286303,0.744537635713697,0.48907527142739404,11253517.47192591,2.7916539530214507e-07
3.734770854879911e-07,373.4770854879911,373477.0854879911,0.2561478940857087,0.7438521059142913,0.4877042118285826,11253517.47192591,2.7916539530214507e-07
3.7361670309004266e-07,373.6167030900427,373616.70309004263,0.25683402586689796,0.743165974133102,0.4863319482662041,11253517.47192591,2.7916539530214507e-07
3.7375632069209423e-07,373.7563206920942,373756.3206920942,0.25752075793606244,0.7424792420639376,0.4849584841278751,11253517.47192591,2.7916539530214507e-07
3.738959382941458e-07,373.8959382941458,373895.9382941458,0.25820808859791133,0.7417919114020887,0.48358382280417733,11253517.47192591,2.7916539530214507e-07
3.740355558961974e-07,374.03555589619737,374035.5558961974,0.2588960161556764,0.7411039838443236,0.4822079676886472,11253517.47192591,2.7916539530214507e-07
3.7417517349824897e-07,374.17517349824897,374175.173498249,0.25958453891111577,0.7404154610888842,0.48083092217776846,11253517.47192591,2.7916539530214507e-07
3.743147911003006e-07,374.31479110030057,374314.7911003006,0.2602736551645186,0.7397263448354814,0.4794526896709628,11253517.47192591,2.7916539530214507e-07
3.7445440870235217e-07,374.45440870235217,374454.4087023522,0.2609633632147078,0.7390366367852922,0.4780732735705844,11253517.47192591,2.7916539530214507e-07
3.7459402630440375e-07,374.59402630440377,374594.0263044037,0.26165366135904644,0.7383463386409536,0.4766926772819071,11253517.47192591,2.7916539530214507e-07
3.7473364390645533e-07,374.7336439064553,374733.6439064553,0.2623445478934409,0.737655452106559,0.4753109042131181,11253517.47192591,2.7916539530214507e-07
3.748732615085069e-07,374.8732615085069,374873.2615085069,0.26303602111234403,0.736963978887656,0.47392795777531194,11253517.47192591,2.7916539530214507e-07
3.750128791105585e-07,375.01287911055846,375012.8791105585,0.2637280793087612,0.7362719206912388,0.4725438413824776,11253517.47192591,2.7916539530214507e-07
3.7515249671261006e-07,375.15249671261006,375152.49671261007,0.2644207207742537,0.7355792792257463,0.47115855845149257,11253517.47192591,2.7916539530214507e-07
3.752921143146617e-07,375.2921143146617,375292.1143146617,0.26511394379894293,0.7348860562010571,0.46977211240211414,11253517.47192591,2.7916539530214507e-07
3.7543173191671327e-07,375.43173191671326,375431.73191671324,0.26580774667151386,0.7341922533284861,0.4683845066569723,11253517.47192591,2.7916539530214507e-07
3.7557134951876484e-07,375.57134951876486,375571.3495187648,0.2665021276792208,0.7334978723207792,0.4669957446415584,11253517.47192591,2.7916539530214507e-07
3.757109671208164e-07,375.7109671208164,375710.9671208164,0.2671970851078908,0.7328029148921091,0.46560582978421833,11253517.47192591,2.7916539530214507e-07
3.75850584722868e-07,375.850584722868,375850.584722868,0.2678926172419277,0.7321073827580723,0.4642147655161446,11253517.47192591,2.7916539530214507e-07
3.759902023249196e-07,375.99020232491955,375990.2023249196,0.26858872236431686,0.7314112776356831,0.4628225552713663,11253517.47192591,2.7916539530214507e-07
3.761298199269712e-07,376.1298199269712,376129.8199269712,0.26928539875662916,0.7307146012433708,0.4614292024867417,11253517.47192591,2.7916539530214507e-07
3.762694375290228e-07,376.2694375290228,376269.4375290228,0.26998264469902433,0.7300173553009757,0.46003471060195134,11253517.47192591,2.7916539530214507e-07
3.7640905513107436e-07,376.40905513107435,376409.05513107433,0.2706804584702573,0.7293195415297427,0.45863908305948536,11253517.47192591,2.7916539530214507e-07
3.7654867273312594e-07,376.54867273312595,376548.6727331259,0.2713788383476806,0.7286211616523194,0.45724232330463876,11253517.47192591,2.7916539530214507e-07
3.766882903351775e-07,376.6882903351775,376688.2903351775,0.2720777826072496,0.7279222173927504,0.45584443478550085,11253517.47192591,2.7916539530214507e-07
3.768279079372291e-07,376.8279079372291,376827.9079372291,0.2727772895235263,0.7272227104764737,0.4544454209529474,11253517.47192591,2.7916539530214507e-07
3.769675255392807e-07,376.9675255392807,376967.52553928073,0.27347735736968304,0.726522642630317,0.4530452852606339,11253517.47192591,2.7916539530214507e-07
3.771071431413323e-07,377.1071431413323,377107.1431413323,0.2741779844175084,0.7258220155824916,0.4516440311649832,11253517.47192591,2.7916539530214507e-07
3.772467607433839e-07,377.2467607433839,377246.7607433839,0.2748791689374104,0.7251208310625896,0.45024166212517924,11253517.47192591,2.7916539530214507e-07
3.7738637834543545e-07,377.38637834543545,377386.3783454354,0.27558090919841977,0.7244190908015802,0.4488381816031604,11253517.47192591,2.7916539530214507e-07
3.7752599594748703e-07,377.52599594748705,377525.995947487,0.27628320346819657,0.7237167965318034,0.44743359306360686,11253517.47192591,2.7916539530214507e-07
3.776656135495386e-07,377.6656135495386,377665.6135495386,0.2769860500130328,0.7230139499869672,0.44602789997393444,11253517.47192591,2.7916539530214507e-07
3.778052311515902e-07,377.8052311515902,377805.2311515902,0.2776894470978569,0.7223105529021431,0.44462110580428615,11253517.47192591,2.7916539530214507e-07
3.779448487536418e-07,377.9448487536418,377944.8487536418,0.2783933929862389,0.7216066070137611,0.44321321402752223,11253517.47192591,2.7916539530214507e-07
3.780844663556934e-07,378.0844663556934,378084.4663556934,0.27909788594039275,0.7209021140596072,0.4418042281192145,11253517.47192591,2.7916539530214507e-07
3.7822408395774497e-07,378.224083957745,378224.083957745,0.2798029242211829,0.7201970757788171,0.4403941515576342,11253517.47192591,2.7916539530214507e-07
3.7836370155979654e-07,378.36370155979654,378363.7015597965,0.2805085060881275,0.7194914939118725,0.438982987823745,11253517.47192591,2.7916539530214507e-07
3.785033191618481e-07,378.50331916184814,378503.3191618481,0.2812146297994025,0.7187853702005975,0.43757074040119504,11253517.47192591,2.7916539530214507e-07
3.786429367638997e-07,378.6429367638997,378642.9367638997,0.2819212936118465,0.7180787063881535,0.43615741277630704,11253517.47192591,2.7916539530214507e-07
3.7878255436595133e-07,378.78255436595134,378782.55436595134,0.28262849578096494,0.7173715042190351,0.4347430084380701,11253517.47192591,2.7916539530214507e-07
3.789221719680029e-07,378.9221719680029,378922.1719680029,0.2833362345609332,0.7166637654390668,0.43332753087813364,11253517.47192591,2.7916539530214507e-07
3.790617895700545e-07,379.0617895700545,379061.7895700545,0.28404450820460314,0.7159554917953969,0.4319109835907937,11253517.47192591,2.7916539530214507e-07
3.7920140717210606e-07,379.2014071721061,379201.40717210603,0.28475331496350587,0.7152466850364941,0.43049337007298827,11253517.47192591,2.7916539530214507e-07
3.7934102477415764e-07,379.34102477415763,379341.0247741576,0.2854626530878567,0.7145373469121433,0.42907469382428665,11253517.47192591,2.7916539530214507e-07
3.794806423762092e-07,379.48064237620923,379480.6423762092,0.28617252082655814,0.7138274791734418,0.42765495834688366,11253517.47192591,2.7916539530214507e-07
3.796202599782608e-07,379.6202599782608,379620.2599782608,0.2868829164272064,0.7131170835727936,0.42623416714558715,11253517.47192591,2.7916539530214507e-07
3.797598775803124e-07,379.75987758031243,379759.87758031243,0.2875938381360946,0.7124061618639054,0.42481232372781075,11253517.47192591,2.7916539530214507e-07
3.79899495182364e-07,379.899495182364,379899.495182364,0.288305284198216,0.711694715801784,0.423389431603568,11253517.47192591,2.7916539530214507e-07
3.800391127844156e-07,380.0391127844156,380039.1127844156,0.28901725285727037,0.7109827471427297,0.4219654942854593,11253517.47192591,2.7916539530214507e-07
3.8017873038646715e-07,380.1787303864672,380178.7303864671,0.2897297423556672,0.7102702576443328,0.42054051528866565,11253517.47192591,2.7916539530214507e-07
3.8031834798851873e-07,380.3183479885187,380318.3479885187,0.2904427509345302,0.7095572490654698,0.4191144981309396,11253517.47192591,2.7916539530214507e-07
3.804579655905703e-07,380.4579655905703,380457.9655905703,0.2911562768337015,0.7088437231662985,0.417687446332597,11253517.47192591,2.7916539530214507e-07
3.8059758319262194e-07,380.5975831926219,380597.58319262194,0.2918703182917468,0.7081296817082532,0.4162593634165064,11253517.47192591,2.7916539530214507e-07
3.807372007946735e-07,380.7372007946735,380737.2007946735,0.29258487354595764,0.7074151264540424,0.41483025290808473,11253517.47192591,2.7916539530214507e-07
3.808768183967251e-07,380.87681839672507,380876.8183967251,0.2932999408323585,0.7067000591676416,0.41340011833528306,11253517.47192591,2.7916539530214507e-07
3.8101643599877667e-07,381.01643599877667,381016.4359987767,0.2940155183857095,0.7059844816142905,0.411968963228581,11253517.47192591,2.7916539530214507e-07
3.8115605360082825e-07,381.1560536008283,381156.0536008282,0.29473160443951085,0.7052683955604891,0.4105367911209783,11253517.47192591,2.7916539530214507e-07
3.812956712028798e-07,381.2956712028798,381295.6712028798,0.29544819722600785,0.7045518027739921,0.40910360554798425,11253517.47192591,2.7916539530214507e-07
3.8143528880493145e-07,381.4352888049315,381435.28880493145,0.2961652949761949,0.7038347050238051,0.40766941004761015,11253517.47192591,2.7916539530214507e-07
3.8157490640698303e-07,381.574906406983,381574.90640698303,0.29688289591981876,0.7031171040801812,0.4062342081603625,11253517.47192591,2.7916539530214507e-07
3.817145240090346e-07,381.7145240090346,381714.5240090346,0.29760099828538533,0.7023990017146147,0.40479800342922934,11253517.47192591,2.7916539530214507e-07
3.818541416110862e-07,381.85414161108616,381854.1416110862,0.2983196003001624,0.7016803996998375,0.4033607993996751,11253517.47192591,2.7916539530214507e-07
3.8199375921313776e-07,381.99375921313776,381993.7592131378,0.2990387001901833,0.7009612998098167,0.4019225996196334,11253517.47192591,2.7916539530214507e-07
3.8213337681518934e-07,382.13337681518937,382133.3768151893,0.29975829618025357,0.7002417038197464,0.4004834076394928,11253517.47192591,2.7916539530214507e-07
3.822729944172409e-07,382.2729944172409,382272.9944172409,0.3004783864939534,0.6995216135060466,0.39904322701209316,11253517.47192591,2.7916539530214507e-07
3.8241261201929255e-07,382.41261201929257,382412.61201929254,0.3011989693536432,0.6988010306463568,0.3976020612927136,11253517.47192591,2.7916539530214507e-07
3.825522296213441e-07,382.5522296213441,382552.22962134413,0.30192004298046643,0.6980799570195335,0.3961599140390671,11253517.47192591,2.7916539530214507e-07
3.826918472233957e-07,382.6918472233957,382691.8472233957,0.30264160559435593,0.6973583944056441,0.39471678881128813,11253517.47192591,2.7916539530214507e-07
3.828314648254473e-07,382.83146482544726,382831.4648254473,0.3033636554140372,0.6966363445859628,0.3932726891719256,11253517.47192591,2.7916539530214507e-07
3.8297108242749885e-07,382.97108242749886,382971.0824274988,0.30408619065703296,0.6959138093429671,0.39182761868593413,11253517.47192591,2.7916539530214507e-07
3.8311070002955043e-07,383.11070002955046,383110.7000295504,0.3048092095396676,0.6951907904603324,0.3903815809206648,11253517.47192591,2.7916539530214507e-07
3.8325031763160206e-07,383.25031763160206,383250.31763160205,0.30553271027707196,0.694467289722928,0.3889345794458561,11253517.47192591,2.7916539530214507e-07
3.8338993523365364e-07,383.38993523365366,383389.93523365364,0.30625669108318626,0.6937433089168137,0.3874866178336274,11253517.47192591,2.7916539530214507e-07
3.835295528357052e-07,383.5295528357052,383529.5528357052,0.3069811501707666,0.6930188498292333,0.38603769965846674,11253517.47192591,2.7916539530214507e-07
3.836691704377568e-07,383.6691704377568,383669.1704377568,0.30770608575138814,0.6922939142486119,0.3845878284972237,11253517.47192591,2.7916539530214507e-07
3.8380878803980837e-07,383.80878803980835,383808.7880398084,0.30843149603545017,0.6915685039645498,0.38313700792909966,11253517.47192591,2.7916539530214507e-07
3.8394840564185995e-07,383.94840564185995,383948.4056418599,0.30915737923217873,0.6908426207678213,0.3816852415356426,11253517.47192591,2.7916539530214507e-07
3.840880232439116e-07,384.08802324391155,384088.02324391156,0.30988373354963383,0.6901162664503662,0.38023253290073233,11253517.47192591,2.7916539530214507e-07
3.8422764084596315e-07,384.22764084596315,384227.64084596315,0.3106105571947123,0.6893894428052877,0.3787788856105754,11253517.47192591,2.7916539530214507e-07
3.8436725844801473e-07,384.36725844801475,384367.25844801473,0.31133784837315126,0.6886621516268487,0.3773243032536975,11253517.47192591,2.7916539530214507e-07
3.845068760500663e-07,384.5068760500663,384506.8760500663,0.31206560528953486,0.6879343947104651,0.37586878942093027,11253517.47192591,2.7916539530214507e-07
3.846464936521179e-07,384.6464936521179,384646.4936521179,0.312793826147297,0.687206173852703,0.374412347705406,11253517.47192591,2.7916539530214507e-07
3.8478611125416946e-07,384.78611125416944,384786.1112541695,0.3135225091487265,0.6864774908512735,0.37295498170254704,11253517.47192591,2.7916539530214507e-07
3.8492572885622104e-07,384.92572885622104,384925.728856221,0.314251652494971,0.685748347505029,0.371496695010058,11253517.47192591,2.7916539530214507e-07
3.8506534645827267e-07,385.06534645827264,385065.34645827266,0.31498125438604235,0.6850187456139576,0.37003749122791524,11253517.47192591,2.7916539530214507e-07
3.8520496406032425e-07,385.20496406032424,385204.96406032424,0.31571131302081923,0.6842886869791808,0.36857737395836154,11253517.47192591,2.7916539530214507e-07
3.853445816623758e-07,385.34458166237584,385344.58166237583,0.3164418265970539,0.6835581734029461,0.3671163468058922,11253517.47192591,2.7916539530214507e-07
3.854841992644274e-07,385.4841992644274,385484.1992644274,0.31717279331137516,0.6828272066886248,0.3656544133772497,11253517.47192591,2.7916539530214507e-07
3.85623816866479e-07,385.623816866479,385623.816866479,0.3179042113592931,0.6820957886407069,0.36419157728141377,11253517.47192591,2.7916539530214507e-07
3.8576343446853055e-07,385.76343446853053,385763.4344685305,0.31863607893520374,0.6813639210647963,0.3627278421295925,11253517.47192591,2.7916539530214507e-07
3.859030520705822e-07,385.9030520705822,385903.05207058217,0.3193683942323938,0.6806316057676062,0.36126321153521235,11253517.47192591,2.7916539530214507e-07
3.8604266967263376e-07,386.04266967263374,386042.66967263375,0.32010115544304346,0.6798988445569565,0.359797689113913,11253517.47192591,2.7916539530214507e-07
3.8618228727468534e-07,386.18228727468534,386182.28727468534,0.3208343607582333,0.6791656392417666,0.35833127848353336,11253517.47192591,2.7916539530214507e-07
3.863219048767369e-07,386.32190487673694,386321.9048767369,0.32156800836794763,0.6784319916320524,0.35686398326410473,11253517.47192591,2.7916539530214507e-07
3.864615224787885e-07,386.4615224787885,386461.5224787885,0.3223020964610776,0.6776979035389223,0.35539580707784474,11253517.47192591,2.7916539530214507e-07
3.8660114008084007e-07,386.6011400808401,386601.1400808401,0.32303662322542825,0.6769633767745717,0.3539267535491435,11253517.47192591,2.7916539530214507e-07
3.867407576828917e-07,386.7407576828917,386740.7576828917,0.3237715868477218,0.6762284131522782,0.35245682630455644,11253517.47192591,2.7916539530214507e-07
3.868803752849433e-07,386.8803752849433,386880.37528494326,0.3245069855136006,0.6754930144863994,0.35098602897279885,11253517.47192591,2.7916539530214507e-07
3.8701999288699485e-07,387.0199928869948,387019.99288699485,0.3252428174076343,0.6747571825923657,0.34951436518473145,11253517.47192591,2.7916539530214507e-07
3.8715961048904643e-07,387.15961048904643,387159.61048904643,0.32597908071332277,0.6740209192866773,0.3480418385733545,11253517.47192591,2.7916539530214507e-07
3.87299228091098e-07,387.29922809109803,387299.228091098,0.32671577361310083,0.6732842263868992,0.3465684527737984,11253517.47192591,2.7916539530214507e-07
3.874388456931496e-07,387.4388456931496,387438.8456931496,0.3274528942883428,0.6725471057116572,0.3450942114233144,11253517.47192591,2.7916539530214507e-07
3.8757846329520116e-07,387.5784632952012,387578.4632952012,0.3281904409193669,0.6718095590806331,0.3436191181612662,11253517.47192591,2.7916539530214507e-07
3.877180808972528e-07,387.7180808972528,387718.0808972528,0.32892841168544035,0.6710715883145597,0.34214317662911936,11253517.47192591,2.7916539530214507e-07
3.8785769849930437e-07,387.8576984993044,387857.69849930436,0.32966680476478205,0.670333195235218,0.3406663904704359,11253517.47192591,2.7916539530214507e-07
3.8799731610135595e-07,387.9973161013559,387997.31610135594,0.3304056183345695,0.6695943816654305,0.339188763330861,11253517.47192591,2.7916539530214507e-07
3.881369337034075e-07,388.1369337034075,388136.9337034075,0.331144850570942,0.668855149429058,0.337710298858116,11253517.47192591,2.7916539530214507e-07
3.882765513054591e-07,388.2765513054591,388276.5513054591,0.331884499649005,0.668115500350995,0.33623100070198997,11253517.47192591,2.7916539530214507e-07
3.884161689075107e-07,388.41616890751067,388416.1689075107,0.33262456374283556,0.6673754362571644,0.3347508725143289,11253517.47192591,2.7916539530214507e-07
3.885557865095623e-07,388.5557865095623,388555.7865095623,0.333365041025485,0.6666349589745151,0.3332699179490301,11253517.47192591,2.7916539530214507e-07
3.886954041116139e-07,388.69540411161387,388695.40411161387,0.3341059296689856,0.6658940703310143,0.3317881406620287,11253517.47192591,2.7916539530214507e-07
3.8883502171366546e-07,388.83502171366547,388835.02171366545,0.33484722784435444,0.6651527721556456,0.33030554431129117,11253517.47192591,2.7916539530214507e-07
3.8897463931571704e-07,388.974639315717,388974.63931571704,0.33558893372159626,0.6644110662784037,0.3288221325568075,11253517.47192591,2.7916539530214507e-07
3.891142569177686e-07,389.1142569177686,389114.2569177686,0.3363310454697105,0.6636689545302895,0.327337909060579,11253517.47192591,2.7916539530214507e-07
3.892538745198202e-07,389.2538745198202,389253.8745198202,0.3370735612566943,0.6629264387433057,0.3258528774866114,11253517.47192591,2.7916539530214507e-07
3.893934921218718e-07,389.3934921218718,389393.49212187185,0.33781647924954783,0.6621835207504522,0.32436704150090434,11253517.47192591,2.7916539530214507e-07
3.895331097239234e-07,389.5331097239234,389533.1097239234,0.3385597976142771,0.6614402023857229,0.32288040477144575,11253517.47192591,2.7916539530214507e-07
3.89672727325975e-07,389.67272732597496,389672.72732597496,0.339303514515901,0.660696485484099,0.32139297096819797,11253517.47192591,2.7916539530214507e-07
3.8981234492802656e-07,389.81234492802656,389812.34492802655,0.340047628118454,0.659952371881546,0.31990474376309197,11253517.47192591,2.7916539530214507e-07
3.8995196253007813e-07,389.9519625300781,389951.96253007813,0.3407921365849916,0.6592078634150085,0.3184157268300169,11253517.47192591,2.7916539530214507e-07
3.900915801321297e-07,390.0915801321297,390091.5801321297,0.34153703807759417,0.6584629619224058,0.31692592384481166,11253517.47192591,2.7916539530214507e-07
3.902311977341813e-07,390.2311977341813,390231.1977341813,0.342282330757372,0.657717669242628,0.31543533848525596,11253517.47192591,2.7916539530214507e-07
3.903708153362329e-07,390.3708153362329,390370.8153362329,0.3430280127844702,0.6569719872155297,0.31394397443105954,11253517.47192591,2.7916539530214507e-07
3.905104329382845e-07,390.5104329382845,390510.4329382845,0.3437740823180713,0.6562259176819287,0.31245183536385746,11253517.47192591,2.7916539530214507e-07
3.9065005054033607e-07,390.65005054033605,390650.05054033606,0.34452053751640255,0.6554794624835975,0.3109589249671949,11253517.47192591,2.7916539530214507e-07
3.9078966814238765e-07,390.78966814238765,390789.66814238764,0.34526737653673867,0.6547326234632613,0.30946524692652266,11253517.47192591,2.7916539530214507e-07
3.909292857444392e-07,390.9292857444392,390929.2857444392,0.3460145975354073,0.6539854024645927,0.3079708049291854,11253517.47192591,2.7916539530214507e-07
3.910689033464908e-07,391.0689033464908,391068.9033464908,0.346762198667792,0.653237801332208,0.306475602664416,11253517.47192591,2.7916539530214507e-07
3.9120852094854243e-07,391.20852094854246,391208.52094854246,0.34751017808833895,0.652489821911661,0.3049796438233221,11253517.47192591,2.7916539530214507e-07
3.91348138550594e-07,391.348138550594,391348.138550594,0.34825853395056056,0.6517414660494394,0.30348293209887883,11253517.47192591,2.7916539530214507e-07
3.914877561526456e-07,391.4877561526456,391487.75615264557,0.3490072644070387,0.6509927355929612,0.3019854711859225,11253517.47192591,2.7916539530214507e-07
3.9162737375469716e-07,391.62737375469715,391627.37375469715,0.34975636760943185,0.6502436323905681,0.3004872647811363,11253517.47192591,2.7916539530214507e-07
3.9176699135674874e-07,391.76699135674875,391766.99135674874,0.35050584170847776,0.6494941582915222,0.2989883165830445,11253517.47192591,2.7916539530214507e-07
3.919066089588003e-07,391.9066089588003,391906.6089588003,0.3512556848539986,0.6487443151460014,0.2974886302920028,11253517.47192591,2.7916539530214507e-07
3.920462265608519e-07,392.0462265608519,392046.2265608519,0.3520058951949055,0.6479941048050946,0.29598820961018907,11253517.47192591,2.7916539530214507e-07
3.921858441629035e-07,392.18584416290355,392185.84416290355,0.3527564708792036,0.6472435291207964,0.2944870582415928,11253517.47192591,2.7916539530214507e-07
3.923254617649551e-07,392.3254617649551,392325.4617649551,0.35350741005399483,0.6464925899460052,0.2929851798920104,11253517.47192591,2.7916539530214507e-07
3.924650793670067e-07,392.4650793670067,392465.07936700666,0.3542587108654851,0.6457412891345149,0.2914825782690298,11253517.47192591,2.7916539530214507e-07
3.9260469696905826e-07,392.60469696905824,392604.69696905825,0.35501037145898706,0.6449896285410129,0.2899792570820259,11253517.47192591,2.7916539530214507e-07
3.9274431457110983e-07,392.74431457110984,392744.31457110983,0.35576238997892523,0.6442376100210747,0.2884752200421495,11253517.47192591,2.7916539530214507e-07
3.928839321731614e-07,392.8839321731614,392883.9321731614,0.35651476456884057,0.6434852354311594,0.28697047086231886,11253517.47192591,2.7916539530214507e-07
3.9302354977521304e-07,393.02354977521304,393023.54977521306,0.3572674933713955,0.6427325066286045,0.28546501325720897,11253517.47192591,2.7916539530214507e-07
3.931631673772646e-07,393.16316737726464,393163.16737726465,0.35802057452837666,0.6419794254716233,0.2839588509432467,11253517.47192591,2.7916539530214507e-07
3.933027849793162e-07,393.3027849793162,393302.7849793162,0.35877400618070254,0.6412259938192975,0.2824519876385949,11253517.47192591,2.7916539530214507e-07
3.9344240258136777e-07,393.4424025813678,393442.40258136776,0.3595277864684248,0.6404722135315752,0.2809444270631504,11253517.47192591,2.7916539530214507e-07
3.9358202018341935e-07,393.58202018341933,393582.02018341934,0.3602819135307356,0.6397180864692644,0.27943617293852885,11253517.47192591,2.7916539530214507e-07
3.9372163778547093e-07,393.72163778547093,393721.6377854709,0.3610363855059706,0.6389636144940294,0.27792722898805877,11253517.47192591,2.7916539530214507e-07
3.9386125538752256e-07,393.86125538752253,393861.2553875226,0.3617912005316146,0.6382087994683854,0.27641759893677076,11253517.47192591,2.7916539530214507e-07
3.9400087298957413e-07,394.00087298957413,394000.87298957416,0.36254635674430413,0.6374536432556959,0.27490728651139174,11253517.47192591,2.7916539530214507e-07
3.941404905916257e-07,394.14049059162573,394140.4905916257,0.36330185227983464,0.6366981477201654,0.2733962954403308,11253517.47192591,2.7916539530214507e-07
3.942801081936773e-07,394.2801081936773,394280.10819367727,0.3640576852731637,0.6359423147268364,0.2718846294536727,11253517.47192591,2.7916539530214507e-07
3.9441972579572887e-07,394.4197257957289,394419.72579572885,0.36481385385841564,0.6351861461415844,0.2703722922831688,11253517.47192591,2.7916539530214507e-07
3.9455934339778044e-07,394.5593433977804,394559.34339778044,0.36557035616888645,0.6344296438311136,0.2688592876622271,11253517.47192591,2.7916539530214507e-07
3.94698960999832e-07,394.698960999832,394698.960999832,0.36632719033704825,0.6336728096629518,0.26734561932590356,11253517.47192591,2.7916539530214507e-07
3.9483857860188365e-07,394.8385786018836,394838.57860188367,0.36708435449455434,0.6329156455054457,0.2658312910108913,11253517.47192591,2.7916539530214507e-07
3.9497819620393523e-07,394.9781962039352,394978.19620393525,0.367841846772242,0.632158153227758,0.264316306455516,11253517.47192591,2.7916539530214507e-07
3.951178138059868e-07,395.1178138059868,395117.8138059868,0.36859966530014004,0.63140033469986,0.26280066939971997,11253517.47192591,2.7916539530214507e-07
3.952574314080384e-07,395.25743140803837,395257.43140803836,0.3693578082074712,0.6306421917925288,0.26128438358505757,11253517.47192591,2.7916539530214507e-07
3.9539704901008996e-07,395.39704901009,395397.04901008995,0.3701162736226581,0.6298837263773419,0.2597674527546838,11253517.47192591,2.7916539530214507e-07
3.9553666661214154e-07,395.5366666121415,395536.66661214153,0.3708750596733256,0.6291249403266743,0.2582498806533487,11253517.47192591,2.7916539530214507e-07
3.9567628421419317e-07,395.6762842141932,395676.2842141932,0.3716341644863087,0.6283658355136913,0.2567316710273826,11253517.47192591,2.7916539530214507e-07
3.9581590181624474e-07,395.8159018162447,395815.90181624476,0.37239358618765517,0.6276064138123448,0.25521282762468966,11253517.47192591,2.7916539530214507e-07
3.959555194182963e-07,395.9555194182963,395955.51941829635,0.3731533229026295,0.6268466770973705,0.25369335419474104,11253517.47192591,2.7916539530214507e-07
3.960951370203479e-07,396.0951370203479,396095.1370203479,0.3739133727557195,0.6260866272442804,0.2521732544885609,11253517.47192591,2.7916539530214507e-07
3.962347546223995e-07,396.23475462239946,396234.75462239946,0.37467373387063974,0.6253262661293603,0.25065253225872053,11253517.47192591,2.7916539530214507e-07
3.9637437222445105e-07,396.37437222445106,396374.37222445104,0.3754344043703364,0.6245655956296636,0.2491311912593272,11253517.47192591,2.7916539530214507e-07
3.965139898265027e-07,396.51398982650267,396513.9898265027,0.37619538237699224,0.6238046176230078,0.24760923524601552,11253517.47192591,2.7916539530214507e-07
3.9665360742855426e-07,396.65360742855427,396653.60742855427,0.3769566660120296,0.6230433339879704,0.2460866679759408,11253517.47192591,2.7916539530214507e-07
3.9679322503060584e-07,396.7932250306058,396793.22503060586,0.37771825339611775,0.6222817466038822,0.2445634932077645,11253517.47192591,2.7916539530214507e-07
3.969328426326574e-07,396.9328426326574,396932.84263265744,0.3784801426491755,0.6215198573508245,0.24303971470164898,11253517.47192591,2.7916539530214507e-07
3.97072460234709e-07,397.072460234709,397072.46023470897,0.3792423318903767,0.6207576681096233,0.2415153362192466,11253517.47192591,2.7916539530214507e-07
3.9721207783676057e-07,397.21207783676056,397212.07783676055,0.3800048192381544,0.6199951807618456,0.2399903615236912,11253517.47192591,2.7916539530214507e-07
3.9735169543881214e-07,397.35169543881216,397351.69543881214,0.38076760281020583,0.6192323971897942,0.23846479437958834,11253517.47192591,2.7916539530214507e-07
3.974913130408638e-07,397.49131304086376,397491.3130408638,0.3815306807234974,0.6184693192765026,0.23693863855300523,11253517.47192591,2.7916539530214507e-07
3.9763093064291535e-07,397.63093064291536,397630.93064291537,0.3822940510942676,0.6177059489057324,0.23541189781146477,11253517.47192591,2.7916539530214507e-07
3.9777054824496693e-07,397.7705482449669,397770.54824496695,0.38305771203803424,0.6169422879619657,0.23388457592393147,11253517.47192591,2.7916539530214507e-07
3.979101658470185e-07,397.9101658470185,397910.1658470185,0.3838216616695978,0.6161783383304023,0.23235667666080445,11253517.47192591,2.7916539530214507e-07
3.980497834490701e-07,398.0497834490701,398049.78344907006,0.3845858981030448,0.6154141018969552,0.23082820379391045,11253517.47192591,2.7916539530214507e-07
3.9818940105112166e-07,398.18940105112165,398189.40105112165,0.385350419451755,0.614649580548245,0.22929916109649,11253517.47192591,2.7916539530214507e-07
3.983290186531733e-07,398.3290186531733,398329.0186531733,0.38611522382840496,0.6138847761715951,0.22776955234319013,11253517.47192591,2.7916539530214507e-07
3.9846863625522487e-07,398.46863625522485,398468.6362552249,0.3868803093449711,0.6131196906550289,0.22623938131005783,11253517.47192591,2.7916539530214507e-07
3.9860825385727644e-07,398.60825385727645,398608.25385727646,0.38764567411273715,0.6123543258872629,0.22470865177452576,11253517.47192591,2.7916539530214507e-07
3.98747871459328e-07,398.747871459328,398747.87145932805,0.388411316242297,0.6115886837577029,0.2231773675154059,11253517.47192591,2.7916539530214507e-07
3.988874890613796e-07,398.8874890613796,398887.4890613796,0.38917723384355996,0.61082276615644,0.2216455323128801,11253517.47192591,2.7916539530214507e-07
3.990271066634312e-07,399.0271066634312,399027.10666343116,0.3899434250257552,0.6100565749742448,0.22011314994848963,11253517.47192591,2.7916539530214507e-07
3.991667242654828e-07,399.1667242654828,399166.7242654828,0.39070988789743694,0.6092901121025631,0.21858022420512618,11253517.47192591,2.7916539530214507e-07
3.993063418675344e-07,399.3063418675344,399306.3418675344,0.39147662056648747,0.6085233794335125,0.21704675886702507,11253517.47192591,2.7916539530214507e-07
3.9944595946958596e-07,399.44595946958594,399445.95946958597,0.39224362114012423,0.6077563788598758,0.21551275771975154,11253517.47192591,2.7916539530214507e-07
3.9958557707163754e-07,399.58557707163754,399585.57707163756,0.393010887724903,0.606989112275097,0.213978224550194,11253517.47192591,2.7916539530214507e-07
3.997251946736891e-07,399.7251946736891,399725.19467368914,0.39377841842672284,0.6062215815732771,0.21244316314655426,11253517.47192591,2.7916539530214507e-07
3.998648122757407e-07,399.8648122757407,399864.81227574067,0.3945462113508308,0.6054537886491692,0.21090757729833842,11253517.47192591,2.7916539530214507e-07
4.0000442987779227e-07,400.0044298777923,400004.42987779225,0.39531426460182695,0.604685735398173,0.2093714707963461,11253517.47192591,2.7916539530214507e-07
4.001440474798439e-07,400.1440474798439,400144.0474798439,0.3960825762836675,0.6039174237163325,0.207834847432665,11253517.47192591,2.7916539530214507e-07
4.002836650818955e-07,400.2836650818955,400283.6650818955,0.39685114449967196,0.603148855500328,0.20629771100065608,11253517.47192591,2.7916539530214507e-07
4.0042328268394705e-07,400.42328268394704,400423.28268394707,0.3976199673525266,0.6023800326474734,0.20476006529494684,11253517.47192591,2.7916539530214507e-07
4.0056290028599863e-07,400.56290028599864,400562.90028599865,0.3983890429442876,0.6016109570557123,0.2032219141114247,11253517.47192591,2.7916539530214507e-07
4.007025178880502e-07,400.7025178880502,400702.51788805024,0.3991583693763889,0.6008416306236112,0.2016832612472223,11253517.47192591,2.7916539530214507e-07
4.008421354901018e-07,400.8421354901018,400842.13549010176,0.39992794474964427,0.6000720552503558,0.20014411050071151,11253517.47192591,2.7916539530214507e-07
4.009817530921534e-07,400.98175309215344,400981.7530921534,0.40069776716425376,0.5993022328357462,0.19860446567149248,11253517.47192591,2.7916539530214507e-07
4.01121370694205e-07,401.121370694205,401121.370694205,0.4014678347198062,0.5985321652801938,0.19706433056038763,11253517.47192591,2.7916539530214507e-07
4.0126098829625657e-07,401.2609882962566,401260.9882962566,0.4022381455152863,0.5977618544847136,0.19552370896942733,11253517.47192591,2.7916539530214507e-07
4.0140060589830814e-07,401.40060589830813,401400.60589830816,0.4030086976490782,0.5969913023509218,0.1939826047018436,11253517.47192591,2.7916539530214507e-07
4.015402235003597e-07,401.54022350035973,401540.22350035975,0.40377948921897017,0.5962205107810299,0.19244102156205972,11253517.47192591,2.7916539530214507e-07
4.016798411024113e-07,401.6798411024113,401679.8411024113,0.40455051832215916,0.5954494816778408,0.19089896335568168,11253517.47192591,2.7916539530214507e-07
4.018194587044629e-07,401.8194587044629,401819.45870446286,0.4053217830552561,0.5946782169447439,0.18935643388948775,11253517.47192591,2.7916539530214507e-07
4.019590763065145e-07,401.95907630651453,401959.0763065145,0.40609328151429047,0.5939067184857095,0.18781343697141906,11253517.47192591,2.7916539530214507e-07
4.020986939085661e-07,402.0986939085661,402098.6939085661,0.4068650117947134,0.5931349882052865,0.18626997641057313,11253517.47192591,2.7916539530214507e-07
4.0223831151061766e-07,402.2383115106177,402238.31151061767,0.40763697199140525,0.5923630280085947,0.1847260560171895,11253517.47192591,2.7916539530214507e-07
4.0237792911266924e-07,402.3779291126692,402377.92911266926,0.4084091601986781,0.5915908398013219,0.18318167960264375,11253517.47192591,2.7916539530214507e-07
4.025175467147208e-07,402.5175467147208,402517.54671472084,0.4091815745102819,0.5908184254897181,0.18163685097943616,11253517.47192591,2.7916539530214507e-07
4.026571643167724e-07,402.65716431677237,402657.16431677237,0.4099542130194069,0.5900457869805931,0.1800915739611862,11253517.47192591,2.7916539530214507e-07
4.02796781918824e-07,402.796781918824,402796.781918824,0.4107270738186912,0.5892729261813088,0.17854585236261755,11253517.47192591,2.7916539530214507e-07
4.029363995208756e-07,402.9363995208756,402936.3995208756,0.4115001550002243,0.5884998449997757,0.1769996899995514,11253517.47192591,2.7916539530214507e-07
4.030760171229272e-07,403.07601712292717,403076.0171229272,0.4122734546555502,0.5877265453444498,0.17545309068889958,11253517.47192591,2.7916539530214507e-07
4.0321563472497875e-07,403.21563472497877,403215.63472497877,0.41304697087567493,0.586953029124325,0.17390605824865008,11253517.47192591,2.7916539530214507e-07
4.0335525232703033e-07,403.3552523270303,403355.25232703035,0.4138207017510695,0.5861792982489306,0.17235859649786106,11253517.47192591,2.7916539530214507e-07
4.034948699290819e-07,403.4948699290819,403494.86992908193,0.4145946453716749,0.5854053546283251,0.1708107092566502,11253517.47192591,2.7916539530214507e-07
4.0363448753113354e-07,403.6344875311335,403634.4875311335,0.41536879982690755,0.5846312001730924,0.1692624003461849,11253517.47192591,2.7916539530214507e-07
4.037741051331851e-07,403.7741051331851,403774.1051331851,0.4161431632056619,0.5838568367943381,0.16771367358867617,11253517.47192591,2.7916539530214507e-07
4.039137227352367e-07,403.9137227352367,403913.7227352367,0.4169177335963181,0.5830822664036819,0.16616453280736376,11253517.47192591,2.7916539530214507e-07
4.0405334033728827e-07,404.05334033728826,404053.3403372883,0.4176925090867447,0.5823074909132553,0.16461498182651058,11253517.47192591,2.7916539530214507e-07
4.0419295793933985e-07,404.19295793933986,404192.95793933986,0.4184674877643041,0.5815325122356959,0.16306502447139182,11253517.47192591,2.7916539530214507e-07
4.043325755413914e-07,404.3325755413914,404332.57554139144,0.41924266771585683,0.5807573322841432,0.16151466456828634,11253517.47192591,2.7916539530214507e-07
4.04472193143443e-07,404.472193143443,404472.193143443,0.42001804702776735,0.5799819529722327,0.1599639059444653,11253517.47192591,2.7916539530214507e-07
4.0461181074549463e-07,404.6118107454946,404611.8107454946,0.4207936237859063,0.5792063762140937,0.15841275242818736,11253517.47192591,2.7916539530214507e-07
4.047514283475462e-07,404.7514283475462,404751.4283475462,0.42156939607565846,0.5784306039243415,0.15686120784868307,11253517.47192591,2.7916539530214507e-07
4.048910459495978e-07,404.8910459495978,404891.0459495978,0.42234536198192585,0.5776546380180742,0.1553092760361483,11253517.47192591,2.7916539530214507e-07
4.0503066355164936e-07,405.03066355164935,405030.66355164937,0.42312151958913113,0.5768784804108689,0.15375696082173773,11253517.47192591,2.7916539530214507e-07
4.0517028115370094e-07,405.17028115370096,405170.28115370095,0.42389786698122517,0.5761021330187748,0.1522042660375496,11253517.47192591,2.7916539530214507e-07
4.053098987557525e-07,405.3098987557525,405309.89875575254,0.42467440224168973,0.5753255977583103,0.15065119551662054,11253517.47192591,2.7916539530214507e-07
4.0544951635780415e-07,405.44951635780416,405449.5163578041,0.4254511234535434,0.5745488765464566,0.14909775309291318,11253517.47192591,2.7916539530214507e-07
4.055891339598557e-07,405.5891339598557,405589.1339598557,0.42622802869934423,0.5737719713006557,0.14754394260131148,11253517.47192591,2.7916539530214507e-07
4.057287515619073e-07,405.7287515619073,405728.7515619073,0.4270051160611974,0.5729948839388026,0.1459897678776052,11253517.47192591,2.7916539530214507e-07
4.058683691639589e-07,405.8683691639589,405868.3691639589,0.4277823836207581,0.5722176163792418,0.14443523275848374,11253517.47192591,2.7916539530214507e-07
4.0600798676601045e-07,406.00798676601045,406007.98676601046,0.42855982945923654,0.5714401705407635,0.14288034108152692,11253517.47192591,2.7916539530214507e-07
4.0614760436806203e-07,406.14760436806205,406147.60436806205,0.429337451657403,0.570662548342597,0.141325096685194,11253517.47192591,2.7916539530214507e-07
4.0628722197011366e-07,406.28722197011365,406287.22197011363,0.43011524829559256,0.5698847517044074,0.1397695034088149,11253517.47192591,2.7916539530214507e-07
4.0642683957216524e-07,406.42683957216525,406426.8395721652,0.43089321745370873,0.5691067825462913,0.1382135650925826,11253517.47192591,2.7916539530214507e-07
4.065664571742168e-07,406.5664571742168,406566.4571742168,0.4316713572112301,0.5683286427887699,0.1366572855775398,11253517.47192591,2.7916539530214507e-07
4.067060747762684e-07,406.7060747762684,406706.0747762684,0.4324496656472139,0.5675503343527861,0.13510066870557225,11253517.47192591,2.7916539530214507e-07
4.0684569237831997e-07,406.84569237832,406845.69237832,0.4332281408403008,0.5667718591596992,0.13354371831939837,11253517.47192591,2.7916539530214507e-07
4.0698530998037155e-07,406.98530998037154,406985.30998037156,0.43400678086872047,0.5659932191312795,0.13198643826255907,11253517.47192591,2.7916539530214507e-07
4.071249275824231e-07,407.12492758242314,407124.92758242314,0.434785583810294,0.565214416189706,0.13042883237941205,11253517.47192591,2.7916539530214507e-07
4.0726454518447475e-07,407.26454518447474,407264.54518447473,0.43556454774244197,0.5644354522575581,0.12887090451511612,11253517.47192591,2.7916539530214507e-07
4.0740416278652633e-07,407.40416278652634,407404.1627865263,0.4363436707421873,0.5636563292578127,0.12731265851562545,11253517.47192591,2.7916539530214507e-07
4.075437803885779e-07,407.5437803885779,407543.7803885779,0.437122950886159,0.5628770491138411,0.12575409822768208,11253517.47192591,2.7916539530214507e-07
4.076833979906295e-07,407.6833979906295,407683.3979906295,0.4379023862505995,0.5620976137494005,0.12419522749880096,11253517.47192591,2.7916539530214507e-07
4.0782301559268106e-07,407.8230155926811,407823.01559268107,0.43868197491136757,0.5613180250886325,0.12263605017726492,11253517.47192591,2.7916539530214507e-07
4.0796263319473264e-07,407.96263319473263,407962.63319473265,0.4394617149439435,0.5605382850560565,0.12107657011211304,11253517.47192591,2.7916539530214507e-07
4.0810225079678427e-07,408.1022507967843,408102.2507967843,0.4402416044234344,0.5597583955765656,0.11951679115313119,11253517.47192591,2.7916539530214507e-07
4.0824186839883585e-07,408.24186839883583,408241.8683988358,0.44102164142457717,0.5589783585754229,0.11795671715084571,11253517.47192591,2.7916539530214507e-07
4.083814860008874e-07,408.38148600088743,408381.4860008874,0.4418018240217457,0.5581981759782543,0.11639635195650855,11253517.47192591,2.7916539530214507e-07
4.08521103602939e-07,408.521103602939,408521.103602939,0.44258215028895426,0.5574178497110457,0.11483569942209143,11253517.47192591,2.7916539530214507e-07
4.086607212049906e-07,408.6607212049906,408660.7212049906,0.4433626182998622,0.5566373817001378,0.11327476340027559,11253517.47192591,2.7916539530214507e-07
4.0880033880704216e-07,408.8003388070422,408800.33880704216,0.444143226127779,0.555856773872221,0.11171354774444198,11253517.47192591,2.7916539530214507e-07
4.089399564090938e-07,408.9399564090938,408939.9564090938,0.4449239718456697,0.5550760281543303,0.11015205630866065,11253517.47192591,2.7916539530214507e-07
4.0907957401114536e-07,409.0795740111454,409079.57401114533,0.44570485352615713,0.5542951464738428,0.10859029294768568,11253517.47192591,2.7916539530214507e-07
4.0921919161319694e-07,409.2191916131969,409219.1916131969,0.4464858692415303,0.5535141307584697,0.1070282615169394,11253517.47192591,2.7916539530214507e-07
4.093588092152485e-07,409.3588092152485,409358.8092152485,0.44726701706374655,0.5527329829362535,0.10546596587250695,11253517.47192591,2.7916539530214507e-07
4.094984268173001e-07,409.49842681730007,409498.4268173001,0.4480482950644377,0.5519517049355623,0.10390340987112462,11253517.47192591,2.7916539530214507e-07
4.0963804441935167e-07,409.6380444193517,409638.0444193517,0.44882970131491284,0.5511702986850872,0.10234059737017431,11253517.47192591,2.7916539530214507e-07
4.0977766202140325e-07,409.7776620214033,409777.66202140326,0.44961123388616575,0.5503887661138342,0.1007775322276685,11253517.47192591,2.7916539530214507e-07
4.099172796234549e-07,409.9172796234549,409917.2796234549,0.45039289084887846,0.5496071091511215,0.09921421830224308,11253517.47192591,2.7916539530214507e-07
4.1005689722550646e-07,410.0568972255065,410056.8972255064,0.4511746702734245,0.5488253297265755,0.09765065945315099,11253517.47192591,2.7916539530214507e-07
4.1019651482755803e-07,410.196514827558,410196.514827558,0.4519565702298765,0.5480434297701235,0.09608685954024704,11253517.47192591,2.7916539530214507e-07
4.103361324296096e-07,410.3361324296096,410336.1324296096,0.452738588788009,0.547261411211991,0.09452282242398202,11253517.47192591,2.7916539530214507e-07
4.104757500316612e-07,410.47575003166116,410475.7500316612,0.4535207240173038,0.5464792759826962,0.09295855196539238,11253517.47192591,2.7916539530214507e-07
4.1061536763371276e-07,410.61536763371276,410615.36763371277,0.45430297398695474,0.5456970260130453,0.09139405202609052,11253517.47192591,2.7916539530214507e-07
4.107549852357644e-07,410.7549852357644,410754.9852357644,0.45508533676587276,0.5449146632341273,0.08982932646825453,11253517.47192591,2.7916539530214507e-07
4.1089460283781597e-07,410.89460283781597,410894.602837816,0.45586781042268903,0.544132189577311,0.08826437915462199,11253517.47192591,2.7916539530214507e-07
4.1103422043986755e-07,411.03422043986757,411034.2204398675,0.4566503930257624,0.5433496069742376,0.08669921394847524,11253517.47192591,2.7916539530214507e-07
4.111738380419191e-07,411.1738380419191,411173.8380419191,0.4574330826431821,0.542566917356818,0.08513383471363584,11253517.47192591,2.7916539530214507e-07
4.113134556439707e-07,411.3134556439707,411313.4556439707,0.45821587734277347,0.5417841226572265,0.08356824531445306,11253517.47192591,2.7916539530214507e-07
4.114530732460223e-07,411.45307324602226,411453.0732460223,0.4589987751921023,0.5410012248078977,0.08200244961579539,11253517.47192591,2.7916539530214507e-07
4.115926908480739e-07,411.5926908480739,411592.6908480739,0.4597817742584801,0.5402182257415199,0.0804364514830398,11253517.47192591,2.7916539530214507e-07
4.117323084501255e-07,411.7323084501255,411732.3084501255,0.4605648726089674,0.5394351273910326,0.07887025478206522,11253517.47192591,2.7916539530214507e-07
4.1187192605217706e-07,411.87192605217706,411871.9260521771,0.4613480683103808,0.5386519316896192,0.07730386337923845,11253517.47192591,2.7916539530214507e-07
4.1201154365422864e-07,412.01154365422866,412011.5436542286,0.4621313594292965,0.5378686405707035,0.07573728114140699,11253517.47192591,2.7916539530214507e-07
4.121511612562802e-07,412.1511612562802,412151.1612562802,0.46291474403205407,0.5370852559679459,0.0741705119358918,11253517.47192591,2.7916539530214507e-07
4.122907788583318e-07,412.2907788583318,412290.7788583318,0.4636982201847635,0.5363017798152365,0.07260355963047305,11253517.47192591,2.7916539530214507e-07
4.1243039646038337e-07,412.43039646038335,412430.3964603834,0.4644817859533082,0.5355182140466919,0.07103642809338367,11253517.47192591,2.7916539530214507e-07
4.12570014062435e-07,412.570014062435,412570.014062435,0.465265439403351,0.534734560596649,0.06946912119329801,11253517.47192591,2.7916539530214507e-07
4.127096316644866e-07,412.7096316644866,412709.6316644866,0.4660491786003369,0.5339508213996631,0.0679016427993262,11253517.47192591,2.7916539530214507e-07
4.1284924926653816e-07,412.84924926653815,412849.2492665381,0.4668330016095005,0.5331669983904995,0.06633399678099905,11253517.47192591,2.7916539530214507e-07
4.1298886686858973e-07,412.98886686858975,412988.8668685897,0.46761690649586907,0.5323830935041309,0.06476618700826187,11253517.47192591,2.7916539530214507e-07
4.131284844706413e-07,413.1284844706413,413128.4844706413,0.46840089132426777,0.5315991086757322,0.06319821735146447,11253517.47192591,2.7916539530214507e-07
4.132681020726929e-07,413.2681020726929,413268.1020726929,0.4691849541593244,0.5308150458406756,0.06163009168135125,11253517.47192591,2.7916539530214507e-07
4.134077196747445e-07,413.4077196747445,413407.7196747445,0.4699690930654746,0.5300309069345254,0.060061813869050795,11253517.47192591,2.7916539530214507e-07
4.135473372767961e-07,413.5473372767961,413547.3372767961,0.470753306106965,0.529246693893035,0.05849338778607005,11253517.47192591,2.7916539530214507e-07
4.1368695487884767e-07,413.6869548788477,413686.9548788477,0.4715375913478604,0.5284624086521396,0.056924817304279174,11253517.47192591,2.7916539530214507e-07
4.1382657248089925e-07,413.82657248089924,413826.5724808992,0.47232194685204704,0.5276780531479529,0.05535610629590587,11253517.47192591,2.7916539530214507e-07
4.1396619008295083e-07,413.96619008295085,413966.1900829508,0.4731063706832377,0.5268936293167623,0.053787258633524626,11253517.47192591,2.7916539530214507e-07
4.141058076850024e-07,414.1058076850024,414105.8076850024,0.4738908609049768,0.5261091390950232,0.05221827819004643,11253517.47192591,2.7916539530214507e-07
4.14245425287054e-07,414.245425287054,414245.425287054,0.4746754155806437,0.5253245844193564,0.05064916883871268,11253517.47192591,2.7916539530214507e-07
4.143850428891056e-07,414.3850428891056,414385.0428891056,0.4754600327734603,0.5245399672265397,0.049079934453079455,11253517.47192591,2.7916539530214507e-07
4.145246604911572e-07,414.5246604911572,414524.6604911572,0.4762447105464924,0.5237552894535076,0.047510578907015155,11253517.47192591,2.7916539530214507e-07
4.1466427809320877e-07,414.6642780932088,414664.2780932088,0.47702944696265775,0.5229705530373423,0.045941106074684546,11253517.47192591,2.7916539530214507e-07
4.1480389569526034e-07,414.80389569526034,414803.8956952603,0.47781424008472867,0.5221857599152714,0.044371519830542716,11253517.47192591,2.7916539530214507e-07
4.149435132973119e-07,414.94351329731194,414943.5132973119,0.47859908797533757,0.5214009120246624,0.042801824049324866,11253517.47192591,2.7916539530214507e-07
4.150831308993635e-07,415.0831308993635,415083.1308993635,0.47938398869698173,0.5206160113030183,0.041232022606036534,11253517.47192591,2.7916539530214507e-07
4.1522274850141513e-07,415.22274850141514,415222.74850141513,0.4801689403120284,0.5198310596879716,0.03966211937594322,11253517.47192591,2.7916539530214507e-07
4.153623661034667e-07,415.3623661034667,415362.3661034667,0.48095394088271776,0.5190460591172823,0.03809211823456454,11253517.47192591,2.7916539530214507e-07
4.155019837055183e-07,415.5019837055183,415501.9837055183,0.48173898847117064,0.5182610115288294,0.03652202305765878,11253517.47192591,2.7916539530214507e-07
4.1564160130756986e-07,415.6416013075699,415641.6013075699,0.4825240811393912,0.5174759188606087,0.034951837721217516,11253517.47192591,2.7916539530214507e-07
4.1578121890962144e-07,415.78121890962143,415781.2189096214,0.48330921694927254,0.5166907830507275,0.03338156610145493,11253517.47192591,2.7916539530214507e-07
4.15920836511673e-07,415.92083651167303,415920.836511673,0.48409439396260096,0.515905606037399,0.031811212074798034,11253517.47192591,2.7916539530214507e-07
4.1606045411372464e-07,416.06045411372463,416060.45411372464,0.48487961024106174,0.5151203897589383,0.030240779517876515,11253517.47192591,2.7916539530214507e-07
4.162000717157762e-07,416.20007171577623,416200.0717157762,0.4856648638462417,0.5143351361537583,0.028670272307516564,11253517.47192591,2.7916539530214507e-07
4.163396893178278e-07,416.3396893178278,416339.6893178278,0.48645015283963705,0.513549847160363,0.027099694320725953,11253517.47192591,2.7916539530214507e-07
4.164793069198794e-07,416.4793069198794,416479.3069198794,0.4872354752826564,0.5127645247173436,0.025529049434687145,11253517.47192591,2.7916539530214507e-07
4.1661892452193095e-07,416.618924521931,416618.9245219309,0.48802082923662476,0.5119791707633752,0.023958341526750415,11253517.47192591,2.7916539530214507e-07
4.1675854212398253e-07,416.7585421239825,416758.5421239825,0.4888062127627904,0.5111937872372097,0.022387574474419247,11253517.47192591,2.7916539530214507e-07
4.168981597260341e-07,416.8981597260341,416898.1597260341,0.48959162392232825,0.5104083760776718,0.02081675215534351,11253517.47192591,2.7916539530214507e-07
4.1703777732808574e-07,417.0377773280857,417037.77732808574,0.49037706077634546,0.5096229392236545,0.019245878447309073,11253517.47192591,2.7916539530214507e-07
4.171773949301373e-07,417.1773949301373,417177.3949301373,0.49116252138588445,0.5088374786141155,0.017674957228231092,11253517.47192591,2.7916539530214507e-07
4.173170125321889e-07,417.31701253218887,417317.0125321889,0.49194800381193027,0.5080519961880697,0.016103992376139464,11253517.47192591,2.7916539530214507e-07
4.1745663013424047e-07,417.45663013424047,417456.6301342405,0.4927335061154138,0.5072664938845862,0.014532987769172445,11253517.47192591,2.7916539530214507e-07
4.1759624773629204e-07,417.59624773629207,417596.247736292,0.4935190263572166,0.5064809736427833,0.01296194728556671,11253517.47192591,2.7916539530214507e-07
4.177358653383436e-07,417.7358653383436,417735.8653383436,0.4943045625981763,0.5056954374018238,0.011390874803647477,11253517.47192591,2.7916539530214507e-07
4.1787548294039525e-07,417.8754829403953,417875.48294039525,0.49509011289909105,0.5049098871009089,0.009819774201817844,11253517.47192591,2.7916539530214507e-07
4.1801510054244683e-07,418.0151005424468,418015.10054244683,0.49587567532072335,0.5041243246792766,0.00824864935855324,11253517.47192591,2.7916539530214507e-07
4.181547181444984e-07,418.1547181444984,418154.7181444984,0.49666124792380695,0.503338752076193,0.0066775041523861045,11253517.47192591,2.7916539530214507e-07
4.1829433574655e-07,418.29433574654996,418294.33574655,0.4974468287690499,0.5025531712309501,0.005106342461900226,11253517.47192591,2.7916539530214507e-07
4.1843395334860156e-07,418.43395334860156,418433.9533486016,0.49823241591714007,0.5017675840828599,0.0035351681657198597,11253517.47192591,2.7916539530214507e-07
4.1857357095065314e-07,418.57357095065316,418573.5709506531,0.49901800742875024,0.5009819925712498,0.0019639851424995136,11253517.47192591,2.7916539530214507e-07
4.1871318855270477e-07,418.71318855270476,418713.18855270476,0.49980360136454094,0.5001963986354591,0.00039279727091812155,11253517.47192591,2.7916539530214507e-07
4.1885280615475634e-07,418.85280615475637,418852.80615475634,0.5005891957851681,0.49941080421483186,-0.001178391570336279,11253517.47192591,2.7916539530214507e-07
4.189924237568079e-07,418.9924237568079,418992.4237568079,0.5013747887512866,0.49862521124871345,-0.002749577502573153,11253517.47192591,2.7916539530214507e-07
4.191320413588595e-07,419.1320413588595,419132.0413588595,0.5021603783235533,0.49783962167644674,-0.004320756647106572,11253517.47192591,2.7916539530214507e-07
4.192716589609111e-07,419.27165896091105,419271.6589609111,0.502945962562635,0.49705403743736504,-0.005891925125269981,11253517.47192591,2.7916539530214507e-07
4.1941127656296265e-07,419.41127656296266,419411.2765629627,0.5037315395292111,0.49626846047078893,-0.007463079058422195,11253517.47192591,2.7916539530214507e-07
4.1955089416501423e-07,419.55089416501426,419550.8941650142,0.504517107283979,0.495482892716021,-0.009034214567958054,11253517.47192591,2.7916539530214507e-07
4.1969051176706586e-07,419.69051176706586,419690.51176706585,0.5053026638876594,0.4946973361123406,-0.010605327775318807,11253517.47192591,2.7916539530214507e-07
4.1983012936911744e-07,419.83012936911746,419830.12936911744,0.5060882074009989,0.4939117925990011,-0.012176414801997826,11253517.47192591,2.7916539530214507e-07
4.19969746971169e-07,419.969746971169,419969.746971169,0.506873735884778,0.4931262641152219,-0.013747471769556097,11253517.47192591,2.7916539530214507e-07
4.201093645732206e-07,420.1093645732206,420109.3645732206,0.5076592473998139,0.49234075260018606,-0.01531849479962788,11253517.47192591,2.7916539530214507e-07
4.2024898217527217e-07,420.24898217527215,420248.9821752722,0.5084447400069654,0.49155525999303457,-0.016889480013930813,11253517.47192591,2.7916539530214507e-07
4.2038859977732374e-07,420.38859977732375,420388.5997773237,0.5092302117671382,0.49076978823286177,-0.01846042353427646,11253517.47192591,2.7916539530214507e-07
4.205282173793754e-07,420.52821737937535,420528.21737937536,0.5100156607412899,0.48998433925871004,-0.020031321482579856,11253517.47192591,2.7916539530214507e-07
4.2066783498142695e-07,420.66783498142695,420667.83498142695,0.510801084990433,0.489198915009567,-0.02160216998086595,11253517.47192591,2.7916539530214507e-07
4.2080745258347853e-07,420.80745258347855,420807.45258347853,0.5115864825756422,0.4884135174243578,-0.02317296515128442,11253517.47192591,2.7916539530214507e-07
4.209470701855301e-07,420.9470701855301,420947.0701855301,0.5123718515580579,0.48762814844194213,-0.024743703116115734,11253517.47192591,2.7916539530214507e-07
4.210866877875817e-07,421.0866877875817,421086.6877875817,0.5131571899988913,0.4868428100011088,-0.026314379997782467,11253517.47192591,2.7916539530214507e-07
4.2122630538963326e-07,421.22630538963324,421226.3053896333,0.5139424959594275,0.4860575040405724,-0.02788499191885513,11253517.47192591,2.7916539530214507e-07
4.213659229916849e-07,421.3659229916849,421365.92299168487,0.5147277675010339,0.4852722324989661,-0.029455535002067768,11253517.47192591,2.7916539530214507e-07
4.2150554059373647e-07,421.50554059373644,421505.54059373646,0.5155130026851619,0.48448699731483813,-0.03102600537032374,11253517.47192591,2.7916539530214507e-07
4.2164515819578804e-07,421.64515819578804,421645.15819578804,0.5162981995733518,0.4837018004266482,-0.03259639914670359,11253517.47192591,2.7916539530214507e-07
4.217847757978396e-07,421.78477579783964,421784.7757978396,0.5170833562272399,0.48291664377276017,-0.03416671245447972,11253517.47192591,2.7916539530214507e-07
4.219243933998912e-07,421.9243933998912,421924.3933998912,0.5178684707085609,0.48213152929143904,-0.03573694141712186,11253517.47192591,2.7916539530214507e-07
4.220640110019428e-07,422.0640110019428,422064.0110019428,0.5186535410791542,0.48134645892084577,-0.03730708215830841,11253517.47192591,2.7916539530214507e-07
4.2220362860399435e-07,422.20362860399433,422203.6286039944,0.5194385654009677,0.48056143459903233,-0.03887713080193533,11253517.47192591,2.7916539530214507e-07
4.22343246206046e-07,422.343246206046,422343.24620604597,0.5202235417360634,0.4797764582639366,-0.04044708347212683,11253517.47192591,2.7916539530214507e-07
4.2248286380809756e-07,422.48286380809753,422482.86380809755,0.5210084681466207,0.4789915318533793,-0.042016936293241436,11253517.47192591,2.7916539530214507e-07
4.2262248141014914e-07,422.62248141014913,422622.48141014914,0.5217933426949434,0.4782066573050566,-0.04358668538988675,11253517.47192591,2.7916539530214507e-07
4.227620990122007e-07,422.76209901220074,422762.0990122007,0.5225781634434628,0.4774218365565372,-0.04515632688692556,11253517.47192591,2.7916539530214507e-07
4.229017166142523e-07,422.9017166142523,422901.7166142523,0.5233629284547432,0.4766370715452568,-0.046725856909486385,11253517.47192591,2.7916539530214507e-07
4.2304133421630387e-07,423.0413342163039,423041.3342163039,0.5241476357914865,0.4758523642085135,-0.048295271582972976,11253517.47192591,2.7916539530214507e-07
4.231809518183555e-07,423.1809518183555,423180.9518183555,0.5249322835165372,0.4750677164834628,-0.0498645670330744,11253517.47192591,2.7916539530214507e-07
4.233205694204071e-07,423.3205694204071,423320.56942040706,0.5257168696928858,0.47428313030711416,-0.051433739385771615,11253517.47192591,2.7916539530214507e-07
4.2346018702245865e-07,423.4601870224586,423460.18702245865,0.5265013923836761,0.47349860761632384,-0.05300278476735226,11253517.47192591,2.7916539530214507e-07
4.2359980462451023e-07,423.5998046245102,423599.80462451023,0.5272858496522086,0.4727141503477914,-0.05457169930441719,11253517.47192591,2.7916539530214507e-07
4.237394222265618e-07,423.7394222265618,423739.4222265618,0.5280702395619438,0.47192976043805623,-0.05614047912388753,11253517.47192591,2.7916539530214507e-07
4.238790398286134e-07,423.8790398286134,423879.0398286134,0.52885456017651,0.47114543982349,-0.057709120353020005,11253517.47192591,2.7916539530214507e-07
4.2401865743066496e-07,424.018657430665,424018.657430665,0.5296388095597061,0.4703611904402939,-0.059277619119412206,11253517.47192591,2.7916539530214507e-07
4.241582750327166e-07,424.1582750327166,424158.27503271657,0.5304229857755073,0.4695770142244928,-0.06084597155101451,11253517.47192591,2.7916539530214507e-07
4.2429789263476817e-07,424.2978926347682,424297.89263476816,0.5312070868880678,0.4687929131119321,-0.06241417377613573,11253517.47192591,2.7916539530214507e-07
4.2443751023681975e-07,424.4375102368197,424437.51023681974,0.5319911109617292,0.4680088890382708,-0.06398222192345843,11253517.47192591,2.7916539530214507e-07
4.245771278388713e-07,424.5771278388713,424577.1278388713,0.5327750560610222,0.46722494393897784,-0.06555011212204431,11253517.47192591,2.7916539530214507e-07
4.247167454409229e-07,424.7167454409229,424716.7454409229,0.5335589202506725,0.46644107974932747,-0.06711784050134506,11253517.47192591,2.7916539530214507e-07
4.248563630429745e-07,424.85636304297446,424856.3630429745,0.534342701595606,0.46565729840439396,-0.06868540319121208,11253517.47192591,2.7916539530214507e-07
4.249959806450261e-07,424.9959806450261,424995.9806450261,0.5351263981609533,0.46487360183904675,-0.07025279632190656,11253517.47192591,2.7916539530214507e-07
4.251355982470777e-07,425.13559824707767,425135.59824707767,0.5359100080120527,0.4640899919879473,-0.07182001602410537,11253517.47192591,2.7916539530214507e-07
4.2527521584912926e-07,425.27521584912927,425275.21584912925,0.5366935292144582,0.46330647078554177,-0.07338705842891646,11253517.47192591,2.7916539530214507e-07
4.2541483345118084e-07,425.4148334511808,425414.83345118084,0.5374769598339423,0.4625230401660578,-0.0749539196678845,11253517.47192591,2.7916539530214507e-07
4.255544510532324e-07,425.5544510532324,425554.4510532324,0.5382602979365011,0.4617397020634989,-0.0765205958730022,11253517.47192591,2.7916539530214507e-07
4.25694068655284e-07,425.694068655284,425694.068655284,0.5390435415883583,0.46095645841164173,-0.07808708317671659,11253517.47192591,2.7916539530214507e-07
4.258336862573356e-07,425.8336862573356,425833.68625733565,0.5398266888559717,0.46017331114402826,-0.07965337771194347,11253517.47192591,2.7916539530214507e-07
4.259733038593872e-07,425.9733038593872,425973.3038593872,0.5406097378060373,0.45939026219396273,-0.08121947561207454,11253517.47192591,2.7916539530214507e-07
4.261129214614388e-07,426.11292146143876,426112.92146143876,0.5413926865054922,0.4586073134945078,-0.08278537301098443,11253517.47192591,2.7916539530214507e-07
4.2625253906349035e-07,426.25253906349036,426252.53906349035,0.5421755330215225,0.4578244669784774,-0.08435106604304515,11253517.47192591,2.7916539530214507e-07
4.2639215666554193e-07,426.3921566655419,426392.15666554193,0.5429582754215663,0.4570417245784337,-0.0859165508431326,11253517.47192591,2.7916539530214507e-07
4.265317742675935e-07,426.5317742675935,426531.7742675935,0.5437409117733183,0.4562590882266817,-0.08748182354663658,11253517.47192591,2.7916539530214507e-07
4.266713918696451e-07,426.6713918696451,426671.3918696451,0.5445234401447352,0.45547655985526475,-0.08904688028947044,11253517.47192591,2.7916539530214507e-07
4.268110094716967e-07,426.8110094716967,426811.00947169674,0.5453058586040408,0.45469414139595915,-0.09061171720808164,11253517.47192591,2.7916539530214507e-07
4.269506270737483e-07,426.9506270737483,426950.62707374827,0.5460881652197288,0.4539118347802712,-0.09217633043945761,11253517.47192591,2.7916539530214507e-07
4.2709024467579987e-07,427.09024467579985,427090.24467579986,0.5468703580605703,0.45312964193942973,-0.09374071612114054,11253517.47192591,2.7916539530214507e-07
4.2722986227785145e-07,427.22986227785145,427229.86227785144,0.5476524351956168,0.4523475648043832,-0.09530487039123359,11253517.47192591,2.7916539530214507e-07
4.27369479879903e-07,427.369479879903,427369.479879903,0.5484343946942056,0.4515656053057944,-0.0968687893884112,11253517.47192591,2.7916539530214507e-07
4.275090974819546e-07,427.5090974819546,427509.0974819546,0.5492162346259643,0.4507837653740357,-0.09843246925192856,11253517.47192591,2.7916539530214507e-07
4.2764871508400623e-07,427.64871508400626,427648.71508400625,0.5499979530608161,0.4500020469391839,-0.09999590612163223,11253517.47192591,2.7916539530214507e-07
4.277883326860578e-07,427.7883326860578,427788.3326860578,0.5507795480689828,0.4492204519310172,-0.1015590961379656,11253517.47192591,2.7916539530214507e-07
4.279279502881094e-07,427.9279502881094,427927.95028810936,0.5515610177209923,0.44843898227900775,-0.10312203544198456,11253517.47192591,2.7916539530214507e-07
4.2806756789016096e-07,428.06756789016094,428067.56789016095,0.5523423600876818,0.4476576399123182,-0.10468472017536357,11253517.47192591,2.7916539530214507e-07
4.2820718549221254e-07,428.20718549221255,428207.18549221253,0.5531235732402016,0.44687642675979844,-0.10624714648040312,11253517.47192591,2.7916539530214507e-07
4.283468030942641e-07,428.3468030942641,428346.8030942641,0.5539046552500221,0.4460953447499779,-0.10780931050004416,11253517.47192591,2.7916539530214507e-07
4.2848642069631575e-07,428.48642069631575,428486.42069631576,0.5546856041889375,0.4453143958110624,-0.10937120837787512,11253517.47192591,2.7916539530214507e-07
4.286260382983673e-07,428.62603829836735,428626.03829836735,0.5554664181290695,0.4445335818709305,-0.11093283625813899,11253517.47192591,2.7916539530214507e-07
4.287656559004189e-07,428.7656559004189,428765.6559004189,0.5562470951428738,0.44375290485712615,-0.1124941902857477,11253517.47192591,2.7916539530214507e-07
4.289052735024705e-07,428.9052735024705,428905.27350247046,0.5570276333031442,0.44297236669685575,-0.11405526660628845,11253517.47192591,2.7916539530214507e-07
4.2904489110452206e-07,429.04489110452204,429044.89110452204,0.557808030683017,0.442191969316983,-0.11561606136603397,11253517.47192591,2.7916539530214507e-07
4.2918450870657363e-07,429.18450870657364,429184.50870657363,0.558588285355976,0.44141171464402396,-0.11717657071195209,11253517.47192591,2.7916539530214507e-07
4.293241263086252e-07,429.3241263086252,429324.1263086252,0.5593683953958576,0.4406316046041424,-0.11873679079171517,11253517.47192591,2.7916539530214507e-07
4.2946374391067684e-07,429.46374391067684,429463.74391067686,0.5601483588768553,0.4398516411231447,-0.12029671775371065,11253517.47192591,2.7916539530214507e-07
4.296033615127284e-07,429.60336151272844,429603.36151272844,0.5609281738735233,0.4390718261264766,-0.12185634774704673,11253517.47192591,2.7916539530214507e-07
4.2974297911478e-07,429.74297911478,429742.97911477997,0.5617078384607838,0.4382921615392162,-0.12341567692156757,11253517.47192591,2.7916539530214507e-07
4.2988259671683157e-07,429.8825967168316,429882.59671683155,0.5624873507139295,0.43751264928607053,-0.12497470142785899,11253517.47192591,2.7916539530214507e-07
4.3002221431888315e-07,430.02221431888313,430022.21431888314,0.5632667087086294,0.4367332912913706,-0.12653341741725876,11253517.47192591,2.7916539530214507e-07
4.301618319209347e-07,430.16183192093473,430161.8319209347,0.5640459105209338,0.4359540894790662,-0.12809182104186756,11253517.47192591,2.7916539530214507e-07
4.3030144952298636e-07,430.30144952298633,430301.44952298637,0.5648249542272771,0.435175045772723,-0.1296499084545541,11253517.47192591,2.7916539530214507e-07
4.3044106712503793e-07,430.44106712503793,430441.06712503795,0.5656038379044852,0.4343961620955148,-0.13120767580897041,11253517.47192591,2.7916539530214507e-07
4.305806847270895e-07,430.58068472708953,430580.68472708954,0.5663825596297796,0.4336174403702205,-0.13276511925955908,11253517.47192591,2.7916539530214507e-07
4.307203023291411e-07,430.7203023291411,430720.30232914106,0.5671611174807795,0.43283888251922054,-0.13432223496155893,11253517.47192591,2.7916539530214507e-07
4.3085991993119266e-07,430.8599199311927,430859.91993119265,0.5679395095355105,0.4320604904644894,-0.13587901907102112,11253517.47192591,2.7916539530214507e-07
4.3099953753324424e-07,430.9995375332442,430999.53753324423,0.5687177338724072,0.43128226612759285,-0.13743546774481435,11253517.47192591,2.7916539530214507e-07
4.3113915513529587e-07,431.1391551352959,431139.1551352959,0.569495788570318,0.430504211429682,-0.13899157714063604,11253517.47192591,2.7916539530214507e-07
4.3127877273734745e-07,431.2787727373474,431278.77273734746,0.5702736717085094,0.4297263282914906,-0.1405473434170188,11253517.47192591,2.7916539530214507e-07
4.31418390339399e-07,431.418390339399,431418.39033939905,0.5710513813666723,0.42894861863332767,-0.14210276273334466,11253517.47192591,2.7916539530214507e-07
4.315580079414506e-07,431.5580079414506,431558.0079414506,0.5718289156249259,0.4281710843750742,-0.1436578312498517,11253517.47192591,2.7916539530214507e-07
4.316976255435022e-07,431.69762554350217,431697.62554350216,0.5726062725638217,0.42739372743617826,-0.14521254512764342,11253517.47192591,2.7916539530214507e-07
4.3183724314555376e-07,431.83724314555377,431837.24314555374,0.5733834502643497,0.42661654973565033,-0.14676690052869934,11253517.47192591,2.7916539530214507e-07
4.3197686074760533e-07,431.9768607476053,431976.86074760533,0.5741604468079419,0.4258395531920582,-0.1483208936158837,11253517.47192591,2.7916539530214507e-07
4.3211647834965696e-07,432.116478349657,432116.478349657,0.574937260276478,0.4250627397235221,-0.14987452055295586,11253517.47192591,2.7916539530214507e-07
4.3225609595170854e-07,432.2560959517085,432256.09595170856,0.5757138887522883,0.42428611124771165,-0.1514277775045767,11253517.47192591,2.7916539530214507e-07
4.323957135537601e-07,432.3957135537601,432395.71355376014,0.5764903303181614,0.4235096696818385,-0.15298066063632293,11253517.47192591,2.7916539530214507e-07
4.325353311558117e-07,432.5353311558117,432535.33115581167,0.5772665830573468,0.42273341694265326,-0.15453316611469353,11253517.47192591,2.7916539530214507e-07
4.3267494875786327e-07,432.67494875786326,432674.94875786325,0.5780426450535601,0.42195735494643993,-0.15608529010712013,11253517.47192591,2.7916539530214507e-07
4.3281456635991485e-07,432.81456635991486,432814.56635991484,0.5788185143909869,0.4211814856090131,-0.15763702878197378,11253517.47192591,2.7916539530214507e-07
4.329541839619665e-07,432.95418396196646,432954.1839619665,0.5795941891542897,0.42040581084571027,-0.15918837830857946,11253517.47192591,2.7916539530214507e-07
4.3309380156401806e-07,433.09380156401807,433093.80156401807,0.5803696674286113,0.4196303325713887,-0.16073933485722258,11253517.47192591,2.7916539530214507e-07
4.3323341916606963e-07,433.2334191660696,433233.41916606965,0.5811449472995781,0.4188550527004219,-0.16228989459915621,11253517.47192591,2.7916539530214507e-07
4.333730367681212e-07,433.3730367681212,433373.03676812124,0.5819200268533077,0.41807997314669226,-0.16384005370661542,11253517.47192591,2.7916539530214507e-07
4.335126543701728e-07,433.5126543701728,433512.65437017276,0.5826949041764119,0.4173050958235881,-0.1653898083528238,11253517.47192591,2.7916539530214507e-07
4.3365227197222437e-07,433.65227197222436,433652.27197222435,0.5834695773560015,0.41653042264399853,-0.16693915471200294,11253517.47192591,2.7916539530214507e-07
4.33791889574276e-07,433.791889574276,433791.889574276,0.5842440444796918,0.4157559555203082,-0.1684880889593836,11253517.47192591,2.7916539530214507e-07
4.3393150717632757e-07,433.93150717632756,433931.5071763276,0.5850183036356055,0.4149816963643945,-0.17003660727121095,11253517.47192591,2.7916539530214507e-07
4.3407112477837915e-07,434.07112477837916,434071.12477837916,0.58579235291238,0.41420764708762003,-0.17158470582475993,11253517.47192591,2.7916539530214507e-07
4.3421074238043073e-07,434.2107423804307,434210.74238043075,0.5865661903991702,0.41343380960082976,-0.17313238079834048,11253517.47192591,2.7916539530214507e-07
4.343503599824823e-07,434.3503599824823,434350.35998248233,0.5873398141856543,0.41266018581434577,-0.17467962837130852,11253517.47192591,2.7916539530214507e-07
4.344899775845339e-07,434.4899775845339,434489.97758453386,0.5881132223620373,0.4118867776379626,-0.17622644472407473,11253517.47192591,2.7916539530214507e-07
4.3462959518658546e-07,434.62959518658545,434629.59518658544,0.5888864130190573,0.41111358698094264,-0.17777282603811467,11253517.47192591,2.7916539530214507e-07
4.347692127886371e-07,434.7692127886371,434769.2127886371,0.5896593842479892,0.41034061575201075,-0.1793187684959785,11253517.47192591,2.7916539530214507e-07
4.3490883039068867e-07,434.90883039068865,434908.8303906887,0.5904321341406487,0.4095678658593514,-0.18086426828129726,11253517.47192591,2.7916539530214507e-07
4.3504844799274024e-07,435.04844799274025,435048.44799274026,0.591204660789399,0.40879533921060096,-0.18240932157879808,11253517.47192591,2.7916539530214507e-07
4.351880655947918e-07,435.1880655947918,435188.06559479184,0.5919769622871535,0.40802303771284654,-0.18395392457430693,11253517.47192591,2.7916539530214507e-07
4.353276831968434e-07,435.3276831968434,435327.68319684337,0.5927490367273821,0.4072509632726179,-0.1854980734547642,11253517.47192591,2.7916539530214507e-07
4.35467300798895e-07,435.467300798895,435467.30079889495,0.593520882204115,0.4064791177958849,-0.18704176440823012,11253517.47192591,2.7916539530214507e-07
4.356069184009466e-07,435.6069184009466,435606.9184009466,0.5942924968119483,0.4057075031880517,-0.18858499362389658,11253517.47192591,2.7916539530214507e-07
4.357465360029982e-07,435.7465360029982,435746.5360029982,0.5950638786460463,0.40493612135395374,-0.19012775729209253,11253517.47192591,2.7916539530214507e-07
4.3588615360504976e-07,435.88615360504974,435886.15360504977,0.5958350258021494,0.40416497419785063,-0.19167005160429879,11253517.47192591,2.7916539530214507e-07
4.3602577120710134e-07,436.02577120710134,436025.77120710135,0.596605936376577,0.403394063623423,-0.193211872753154,11253517.47192591,2.7916539530214507e-07
4.361653888091529e-07,436.1653888091529,436165.38880915294,0.5973766084662324,0.4026233915337676,-0.19475321693246483,11253517.47192591,2.7916539530214507e-07
4.363050064112045e-07,436.3050064112045,436305.00641120446,0.5981470401686078,0.40185295983139224,-0.19629408033721552,11253517.47192591,2.7916539530214507e-07
4.3644462401325607e-07,436.4446240132561,436444.62401325605,0.5989172295817886,0.4010827704182114,-0.19783445916357723,11253517.47192591,2.7916539530214507e-07
4.365842416153077e-07,436.5842416153077,436584.2416153077,0.599687174804459,0.40031282519554096,-0.19937434960891803,11253517.47192591,2.7916539530214507e-07
4.367238592173593e-07,436.7238592173593,436723.8592173593,0.6004568739359045,0.3995431260640954,-0.2009137478718091,11253517.47192591,2.7916539530214507e-07
4.3686347681941085e-07,436.86347681941083,436863.47681941086,0.6012263250760197,0.39877367492398036,-0.20245265015203934,11253517.47192591,2.7916539530214507e-07
4.3700309442146243e-07,437.00309442146244,437003.09442146245,0.6019955263253104,0.39800447367468955,-0.20399105265062084,11253517.47192591,2.7916539530214507e-07
4.37142712023514e-07,437.142712023514,437142.71202351403,0.6027644757849004,0.39723552421509956,-0.2055289515698009,11253517.47192591,2.7916539530214507e-07
4.372823296255656e-07,437.2823296255656,437282.32962556556,0.6035331715565334,0.39646682844346653,-0.20706634311306688,11253517.47192591,2.7916539530214507e-07
4.374219472276172e-07,437.42194722761724,437421.9472276172,0.6043016117425808,0.3956983882574192,-0.20860322348516158,11253517.47192591,2.7916539530214507e-07
4.375615648296688e-07,437.5615648296688,437561.5648296688,0.6050697944460447,0.3949302055539553,-0.2101395888920894,11253517.47192591,2.7916539530214507e-07
4.3770118243172037e-07,437.7011824317204,437701.1824317204,0.6058377177705618,0.39416228222943817,-0.21167543554112367,11253517.47192591,2.7916539530214507e-07
4.3784080003377194e-07,437.8408000337719,437840.80003377196,0.6066053798204104,0.3933946201795896,-0.2132107596408208,11253517.47192591,2.7916539530214507e-07
4.379804176358235e-07,437.9804176358235,437980.41763582354,0.6073727787005132,0.3926272212994868,-0.2147455574010264,11253517.47192591,2.7916539530214507e-07
4.381200352378751e-07,438.1200352378751,438120.0352378751,0.6081399125164426,0.39186008748355733,-0.2162798250328853,11253517.47192591,2.7916539530214507e-07
4.3825965283992673e-07,438.25965283992673,438259.6528399267,0.608906779374426,0.39109322062557395,-0.2178135587488521,11253517.47192591,2.7916539530214507e-07
4.383992704419783e-07,438.39927044197833,438399.2704419783,0.6096733773813483,0.3903266226186517,-0.2193467547626966,11253517.47192591,2.7916539530214507e-07
4.385388880440299e-07,438.5388880440299,438538.8880440299,0.6104397046447594,0.3895602953552406,-0.22087940928951877,11253517.47192591,2.7916539530214507e-07
4.3867850564608146e-07,438.6785056460815,438678.50564608147,0.6112057592728771,0.3887942407271229,-0.22241151854575425,11253517.47192591,2.7916539530214507e-07
4.3881812324813304e-07,438.818123248133,438818.12324813305,0.6119715393745925,0.38802846062540747,-0.223943078749185,11253517.47192591,2.7916539530214507e-07
4.389577408501846e-07,438.9577408501846,438957.74085018464,0.6127370430594742,0.38726295694052587,-0.2254740861189483,11253517.47192591,2.7916539530214507e-07
4.390973584522362e-07,439.09735845223616,439097.35845223616,0.613502268437773,0.386497731562227,-0.227004536875546,11253517.47192591,2.7916539530214507e-07
4.392369760542878e-07,439.2369760542878,439236.9760542878,0.6142672136204276,0.3857327863795724,-0.22853442724085515,11253517.47192591,2.7916539530214507e-07
4.393765936563394e-07,439.3765936563394,439376.5936563394,0.6150318767190668,0.38496812328093327,-0.2300637534381335,11253517.47192591,2.7916539530214507e-07
4.39516211258391e-07,439.51621125839097,439516.211258391,0.6157962558460169,0.384203744153983,-0.23159251169203393,11253517.47192591,2.7916539530214507e-07
4.3965582886044255e-07,439.65582886044257,439655.82886044256,0.6165603491143059,0.3834396508856941,-0.2331206982286118,11253517.47192591,2.7916539530214507e-07
4.3979544646249413e-07,439.7954464624941,439795.44646249415,0.6173241546376654,0.38267584536233457,-0.23464830927533087,11253517.47192591,2.7916539530214507e-07
4.399350640645457e-07,439.9350640645457,439935.06406454573,0.6180876705305391,0.38191232946946085,-0.2361753410610783,11253517.47192591,2.7916539530214507e-07
4.4007468166659734e-07,440.0746816665973,440074.6816665973,0.6188508949080855,0.38114910509191446,-0.23770178981617107,11253517.47192591,2.7916539530214507e-07
4.402142992686489e-07,440.2142992686489,440214.2992686489,0.6196138258861816,0.38038617411381836,-0.23922765177236327,11253517.47192591,2.7916539530214507e-07
4.403539168707005e-07,440.3539168707005,440353.9168707005,0.6203764615814298,0.37962353841857016,-0.24075292316285962,11253517.47192591,2.7916539530214507e-07
4.4049353447275207e-07,440.49353447275206,440493.5344727521,0.6211388001111612,0.37886119988883876,-0.24227760022232242,11253517.47192591,2.7916539530214507e-07
4.4063315207480364e-07,440.63315207480366,440633.15207480366,0.6219008395934403,0.3780991604065596,-0.24380167918688073,11253517.47192591,2.7916539530214507e-07
4.407727696768552e-07,440.7727696768552,440772.76967685524,0.6226625781470702,0.37733742185292984,-0.2453251562941403,11253517.47192591,2.7916539530214507e-07
4.4091238727890685e-07,440.91238727890686,440912.3872789068,0.6234240138915967,0.37657598610840326,-0.24684802778319348,11253517.47192591,2.7916539530214507e-07
4.4105200488095843e-07,441.0520048809584,441052.0048809584,0.6241851449473125,0.3758148550526875,-0.24837028989462495,11253517.47192591,2.7916539530214507e-07
4.4119162248301e-07,441.19162248301,441191.62248301,0.6249459694352633,0.37505403056473674,-0.24989193887052652,11253517.47192591,2.7916539530214507e-07
4.413312400850616e-07,441.3312400850616,441331.2400850616,0.6257064854772513,0.3742935145227487,-0.25141297095450255,11253517.47192591,2.7916539530214507e-07
4.4147085768711316e-07,441.47085768711315,441470.85768711317,0.6264666911958402,0.3735333088041598,-0.2529333823916804,11253517.47192591,2.7916539530214507e-07
4.4161047528916474e-07,441.61047528916475,441610.47528916475,0.6272265847143599,0.3727734152856401,-0.25445316942871976,11253517.47192591,2.7916539530214507e-07
4.417500928912163e-07,441.7500928912163,441750.09289121634,0.627986164156911,0.372013835843089,-0.255972328313822,11253517.47192591,2.7916539530214507e-07
4.4188971049326794e-07,441.88971049326796,441889.7104932679,0.6287454276483687,0.3712545723516313,-0.25749085529673743,11253517.47192591,2.7916539530214507e-07
4.420293280953195e-07,442.0293280953195,442029.3280953195,0.629504373314389,0.370495626685611,-0.25900874662877804,11253517.47192591,2.7916539530214507e-07
4.421689456973711e-07,442.1689456973711,442168.9456973711,0.6302629992814127,0.3697370007185873,-0.26052599856282543,11253517.47192591,2.7916539530214507e-07
4.423085632994227e-07,442.3085632994227,442308.5632994227,0.6310213036766686,0.36897869632333136,-0.2620426073533373,11253517.47192591,2.7916539530214507e-07
4.4244818090147425e-07,442.44818090147425,442448.18090147426,0.6317792846281806,0.36822071537181944,-0.2635585692563611,11253517.47192591,2.7916539530214507e-07
4.4258779850352583e-07,442.58779850352585,442587.79850352585,0.6325369402647704,0.36746305973522964,-0.26507388052954073,11253517.47192591,2.7916539530214507e-07
4.4272741610557746e-07,442.72741610557745,442727.4161055775,0.6332942687160634,0.36670573128393663,-0.2665885374321268,11253517.47192591,2.7916539530214507e-07
4.4286703370762904e-07,442.86703370762905,442867.033707629,0.6340512681124915,0.36594873188750854,-0.2681025362249829,11253517.47192591,2.7916539530214507e-07
4.430066513096806e-07,443.0066513096806,443006.6513096806,0.6348079365853001,0.3651920634146999,-0.2696158731706002,11253517.47192591,2.7916539530214507e-07
4.431462689117322e-07,443.1462689117322,443146.2689117322,0.6355642722665511,0.3644357277334489,-0.2711285445331022,11253517.47192591,2.7916539530214507e-07
4.4328588651378377e-07,443.2858865137838,443285.8865137838,0.636320273289128,0.36367972671087206,-0.2726405465782559,11253517.47192591,2.7916539530214507e-07
4.4342550411583535e-07,443.42550411583534,443425.50411583536,0.6370759377867402,0.3629240622132598,-0.2741518755734804,11253517.47192591,2.7916539530214507e-07
4.43565121717887e-07,443.565121717887,443565.121717887,0.6378312638939287,0.36216873610607125,-0.2756625277878575,11253517.47192591,2.7916539530214507e-07
4.4370473931993855e-07,443.70473931993854,443704.7393199385,0.6385862497460684,0.36141375025393163,-0.27717249949213674,11253517.47192591,2.7916539530214507e-07
4.4384435692199013e-07,443.84435692199014,443844.3569219901,0.6393408934793752,0.36065910652062483,-0.27868178695875034,11253517.47192591,2.7916539530214507e-07
4.439839745240417e-07,443.9839745240417,443983.9745240417,0.6400951932309094,0.3599048067690906,-0.28019038646181876,11253517.47192591,2.7916539530214507e-07
4.441235921260933e-07,444.1235921260933,444123.5921260933,0.6408491471385805,0.35915085286141946,-0.2816982942771611,11253517.47192591,2.7916539530214507e-07
4.4426320972814486e-07,444.2632097281449,444263.20972814487,0.6416027533411521,0.35839724665884787,-0.28320550668230426,11253517.47192591,2.7916539530214507e-07
4.4440282733019644e-07,444.40282733019643,444402.82733019645,0.6423560099782449,0.35764399002175506,-0.28471201995648987,11253517.47192591,2.7916539530214507e-07
4.4454244493224807e-07,444.5424449322481,444542.4449322481,0.6431089151903437,0.3568910848096562,-0.28621783038068754,11253517.47192591,2.7916539530214507e-07
4.4468206253429965e-07,444.68206253429963,444682.0625342996,0.6438614671188012,0.3561385328811988,-0.2877229342376024,11253517.47192591,2.7916539530214507e-07
4.448216801363512e-07,444.82168013635123,444821.6801363512,0.6446136639058404,0.3553863360941596,-0.2892273278116808,11253517.47192591,2.7916539530214507e-07
4.449612977384028e-07,444.9612977384028,444961.2977384028,0.6453655036945627,0.35463449630543725,-0.29073100738912544,11253517.47192591,2.7916539530214507e-07
4.451009153404544e-07,445.1009153404544,445100.9153404544,0.6461169846289504,0.3538830153710496,-0.2922339692579008,11253517.47192591,2.7916539530214507e-07
4.4524053294250595e-07,445.240532942506,445240.53294250596,0.6468681048538714,0.35313189514612864,-0.2937362097077427,11253517.47192591,2.7916539530214507e-07
4.453801505445576e-07,445.3801505445576,445380.1505445576,0.6476188625150845,0.35238113748491545,-0.29523772503016904,11253517.47192591,2.7916539530214507e-07
4.4551976814660916e-07,445.5197681466092,445519.7681466092,0.6483692557592428,0.35163074424075724,-0.2967385115184855,11253517.47192591,2.7916539530214507e-07
4.4565938574866074e-07,445.6593857486607,445659.3857486607,0.6491192827338995,0.3508807172661005,-0.29823856546779903,11253517.47192591,2.7916539530214507e-07
4.457990033507123e-07,445.7990033507123,445799.0033507123,0.6498689415875121,0.35013105841248787,-0.2997378831750242,11253517.47192591,2.7916539530214507e-07
4.459386209527639e-07,445.93862095276387,445938.6209527639,0.6506182304694468,0.3493817695305532,-0.30123646093889356,11253517.47192591,2.7916539530214507e-07
4.4607823855481547e-07,446.07823855481547,446078.23855481547,0.6513671475299827,0.34863285247001724,-0.30273429505996546,11253517.47192591,2.7916539530214507e-07
4.4621785615686705e-07,446.2178561568671,446217.85615686706,0.652115690920318,0.34788430907968204,-0.3042313818406359,11253517.47192591,2.7916539530214507e-07
4.463574737589187e-07,446.3574737589187,446357.4737589187,0.6528638587925712,0.3471361412074288,-0.30572771758514244,11253517.47192591,2.7916539530214507e-07
4.4649709136097025e-07,446.4970913609703,446497.0913609702,0.6536116492997898,0.34638835070021023,-0.30722329859957953,11253517.47192591,2.7916539530214507e-07
4.4663670896302183e-07,446.6367089630218,446636.7089630218,0.6543590605959524,0.34564093940404766,-0.3087181211919047,11253517.47192591,2.7916539530214507e-07
4.467763265650734e-07,446.7763265650734,446776.3265650734,0.6551060908359727,0.34489390916402735,-0.31021218167194536,11253517.47192591,2.7916539530214507e-07
4.46915944167125e-07,446.91594416712496,446915.944167125,0.6558527381757063,0.34414726182429367,-0.31170547635141266,11253517.47192591,2.7916539530214507e-07
4.4705556176917656e-07,447.05556176917656,447055.56176917657,0.6565990007719538,0.34340099922804623,-0.31319800154390753,11253517.47192591,2.7916539530214507e-07
4.471951793712282e-07,447.1951793712282,447195.1793712282,0.6573448767824656,0.34265512321753444,-0.3146897535649311,11253517.47192591,2.7916539530214507e-07
4.4733479697327977e-07,447.33479697327977,447334.7969732798,0.6580903643659455,0.3419096356340545,-0.31618072873189096,11253517.47192591,2.7916539530214507e-07
4.4747441457533135e-07,447.47441457533137,447474.4145753313,0.6588354616820573,0.34116453831794263,-0.3176709233641147,11253517.47192591,2.7916539530214507e-07
4.476140321773829e-07,447.6140321773829,447614.0321773829,0.6595801668914281,0.3404198331085719,-0.3191603337828562,11253517.47192591,2.7916539530214507e-07
4.477536497794345e-07,447.7536497794345,447753.6497794345,0.6603244781556525,0.33967552184434746,-0.3206489563113051,11253517.47192591,2.7916539530214507e-07
4.478932673814861e-07,447.89326738148606,447893.2673814861,0.661068393637298,0.33893160636270203,-0.32213678727459594,11253517.47192591,2.7916539530214507e-07
4.480328849835377e-07,448.0328849835377,448032.8849835377,0.6618119114999093,0.33818808850009074,-0.3236238229998185,11253517.47192591,2.7916539530214507e-07
4.481725025855893e-07,448.1725025855893,448172.5025855893,0.6625550299080115,0.3374449700919885,-0.32511005981602303,11253517.47192591,2.7916539530214507e-07
4.4831212018764086e-07,448.31212018764086,448312.1201876409,0.6632977470271172,0.3367022529728828,-0.3265954940542344,11253517.47192591,2.7916539530214507e-07
4.4845173778969244e-07,448.45173778969246,448451.7377896924,0.664040061023729,0.33595993897627097,-0.32808012204745807,11253517.47192591,2.7916539530214507e-07
4.48591355391744e-07,448.591355391744,448591.355391744,0.6647819700653448,0.33521802993465516,-0.3295639401306896,11253517.47192591,2.7916539530214507e-07
4.487309729937956e-07,448.7309729937956,448730.9729937956,0.6655234723204627,0.3344765276795373,-0.33104694464092543,11253517.47192591,2.7916539530214507e-07
4.4887059059584717e-07,448.87059059584715,448870.59059584717,0.6662645659585834,0.3337354340414166,-0.3325291319171668,11253517.47192591,2.7916539530214507e-07
4.490102081978988e-07,449.0102081978988,449010.2081978988,0.667005249150218,0.33299475084978203,-0.33401049830043594,11253517.47192591,2.7916539530214507e-07
4.491498257999504e-07,449.1498257999504,449149.8257999504,0.6677455200668906,0.3322544799331094,-0.33549104013378117,11253517.47192591,2.7916539530214507e-07
4.4928944340200196e-07,449.28944340200195,449289.443402002,0.6684853768811417,0.33151462311885826,-0.33697075376228347,11253517.47192591,2.7916539530214507e-07
4.4942906100405353e-07,449.42906100405355,449429.0610040535,0.6692248177665356,0.3307751822334643,-0.33844963553307134,11253517.47192591,2.7916539530214507e-07
4.495686786061051e-07,449.5686786061051,449568.6786061051,0.6699638408976629,0.330036159102337,-0.3399276817953259,11253517.47192591,2.7916539530214507e-07
4.497082962081567e-07,449.7082962081567,449708.2962081567,0.6707024444501454,0.3292975555498546,-0.34140488890029075,11253517.47192591,2.7916539530214507e-07
4.498479138102083e-07,449.8479138102083,449847.9138102083,0.671440626600641,0.32855937339935903,-0.34288125320128193,11253517.47192591,2.7916539530214507e-07
4.499875314122599e-07,449.9875314122599,449987.5314122599,0.6721783855268467,0.3278216144731533,-0.34435677105369344,11253517.47192591,2.7916539530214507e-07
4.5012714901431147e-07,450.1271490143115,450127.1490143115,0.6729157194075058,0.32708428059249417,-0.34583143881501166,11253517.47192591,2.7916539530214507e-07
4.5026676661636305e-07,450.26676661636304,450266.766616363,0.6736526264224101,0.32634737357758986,-0.3473052528448202,11253517.47192591,2.7916539530214507e-07
4.504063842184146e-07,450.40638421841464,450406.3842184146,0.6743891047524054,0.32561089524759457,-0.34877820950481087,11253517.47192591,2.7916539530214507e-07
4.505460018204662e-07,450.5460018204662,450546.0018204662,0.6751251525793958,0.32487484742060424,-0.3502503051587915,11253517.47192591,2.7916539530214507e-07
4.5068561942251783e-07,450.68561942251785,450685.61942251783,0.6758607680863482,0.3241392319136518,-0.3517215361726964,11253517.47192591,2.7916539530214507e-07
4.508252370245694e-07,450.8252370245694,450825.2370245694,0.676595949457296,0.32340405054270405,-0.3531918989145919,11253517.47192591,2.7916539530214507e-07
4.50964854626621e-07,450.964854626621,450964.854626621,0.6773306948773451,0.3226693051226549,-0.3546613897546902,11253517.47192591,2.7916539530214507e-07
4.5110447222867256e-07,451.1044722286726,451104.4722286726,0.6780650025326777,0.32193499746732235,-0.3561300050653553,11253517.47192591,2.7916539530214507e-07
4.5124408983072414e-07,451.24408983072414,451244.0898307241,0.6787988706105565,0.3212011293894434,-0.35759774122111315,11253517.47192591,2.7916539530214507e-07
4.513837074327757e-07,451.38370743277574,451383.7074327757,0.6795322972993288,0.32046770270067115,-0.3590645945986577,11253517.47192591,2.7916539530214507e-07
4.515233250348273e-07,451.5233250348273,451523.3250348273,0.6802652807884322,0.3197347192115678,-0.36053056157686436,11253517.47192591,2.7916539530214507e-07
4.516629426368789e-07,451.66294263687894,451662.9426368789,0.6809978192683985,0.31900218073160147,-0.36199563853679706,11253517.47192591,2.7916539530214507e-07
4.518025602389305e-07,451.8025602389305,451802.5602389305,0.681729910930857,0.31827008906914295,-0.36345982186171405,11253517.47192591,2.7916539530214507e-07
4.519421778409821e-07,451.9421778409821,451942.1778409821,0.6824615539685414,0.31753844603145864,-0.3649231079370827,11253517.47192591,2.7916539530214507e-07
4.5208179544303366e-07,452.0817954430337,452081.7954430337,0.6831927465752918,0.3168072534247081,-0.3663854931505837,11253517.47192591,2.7916539530214507e-07
4.5222141304508523e-07,452.2214130450852,452221.4130450852,0.6839234869460613,0.31607651305393875,-0.36784697389212256,11253517.47192591,2.7916539530214507e-07
4.523610306471368e-07,452.36103064713683,452361.0306471368,0.6846537732769183,0.31534622672308166,-0.3693075465538367,11253517.47192591,2.7916539530214507e-07
4.5250064824918844e-07,452.50064824918843,452500.64824918844,0.6853836037650534,0.31461639623494664,-0.3707672075301067,11253517.47192591,2.7916539530214507e-07
4.5264026585124e-07,452.64026585124003,452640.26585124,0.6861129766087806,0.3138870233912195,-0.3722259532175611,11253517.47192591,2.7916539530214507e-07
4.527798834532916e-07,452.7798834532916,452779.8834532916,0.6868418900075451,0.31315810999245486,-0.3736837800150903,11253517.47192591,2.7916539530214507e-07
4.5291950105534317e-07,452.9195010553432,452919.5010553432,0.6875703421619263,0.31242965783807375,-0.3751406843238525,11253517.47192591,2.7916539530214507e-07
4.5305911865739475e-07,453.0591186573948,453059.1186573948,0.6882983312736416,0.3117016687263584,-0.3765966625472832,11253517.47192591,2.7916539530214507e-07
4.5319873625944633e-07,453.1987362594463,453198.7362594463,0.6890258555455518,0.31097414445444815,-0.3780517110911037,11253517.47192591,2.7916539530214507e-07
4.5333835386149796e-07,453.338353861498,453338.35386149795,0.6897529131816658,0.31024708681833424,-0.3795058263633315,11253517.47192591,2.7916539530214507e-07
4.5347797146354953e-07,453.4779714635495,453477.97146354953,0.6904795023871428,0.30952049761285716,-0.3809590047742857,11253517.47192591,2.7916539530214507e-07
4.536175890656011e-07,453.6175890656011,453617.5890656011,0.6912056213683,0.3087943786317,-0.3824112427366,11253517.47192591,2.7916539530214507e-07
4.537572066676527e-07,453.75720666765267,453757.2066676527,0.6919312683326152,0.3080687316673848,-0.3838625366652304,11253517.47192591,2.7916539530214507e-07
4.5389682426970427e-07,453.89682426970427,453896.8242697043,0.6926564414887303,0.3073435585112697,-0.3853128829774606,11253517.47192591,2.7916539530214507e-07
4.5403644187175584e-07,454.03644187175587,454036.4418717558,0.6933811390464579,0.30661886095354207,-0.38676227809291586,11253517.47192591,2.7916539530214507e-07
4.541760594738074e-07,454.1760594738074,454176.0594738074,0.6941053592167846,0.3058946407832154,-0.38821071843356925,11253517.47192591,2.7916539530214507e-07
4.5431567707585905e-07,454.31567707585907,454315.67707585904,0.6948291002118757,0.3051708997881243,-0.38965820042375143,11253517.47192591,2.7916539530214507e-07
4.544552946779106e-07,454.4552946779106,454455.2946779106,0.6955523602450782,0.30444763975492184,-0.3911047204901563,11253517.47192591,2.7916539530214507e-07
4.545949122799622e-07,454.5949122799622,454594.9122799622,0.6962751375309275,0.30372486246907243,-0.3925502750618551,11253517.47192591,2.7916539530214507e-07
4.547345298820138e-07,454.73452988201376,454734.5298820138,0.6969974302851507,0.30300256971484923,-0.3939948605703015,11253517.47192591,2.7916539530214507e-07
4.5487414748406536e-07,454.87414748406536,454874.1474840654,0.6977192367246707,0.30228076327532927,-0.39543847344934147,11253517.47192591,2.7916539530214507e-07
4.5501376508611693e-07,455.01376508611696,455013.7650861169,0.698440555067611,0.30155944493238895,-0.3968811101352221,11253517.47192591,2.7916539530214507e-07
4.5515338268816856e-07,455.15338268816856,455153.38268816855,0.6991613835333006,0.3008386164666994,-0.3983227670666012,11253517.47192591,2.7916539530214507e-07
4.5529300029022014e-07,455.29300029022016,455293.00029022014,0.6998817203422762,0.3001182796577237,-0.39976344068455255,11253517.47192591,2.7916539530214507e-07
4.554326178922717e-07,455.4326178922717,455432.6178922717,0.7006015637162901,0.2993984362837098,-0.4012031274325803,11253517.47192591,2.7916539530214507e-07
4.555722354943233e-07,455.5722354943233,455572.2354943233,0.7013209118783117,0.29867908812168825,-0.40264182375662344,11253517.47192591,2.7916539530214507e-07
4.5571185309637487e-07,455.71185309637485,455711.8530963749,0.7020397630525332,0.29796023694746676,-0.4040795261050665,11253517.47192591,2.7916539530214507e-07
4.5585147069842645e-07,455.85147069842645,455851.4706984265,0.7027581154643741,0.297241884535626,-0.40551623092874806,11253517.47192591,2.7916539530214507e-07
4.559910883004781e-07,455.99108830047805,455991.08830047806,0.7034759673404835,0.29652403265951655,-0.4069519346809669,11253517.47192591,2.7916539530214507e-07
4.5613070590252966e-07,456.13070590252966,456130.70590252965,0.7041933169087484,0.2958066830912515,-0.4083866338174969,11253517.47192591,2.7916539530214507e-07
4.5627032350458123e-07,456.27032350458126,456270.32350458123,0.7049101623982941,0.295089837601706,-0.4098203247965881,11253517.47192591,2.7916539530214507e-07
4.564099411066328e-07,456.4099411066328,456409.9411066328,0.7056265020394908,0.29437349796050916,-0.4112530040789817,11253517.47192591,2.7916539530214507e-07
4.565495587086844e-07,456.5495587086844,456549.5587086844,0.7063423340639581,0.2936576659360419,-0.41268466812791615,11253517.47192591,2.7916539530214507e-07
4.5668917631073597e-07,456.68917631073595,456689.176310736,0.7070576567045678,0.29294234329543223,-0.41411531340913554,11253517.47192591,2.7916539530214507e-07
4.5682879391278754e-07,456.82879391278755,456828.7939127875,0.7077724681954498,0.29222753180455024,-0.41554493639089957,11253517.47192591,2.7916539530214507e-07
4.5696841151483917e-07,456.96841151483915,456968.41151483916,0.7084867667719958,0.29151323322800415,-0.4169735335439917,11253517.47192591,2.7916539530214507e-07
4.5710802911689075e-07,457.10802911689075,457108.02911689074,0.709200550670863,0.29079944932913704,-0.4184011013417259,11253517.47192591,2.7916539530214507e-07
4.5724764671894233e-07,457.24764671894235,457247.6467189423,0.7099138181299798,0.2900861818700203,-0.4198276362599595,11253517.47192591,2.7916539530214507e-07
4.573872643209939e-07,457.3872643209939,457387.2643209939,0.7106265673885493,0.28937343261145065,-0.4212531347770987,11253517.47192591,2.7916539530214507e-07
4.575268819230455e-07,457.5268819230455,457526.8819230455,0.7113387966870542,0.28866120331294576,-0.4226775933741085,11253517.47192591,2.7916539530214507e-07
4.5766649952509706e-07,457.66649952509704,457666.4995250971,0.7120505042672605,0.2879494957327396,-0.4241010085345209,11253517.47192591,2.7916539530214507e-07
4.578061171271487e-07,457.8061171271487,457806.11712714867,0.7127616883722222,0.2872383116277778,-0.4255233767444444,11253517.47192591,2.7916539530214507e-07
4.5794573472920027e-07,457.94573472920024,457945.73472920025,0.7134723472462849,0.2865276527537151,-0.42694469449256983,11253517.47192591,2.7916539530214507e-07
4.5808535233125184e-07,458.08535233125184,458085.35233125184,0.7141824791350918,0.2858175208649082,-0.4283649582701836,11253517.47192591,2.7916539530214507e-07
4.582249699333034e-07,458.22496993330344,458224.9699333034,0.7148920822855871,0.2851079177144129,-0.4297841645711742,11253517.47192591,2.7916539530214507e-07
4.58364587535355e-07,458.364587535355,458364.587535355,0.7156011549460188,0.28439884505398116,-0.43120230989203767,11253517.47192591,2.7916539530214507e-07
4.585042051374066e-07,458.5042051374066,458504.2051374066,0.7163096953659461,0.28369030463405387,-0.43261939073189226,11253517.47192591,2.7916539530214507e-07
4.5864382273945815e-07,458.64382273945813,458643.8227394582,0.7170177017962415,0.28298229820375853,-0.43403540359248294,11253517.47192591,2.7916539530214507e-07
4.587834403415098e-07,458.7834403415098,458783.44034150976,0.7177251724890958,0.2822748275109041,-0.43545034497819174,11253517.47192591,2.7916539530214507e-07
4.5892305794356136e-07,458.92305794356133,458923.05794356135,0.718432105698022,0.28156789430197804,-0.4368642113960439,11253517.47192591,2.7916539530214507e-07
4.5906267554561294e-07,459.06267554561293,459062.67554561293,0.71913849967786,0.28086150032213997,-0.43827699935572006,11253517.47192591,2.7916539530214507e-07
4.592022931476645e-07,459.20229314766453,459202.2931476645,0.7198443526847815,0.28015564731521847,-0.43968870536956306,11253517.47192591,2.7916539530214507e-07
4.593419107497161e-07,459.3419107497161,459341.9107497161,0.7205496629762932,0.2794503370237068,-0.4410993259525864,11253517.47192591,2.7916539530214507e-07
4.5948152835176767e-07,459.4815283517677,459481.5283517677,0.7212544288112414,0.27874557118875865,-0.4425088576224827,11253517.47192591,2.7916539530214507e-07
4.596211459538193e-07,459.6211459538193,459621.1459538193,0.7219586484498172,0.27804135155018284,-0.44391729689963433,11253517.47192591,2.7916539530214507e-07
4.597607635558709e-07,459.7607635558709,459760.76355587086,0.7226623201535586,0.2773376798464414,-0.44532464030711716,11253517.47192591,2.7916539530214507e-07
4.5990038115792245e-07,459.9003811579224,459900.38115792244,0.7233654421853577,0.2766345578146423,-0.4467308843707154,11253517.47192591,2.7916539530214507e-07
4.6003999875997403e-07,460.039998759974,460039.998759974,0.724068012809463,0.27593198719053696,-0.448136025618926,11253517.47192591,2.7916539530214507e-07
4.601796163620256e-07,460.1796163620256,460179.6163620256,0.7247700302914843,0.2752299697085157,-0.44954006058296864,11253517.47192591,2.7916539530214507e-07
4.603192339640772e-07,460.31923396407717,460319.2339640772,0.7254714928983971,0.2745285071016029,-0.45094298579679415,11253517.47192591,2.7916539530214507e-07
4.604588515661288e-07,460.4588515661288,460458.85156612884,0.7261723988985457,0.2738276011014543,-0.45234479779709136,11253517.47192591,2.7916539530214507e-07
4.605984691681804e-07,460.5984691681804,460598.46916818037,0.7268727465616496,0.2731272534383504,-0.45374549312329915,11253517.47192591,2.7916539530214507e-07
4.6073808677023197e-07,460.738086770232,460738.08677023195,0.7275725341588066,0.27242746584119343,-0.4551450683176132,11253517.47192591,2.7916539530214507e-07
4.6087770437228354e-07,460.8777043722835,460877.70437228354,0.7282717599624959,0.2717282400375041,-0.4565435199249918,11253517.47192591,2.7916539530214507e-07
4.610173219743351e-07,461.0173219743351,461017.3219743351,0.7289704222465847,0.27102957775341524,-0.45794084449316946,11253517.47192591,2.7916539530214507e-07
4.611569395763867e-07,461.1569395763867,461156.9395763867,0.7296685192863313,0.27033148071366875,-0.4593370385726625,11253517.47192591,2.7916539530214507e-07
4.612965571784383e-07,461.29655717843826,461296.5571784383,0.7303660493583888,0.2696339506416112,-0.46073209871677756,11253517.47192591,2.7916539530214507e-07
4.614361747804899e-07,461.4361747804899,461436.1747804899,0.7310630107408107,0.26893698925918935,-0.46212602148162135,11253517.47192591,2.7916539530214507e-07
4.615757923825415e-07,461.57579238254147,461575.79238254146,0.7317594017130531,0.26824059828694696,-0.46351880342610613,11253517.47192591,2.7916539530214507e-07
4.6171540998459306e-07,461.71540998459307,461715.40998459305,0.7324552205559814,0.26754477944401855,-0.4649104411119629,11253517.47192591,2.7916539530214507e-07
4.6185502758664464e-07,461.8550275866446,461855.02758664463,0.7331504655518731,0.26684953444812687,-0.46630093110374626,11253517.47192591,2.7916539530214507e-07
4.619946451886962e-07,461.9946451886962,461994.6451886962,0.7338451349844223,0.2661548650155777,-0.46769026996884455,11253517.47192591,2.7916539530214507e-07
4.621342627907478e-07,462.1342627907478,462134.2627907478,0.7345392271387438,0.26546077286125624,-0.4690784542774875,11253517.47192591,2.7916539530214507e-07
4.622738803927994e-07,462.2738803927994,462273.88039279944,0.7352327403013779,0.26476725969862214,-0.4704654806027557,11253517.47192591,2.7916539530214507e-07
4.62413497994851e-07,462.413497994851,462413.497994851,0.7359256727602932,0.26407432723970675,-0.47185134552058644,11253517.47192591,2.7916539530214507e-07
4.625531155969026e-07,462.55311559690256,462553.11559690256,0.7366180228048931,0.2633819771951069,-0.47323604560978616,11253517.47192591,2.7916539530214507e-07
4.6269273319895415e-07,462.69273319895416,462692.73319895414,0.7373097887260179,0.26269021127398207,-0.47461957745203587,11253517.47192591,2.7916539530214507e-07
4.6283235080100573e-07,462.8323508010057,462832.3508010057,0.7380009688159508,0.26199903118404916,-0.47600193763190163,11253517.47192591,2.7916539530214507e-07
4.629719684030573e-07,462.9719684030573,462971.9684030573,0.7386915613684198,0.26130843863158015,-0.4773831227368397,11253517.47192591,2.7916539530214507e-07
4.6311158600510894e-07,463.11158600510896,463111.58600510895,0.7393815646786046,0.26061843532139545,-0.47876312935720916,11253517.47192591,2.7916539530214507e-07
4.632512036071605e-07,463.2512036071605,463251.20360716054,0.7400709770431392,0.2599290229568608,-0.48014195408627836,11253517.47192591,2.7916539530214507e-07
4.633908212092121e-07,463.3908212092121,463390.82120921207,0.7407597967601156,0.2592402032398844,-0.4815195935202312,11253517.47192591,2.7916539530214507e-07
4.6353043881126367e-07,463.53043881126365,463530.43881126365,0.74144802212909,0.25855197787091,-0.48289604425818,11253517.47192591,2.7916539530214507e-07
4.6367005641331525e-07,463.67005641331525,463670.05641331524,0.7421356514510853,0.2578643485489147,-0.4842713029021706,11253517.47192591,2.7916539530214507e-07
4.638096740153668e-07,463.8096740153668,463809.6740153668,0.7428226830285958,0.2571773169714042,-0.48564536605719155,11253517.47192591,2.7916539530214507e-07
4.639492916174184e-07,463.9492916174184,463949.2916174184,0.7435091151655915,0.2564908848344086,-0.4870182303311829,11253517.47192591,2.7916539530214507e-07
4.6408890921947003e-07,464.08890921947005,464088.90921947005,0.7441949461675224,0.2558050538324776,-0.48838989233504476,11253517.47192591,2.7916539530214507e-07
4.642285268215216e-07,464.2285268215216,464228.52682152163,0.7448801743413217,0.2551198256586783,-0.4897603486826434,11253517.47192591,2.7916539530214507e-07
4.643681444235732e-07,464.3681444235732,464368.14442357316,0.7455647979954116,0.25443520200458836,-0.4911295959908233,11253517.47192591,2.7916539530214507e-07
4.6450776202562476e-07,464.50776202562474,464507.76202562475,0.7462488154397064,0.2537511845602935,-0.49249763087941295,11253517.47192591,2.7916539530214507e-07
4.6464737962767634e-07,464.64737962767634,464647.37962767633,0.746932224985617,0.25306777501438305,-0.4938644499712339,11253517.47192591,2.7916539530214507e-07
4.647869972297279e-07,464.7869972297279,464786.9972297279,0.7476150249460545,0.2523849750539455,-0.49523004989210895,11253517.47192591,2.7916539530214507e-07
4.6492661483177955e-07,464.92661483177955,464926.61483177956,0.7482972136354358,0.2517027863645642,-0.49659442727087155,11253517.47192591,2.7916539530214507e-07
4.650662324338311e-07,465.06623243383115,465066.23243383114,0.7489787893696853,0.25102121063031463,-0.4979575787393707,11253517.47192591,2.7916539530214507e-07
4.652058500358827e-07,465.2058500358827,465205.8500358827,0.7496597504662421,0.25034024953375794,-0.4993195009324842,11253517.47192591,2.7916539530214507e-07
4.653454676379343e-07,465.3454676379343,465345.46763793426,0.750340095244062,0.24965990475593802,-0.500680190488124,11253517.47192591,2.7916539530214507e-07
4.6548508523998585e-07,465.48508523998584,465485.08523998584,0.7510198220236217,0.24898017797637834,-0.5020396440472434,11253517.47192591,2.7916539530214507e-07
4.6562470284203743e-07,465.62470284203744,465624.7028420374,0.7516989291269243,0.24830107087307568,-0.5033978582538485,11253517.47192591,2.7916539530214507e-07
4.6576432044408906e-07,465.76432044408904,465764.32044408907,0.7523774148775029,0.24762258512249707,-0.5047548297550057,11253517.47192591,2.7916539530214507e-07
4.6590393804614064e-07,465.90393804614064,465903.93804614065,0.7530552776004231,0.24694472239957682,-0.5061105552008462,11253517.47192591,2.7916539530214507e-07
4.660435556481922e-07,466.04355564819224,466043.55564819224,0.75373251562229,0.24626748437770996,-0.5074650312445801,11253517.47192591,2.7916539530214507e-07
4.661831732502438e-07,466.1831732502438,466183.17325024377,0.7544091272712502,0.2455908727287498,-0.5088182545425004,11253517.47192591,2.7916539530214507e-07
4.6632279085229537e-07,466.3227908522954,466322.79085229535,0.7550851108769965,0.24491488912300347,-0.510170221753993,11253517.47192591,2.7916539530214507e-07
4.6646240845434695e-07,466.4624084543469,466462.40845434694,0.7557604647707725,0.24423953522922748,-0.511520929541545,11253517.47192591,2.7916539530214507e-07
4.666020260563985e-07,466.60202605639853,466602.0260563985,0.7564351872853761,0.243564812714624,-0.5128703745707521,11253517.47192591,2.7916539530214507e-07
4.6674164365845015e-07,466.74164365845013,466741.64365845016,0.7571092767551639,0.24289072324483607,-0.5142185535103279,11253517.47192591,2.7916539530214507e-07
4.6688126126050173e-07,466.88126126050173,466881.26126050175,0.7577827315160549,0.2422172684839451,-0.5155654630321098,11253517.47192591,2.7916539530214507e-07
4.670208788625533e-07,467.02087886255333,467020.87886255333,0.7584555499055354,0.24154445009446462,-0.5169110998110709,11253517.47192591,2.7916539530214507e-07
4.671604964646049e-07,467.1604964646049,467160.49646460486,0.7591277302626624,0.2408722697373375,-0.5182554605253249,11253517.47192591,2.7916539530214507e-07
4.6730011406665646e-07,467.3001140666565,467300.11406665645,0.759799270928069,0.24020072907193107,-0.519598541856138,11253517.47192591,2.7916539530214507e-07
4.6743973166870804e-07,467.439731668708,467439.73166870803,0.7604701702439652,0.23952982975603476,-0.5209403404879305,11253517.47192591,2.7916539530214507e-07
4.6757934927075967e-07,467.5793492707597,467579.3492707597,0.7611404265541464,0.23885957344585357,-0.5222808531082928,11253517.47192591,2.7916539530214507e-07
4.6771896687281125e-07,467.7189668728112,467718.96687281126,0.761810038203995,0.2381899617960051,-0.5236200764079899,11253517.47192591,2.7916539530214507e-07
4.678585844748628e-07,467.8585844748628,467858.58447486284,0.7624790035404833,0.23752099645951674,-0.5249580070809665,11253517.47192591,2.7916539530214507e-07
4.679982020769144e-07,467.9982020769144,467998.20207691443,0.7631473209121808,0.2368526790878192,-0.5262946418243617,11253517.47192591,2.7916539530214507e-07
4.68137819678966e-07,468.13781967896597,468137.81967896596,0.763814988669256,0.23618501133074393,-0.527629977338512,11253517.47192591,2.7916539530214507e-07
4.6827743728101756e-07,468.27743728101757,468277.43728101754,0.7644820051634812,0.2355179948365188,-0.5289640103269624,11253517.47192591,2.7916539530214507e-07
4.6841705488306913e-07,468.4170548830691,468417.0548830691,0.7651483687482361,0.2348516312517639,-0.5302967374964722,11253517.47192591,2.7916539530214507e-07
4.6855667248512076e-07,468.55667248512077,468556.67248512077,0.765814077778513,0.2341859222214871,-0.5316281555570259,11253517.47192591,2.7916539530214507e-07
4.6869629008717234e-07,468.6962900871723,468696.29008717235,0.7664791306109183,0.23352086938908168,-0.5329582612218366,11253517.47192591,2.7916539530214507e-07
4.688359076892239e-07,468.8359076892239,468835.90768922394,0.7671435256036803,0.2328564743963198,-0.5342870512073605,11253517.47192591,2.7916539530214507e-07
4.689755252912755e-07,468.9755252912755,468975.52529127547,0.76780726111665,0.23219273888334996,-0.5356145222333,11253517.47192591,2.7916539530214507e-07
4.6911514289332707e-07,469.11514289332706,469115.14289332705,0.7684703355113072,0.23152966448869278,-0.5369406710226143,11253517.47192591,2.7916539530214507e-07
4.6925476049537865e-07,469.25476049537866,469254.76049537864,0.7691327471507633,0.2308672528492367,-0.5382654943015266,11253517.47192591,2.7916539530214507e-07
4.693943780974303e-07,469.39437809743026,469394.3780974303,0.7697944943997661,0.23020550560023384,-0.5395889887995322,11253517.47192591,2.7916539530214507e-07
4.6953399569948186e-07,469.53399569948186,469533.99569948186,0.7704555756247029,0.2295444243752971,-0.5409111512494058,11253517.47192591,2.7916539530214507e-07
4.6967361330153343e-07,469.6736133015334,469673.61330153345,0.7711159891936057,0.22888401080639426,-0.5422319783872114,11253517.47192591,2.7916539530214507e-07
4.69813230903585e-07,469.813230903585,469813.23090358503,0.7717757334761552,0.2282242665238448,-0.5435514669523105,11253517.47192591,2.7916539530214507e-07
4.699528485056366e-07,469.9528485056366,469952.84850563656,0.7724348068436828,0.22756519315631718,-0.5448696136873656,11253517.47192591,2.7916539530214507e-07
4.7009246610768816e-07,470.09246610768815,470092.46610768815,0.7730932076691777,0.2269067923308224,-0.5461864153383553,11253517.47192591,2.7916539530214507e-07
4.702320837097398e-07,470.2320837097398,470232.0837097398,0.7737509343272888,0.22624906567271125,-0.5475018686545776,11253517.47192591,2.7916539530214507e-07
4.7037170131179137e-07,470.37170131179136,470371.7013117914,0.7744079851943286,0.22559201480567137,-0.5488159703886573,11253517.47192591,2.7916539530214507e-07
4.7051131891384295e-07,470.51131891384296,470511.31891384296,0.775064358648279,0.224935641351721,-0.5501287172965581,11253517.47192591,2.7916539530214507e-07
4.706509365158945e-07,470.6509365158945,470650.93651589454,0.7757200530687935,0.22427994693120645,-0.5514401061375871,11253517.47192591,2.7916539530214507e-07
4.707905541179461e-07,470.7905541179461,470790.5541179461,0.7763750668372023,0.2236249331627978,-0.5527501336744045,11253517.47192591,2.7916539530214507e-07
4.709301717199977e-07,470.9301717199977,470930.17171999766,0.7770293983365153,0.22297060166348476,-0.5540587966730306,11253517.47192591,2.7916539530214507e-07
4.7106978932204926e-07,471.06978932204925,471069.78932204924,0.7776830459514272,0.22231695404857282,-0.5553660919028545,11253517.47192591,2.7916539530214507e-07
4.712094069241009e-07,471.2094069241009,471209.4069241009,0.7783360080683212,0.22166399193167885,-0.5566720161366423,11253517.47192591,2.7916539530214507e-07
4.7134902452615246e-07,471.34902452615245,471349.02452615247,0.7789882830752715,0.22101171692472854,-0.5579765661505429,11253517.47192591,2.7916539530214507e-07
4.7148864212820404e-07,471.48864212820405,471488.64212820405,0.7796398693620497,0.2203601306379503,-0.5592797387240993,11253517.47192591,2.7916539530214507e-07
4.716282597302556e-07,471.6282597302556,471628.25973025564,0.7802907653201274,0.21970923467987263,-0.5605815306402548,11253517.47192591,2.7916539530214507e-07
4.717678773323072e-07,471.7678773323072,471767.8773323072,0.7809409693426801,0.21905903065731996,-0.5618819386853602,11253517.47192591,2.7916539530214507e-07
4.7190749493435877e-07,471.9074949343588,471907.49493435875,0.7815904798245918,0.21840952017540816,-0.5631809596491837,11253517.47192591,2.7916539530214507e-07
4.720471125364104e-07,472.0471125364104,472047.1125364104,0.7822392951624579,0.21776070483754212,-0.5644785903249159,11253517.47192591,2.7916539530214507e-07
4.72186730138462e-07,472.186730138462,472186.730138462,0.7828874137545905,0.21711258624540958,-0.565774827509181,11253517.47192591,2.7916539530214507e-07
4.7232634774051356e-07,472.32634774051354,472326.34774051356,0.7835348340010218,0.2164651659989782,-0.5670696680020435,11253517.47192591,2.7916539530214507e-07
4.7246596534256513e-07,472.46596534256514,472465.96534256515,0.7841815543035071,0.2158184456964929,-0.5683631086070142,11253517.47192591,2.7916539530214507e-07
4.726055829446167e-07,472.6055829446167,472605.58294461673,0.7848275730655305,0.21517242693446953,-0.569655146131061,11253517.47192591,2.7916539530214507e-07
4.727452005466683e-07,472.7452005466683,472745.20054666826,0.7854728886923077,0.21452711130769236,-0.5709457773846154,11253517.47192591,2.7916539530214507e-07
4.728848181487199e-07,472.88481814871994,472884.8181487199,0.7861174995907902,0.2138825004092097,-0.5722349991815805,11253517.47192591,2.7916539530214507e-07
4.730244357507715e-07,473.0244357507715,473024.4357507715,0.7867614041696689,0.21323859583033117,-0.5735228083393378,11253517.47192591,2.7916539530214507e-07
4.7316405335282307e-07,473.1640533528231,473164.0533528231,0.7874046008393785,0.21259539916062153,-0.5748092016787569,11253517.47192591,2.7916539530214507e-07
4.7330367095487465e-07,473.30367095487463,473303.67095487466,0.7880470880121014,0.21195291198789856,-0.5760941760242029,11253517.47192591,2.7916539530214507e-07
4.734432885569262e-07,473.44328855692623,473443.28855692624,0.7886888641017717,0.2113111358982283,-0.5773777282035435,11253517.47192591,2.7916539530214507e-07
4.735829061589778e-07,473.5829061589778,473582.9061589778,0.7893299275240784,0.21067007247592157,-0.5786598550481568,11253517.47192591,2.7916539530214507e-07
4.737225237610294e-07,473.7225237610294,473722.52376102936,0.7899702766964702,0.21002972330352981,-0.5799405533929405,11253517.47192591,2.7916539530214507e-07
4.73862141363081e-07,473.86214136308104,473862.141363081,0.7906099100381592,0.2093900899618409,-0.5812198200763183,11253517.47192591,2.7916539530214507e-07
4.740017589651326e-07,474.0017589651326,474001.7589651326,0.7912488259701234,0.20875117402987664,-0.5824976519402467,11253517.47192591,2.7916539530214507e-07
4.7414137656718416e-07,474.1413765671842,474141.37656718417,0.7918870229151133,0.20811297708488674,-0.5837740458302265,11253517.47192591,2.7916539530214507e-07
4.7428099416923574e-07,474.2809941692357,474280.99416923575,0.7925244992976537,0.20747550070234633,-0.5850489985953073,11253517.47192591,2.7916539530214507e-07
4.744206117712873e-07,474.4206117712873,474420.61177128734,0.7931612535440485,0.20683874645595146,-0.5863225070880971,11253517.47192591,2.7916539530214507e-07
4.745602293733389e-07,474.56022937333887,474560.2293733389,0.7937972840823835,0.20620271591761652,-0.587594568164767,11253517.47192591,2.7916539530214507e-07
4.746998469753905e-07,474.6998469753905,474699.8469753905,0.7944325893425318,0.2055674106574682,-0.5888651786850636,11253517.47192591,2.7916539530214507e-07
4.748394645774421e-07,474.83946457744213,474839.4645774421,0.7950671677561572,0.2049328322438428,-0.5901343355123143,11253517.47192591,2.7916539530214507e-07
4.749790821794937e-07,474.9790821794937,474979.0821794937,0.7957010177567166,0.20429898224328336,-0.5914020355134333,11253517.47192591,2.7916539530214507e-07
4.7511869978154526e-07,475.1186997815453,475118.69978154526,0.7963341377794664,0.20366586222053368,-0.5926682755589328,11253517.47192591,2.7916539530214507e-07
4.7525831738359683e-07,475.2583173835968,475258.31738359685,0.7969665262614641,0.20303347373853586,-0.5939330525229283,11253517.47192591,2.7916539530214507e-07
4.753979349856484e-07,475.3979349856484,475397.93498564843,0.7975981816415739,0.20240181835842608,-0.5951963632831478,11253517.47192591,2.7916539530214507e-07
4.7553755258770004e-07,475.5375525877,475537.5525877,0.7982291023604697,0.20177089763953032,-0.5964582047209395,11253517.47192591,2.7916539530214507e-07
4.756771701897516e-07,475.6771701897516,475677.1701897516,0.7988592868606377,0.20114071313936227,-0.5977185737212753,11253517.47192591,2.7916539530214507e-07
4.758167877918032e-07,475.8167877918032,475816.7877918032,0.7994887335863832,0.20051126641361677,-0.5989774671727663,11253517.47192591,2.7916539530214507e-07
4.7595640539385477e-07,475.95640539385477,475956.4053938548,0.800117440983832,0.19988255901616803,-0.600234881967664,11253517.47192591,2.7916539530214507e-07
4.7609602299590635e-07,476.09602299590637,476096.02299590636,0.800745407500935,0.1992545924990649,-0.6014908150018701,11253517.47192591,2.7916539530214507e-07
4.7623564059795793e-07,476.2356405979579,476235.64059795794,0.8013726315874727,0.19862736841252732,-0.6027452631749455,11253517.47192591,2.7916539530214507e-07
4.763752582000095e-07,476.3752582000095,476375.2582000095,0.8019991116950574,0.19800088830494256,-0.6039982233901149,11253517.47192591,2.7916539530214507e-07
4.7651487580206113e-07,476.5148758020611,476514.8758020611,0.8026248462771393,0.1973751537228608,-0.6052496925542785,11253517.47192591,2.7916539530214507e-07
4.766544934041127e-07,476.6544934041127,476654.4934041127,0.8032498337890072,0.19675016621099284,-0.6064996675780143,11253517.47192591,2.7916539530214507e-07
4.767941110061643e-07,476.7941110061643,476794.1110061643,0.8038740726877958,0.19612592731220424,-0.6077481453755915,11253517.47192591,2.7916539530214507e-07
4.769337286082159e-07,476.9337286082159,476933.7286082159,0.8044975614324874,0.19550243856751254,-0.6089951228649748,11253517.47192591,2.7916539530214507e-07
4.770733462102675e-07,477.0733462102675,477073.3462102675,0.8051202984839156,0.19487970151608436,-0.6102405969678313,11253517.47192591,2.7916539530214507e-07
4.772129638123191e-07,477.21296381231906,477212.9638123191,0.8057422823047706,0.19425771769522937,-0.6114845646095413,11253517.47192591,2.7916539530214507e-07
4.773525814143707e-07,477.35258141437066,477352.5814143706,0.8063635113596008,0.19363648864039912,-0.6127270227192017,11253517.47192591,2.7916539530214507e-07
4.774921990164222e-07,477.4921990164222,477492.1990164222,0.8069839841148191,0.1930160158851809,-0.6139679682296382,11253517.47192591,2.7916539530214507e-07
4.776318166184738e-07,477.6318166184738,477631.8166184738,0.8076036990387045,0.1923963009612954,-0.6152073980774091,11253517.47192591,2.7916539530214507e-07
4.777714342205254e-07,477.7714342205254,477771.4342205254,0.8082226546014077,0.1917773453985923,-0.6164453092028155,11253517.47192591,2.7916539530214507e-07
4.77911051822577e-07,477.91105182257695,477911.05182257696,0.8088408492749531,0.19115915072504686,-0.6176816985499063,11253517.47192591,2.7916539530214507e-07
4.780506694246285e-07,478.05066942462855,478050.66942462855,0.8094582815332441,0.19054171846675594,-0.6189165630664881,11253517.47192591,2.7916539530214507e-07
4.781902870266801e-07,478.1902870266801,478190.28702668013,0.8100749498520656,0.18992505014793432,-0.6201498997041313,11253517.47192591,2.7916539530214507e-07
4.783299046287317e-07,478.3299046287317,478329.9046287317,0.8106908527090892,0.18930914729091075,-0.6213817054181785,11253517.47192591,2.7916539530214507e-07
4.784695222307833e-07,478.46952223078324,478469.52223078324,0.8113059885838758,0.18869401141612413,-0.6226119771677516,11253517.47192591,2.7916539530214507e-07
4.786091398328348e-07,478.60913983283484,478609.13983283483,0.811920355957879,0.18807964404212096,-0.6238407119157581,11253517.47192591,2.7916539530214507e-07
4.787487574348865e-07,478.7487574348865,478748.75743488653,0.8125339533144508,0.18746604668554923,-0.6250679066289015,11253517.47192591,2.7916539530214507e-07
4.788883750369381e-07,478.8883750369381,478888.3750369381,0.8131467791388427,0.1868532208611573,-0.6262935582776854,11253517.47192591,2.7916539530214507e-07
4.790279926389897e-07,479.0279926389897,479027.9926389897,0.813758831918212,0.18624116808178803,-0.6275176638364239,11253517.47192591,2.7916539530214507e-07
4.791676102410413e-07,479.16761024104125,479167.6102410413,0.8143701101416239,0.18562988985837614,-0.6287402202832477,11253517.47192591,2.7916539530214507e-07
4.793072278430928e-07,479.30722784309285,479307.2278430928,0.814980612300056,0.18501938769994403,-0.6299612246001121,11253517.47192591,2.7916539530214507e-07
4.794468454451444e-07,479.4468454451444,479446.8454451444,0.8155903368864008,0.18440966311359913,-0.6311806737728016,11253517.47192591,2.7916539530214507e-07
4.79586463047196e-07,479.586463047196,479586.463047196,0.8161992823954716,0.18380071760452849,-0.6323985647909431,11253517.47192591,2.7916539530214507e-07
4.797260806492476e-07,479.7260806492476,479726.08064924757,0.8168074473240039,0.1831925526759961,-0.6336148946480078,11253517.47192591,2.7916539530214507e-07
4.798656982512991e-07,479.86569825129914,479865.69825129915,0.817414830170661,0.18258516982933903,-0.6348296603413219,11253517.47192591,2.7916539530214507e-07
4.800053158533507e-07,480.00531585335074,480005.31585335074,0.8180214294360362,0.18197857056396377,-0.6360428588720723,11253517.47192591,2.7916539530214507e-07
4.801449334554023e-07,480.1449334554023,480144.9334554023,0.8186272436226577,0.1813727563773423,-0.6372544872453154,11253517.47192591,2.7916539530214507e-07
4.802845510574539e-07,480.2845510574539,480284.55105745385,0.8192322712349915,0.18076772876500852,-0.6384645424699831,11253517.47192591,2.7916539530214507e-07
4.804241686595056e-07,480.42416865950554,480424.16865950555,0.819836510779446,0.18016348922055403,-0.6396730215588919,11253517.47192591,2.7916539530214507e-07
4.805637862615571e-07,480.56378626155714,480563.78626155714,0.8204399607643731,0.17956003923562686,-0.6408799215287462,11253517.47192591,2.7916539530214507e-07
4.807034038636087e-07,480.7034038636087,480703.4038636087,0.821042619700076,0.17895738029992397,-0.6420852394001519,11253517.47192591,2.7916539530214507e-07
4.808430214656603e-07,480.8430214656603,480843.0214656603,0.8216444860988098,0.1783555139011902,-0.6432889721976196,11253517.47192591,2.7916539530214507e-07
4.809826390677119e-07,480.9826390677119,480982.6390677119,0.8222455584747862,0.1777544415252138,-0.6444911169495724,11253517.47192591,2.7916539530214507e-07
4.811222566697634e-07,481.12225666976343,481122.2566697634,0.8228458353441771,0.1771541646558229,-0.6456916706883542,11253517.47192591,2.7916539530214507e-07
4.81261874271815e-07,481.26187427181503,481261.874271815,0.823445315225118,0.17655468477488195,-0.646890630450236,11253517.47192591,2.7916539530214507e-07
4.814014918738666e-07,481.4014918738666,481401.4918738666,0.8240439966377127,0.1759560033622874,-0.6480879932754253,11253517.47192591,2.7916539530214507e-07
4.815411094759182e-07,481.5411094759182,481541.1094759182,0.8246418781040343,0.17535812189596567,-0.6492837562080687,11253517.47192591,2.7916539530214507e-07
4.816807270779698e-07,481.6807270779698,481680.72707796976,0.8252389581481326,0.17476104185186736,-0.6504779162962653,11253517.47192591,2.7916539530214507e-07
4.818203446800213e-07,481.8203446800213,481820.34468002134,0.8258352352960349,0.17416476470396514,-0.6516704705920697,11253517.47192591,2.7916539530214507e-07
4.819599622820729e-07,481.9599622820729,481959.9622820729,0.8264307080757506,0.1735692919242494,-0.6528614161515012,11253517.47192591,2.7916539530214507e-07
4.820995798841245e-07,482.09957988412447,482099.5798841245,0.8270253750172751,0.17297462498272492,-0.6540507500345503,11253517.47192591,2.7916539530214507e-07
4.822391974861762e-07,482.2391974861762,482239.19748617616,0.8276192346525935,0.1723807653474066,-0.6552384693051869,11253517.47192591,2.7916539530214507e-07
4.823788150882277e-07,482.3788150882277,482378.81508822774,0.8282122855156817,0.1717877144843183,-0.6564245710313634,11253517.47192591,2.7916539530214507e-07
4.825184326902793e-07,482.5184326902793,482518.4326902793,0.8288045261425148,0.17119547385748524,-0.6576090522850295,11253517.47192591,2.7916539530214507e-07
4.826580502923309e-07,482.6580502923309,482658.0502923309,0.8293959550710668,0.17060404492893327,-0.6587919101421336,11253517.47192591,2.7916539530214507e-07
4.827976678943825e-07,482.79766789438247,482797.6678943825,0.8299865708413156,0.17001342915868445,-0.6599731416826311,11253517.47192591,2.7916539530214507e-07
4.82937285496434e-07,482.9372854964341,482937.2854964341,0.8305763719952467,0.1694236280047533,-0.6611527439904934,11253517.47192591,2.7916539530214507e-07
4.830769030984856e-07,483.0769030984856,483076.9030984856,0.8311653570768565,0.16883464292314354,-0.6623307141537129,11253517.47192591,2.7916539530214507e-07
4.832165207005372e-07,483.2165207005372,483216.5207005372,0.8317535246321559,0.1682464753678441,-0.6635070492643118,11253517.47192591,2.7916539530214507e-07
4.833561383025888e-07,483.35613830258876,483356.1383025888,0.832340873209174,0.16765912679082595,-0.6646817464183481,11253517.47192591,2.7916539530214507e-07
4.834957559046404e-07,483.49575590464036,483495.75590464036,0.8329274013579622,0.16707259864203783,-0.6658548027159243,11253517.47192591,2.7916539530214507e-07
4.836353735066919e-07,483.63537350669196,483635.37350669195,0.8335131076305958,0.16648689236940417,-0.6670262152611917,11253517.47192591,2.7916539530214507e-07
4.837749911087435e-07,483.7749911087435,483774.99110874353,0.8340979905811805,0.16590200941881955,-0.668195981162361,11253517.47192591,2.7916539530214507e-07
4.839146087107951e-07,483.9146087107951,483914.6087107951,0.8346820487658537,0.16531795123414628,-0.6693640975317074,11253517.47192591,2.7916539530214507e-07
4.840542263128468e-07,484.05422631284677,484054.22631284676,0.8352652807427896,0.1647347192572104,-0.6705305614855792,11253517.47192591,2.7916539530214507e-07
4.841938439148984e-07,484.19384391489837,484193.84391489835,0.8358476850722008,0.1641523149277993,-0.6716953701444015,11253517.47192591,2.7916539530214507e-07
4.843334615169499e-07,484.3334615169499,484333.46151694993,0.8364292603163441,0.16357073968365587,-0.6728585206326883,11253517.47192591,2.7916539530214507e-07
4.844730791190015e-07,484.4730791190015,484473.0791190015,0.8370100050395224,0.16298999496047767,-0.6740200100790448,11253517.47192591,2.7916539530214507e-07
4.846126967210531e-07,484.6126967210531,484612.6967210531,0.837589917808089,0.16241008219191094,-0.675179835616178,11253517.47192591,2.7916539530214507e-07
4.847523143231047e-07,484.75231432310466,484752.3143231047,0.8381689971904516,0.16183100280954849,-0.6763379943809031,11253517.47192591,2.7916539530214507e-07
4.848919319251562e-07,484.89193192515626,484891.9319251562,0.8387472417570742,0.16125275824292584,-0.6774944835141483,11253517.47192591,2.7916539530214507e-07
4.850315495272078e-07,485.0315495272078,485031.5495272078,0.8393246500804824,0.1606753499195176,-0.6786493001609648,11253517.47192591,2.7916539530214507e-07
4.851711671292594e-07,485.1711671292594,485171.1671292594,0.839901220735266,0.16009877926473404,-0.6798024414705319,11253517.47192591,2.7916539530214507e-07
4.85310784731311e-07,485.31078473131095,485310.78473131097,0.8404769522980824,0.15952304770191755,-0.6809539045961648,11253517.47192591,2.7916539530214507e-07
4.854504023333625e-07,485.45040233336255,485450.40233336255,0.841051843347661,0.15894815665233902,-0.6821036866953221,11253517.47192591,2.7916539530214507e-07
4.855900199354141e-07,485.59001993541415,485590.01993541414,0.8416258924648059,0.15837410753519415,-0.6832517849296118,11253517.47192591,2.7916539530214507e-07
4.857296375374657e-07,485.7296375374657,485729.6375374657,0.8421990982323988,0.1578009017676012,-0.6843981964647976,11253517.47192591,2.7916539530214507e-07
4.858692551395174e-07,485.8692551395174,485869.25513951737,0.8427714592354048,0.15722854076459525,-0.6855429184708095,11253517.47192591,2.7916539530214507e-07
4.86008872741569e-07,486.00887274156895,486008.87274156895,0.8433429740608729,0.15665702593912717,-0.6866859481217458,11253517.47192591,2.7916539530214507e-07
4.861484903436205e-07,486.14849034362055,486148.49034362053,0.843913641297942,0.156086358702058,-0.687827282595884,11253517.47192591,2.7916539530214507e-07
4.862881079456721e-07,486.2881079456721,486288.1079456721,0.8444834595378432,0.15551654046215674,-0.6889669190756864,11253517.47192591,2.7916539530214507e-07
4.864277255477237e-07,486.4277255477237,486427.7255477237,0.8450524273739038,0.15494757262609615,-0.6901048547478077,11253517.47192591,2.7916539530214507e-07
4.865673431497753e-07,486.5673431497753,486567.3431497753,0.8456205434015494,0.15437945659845065,-0.6912410868030987,11253517.47192591,2.7916539530214507e-07
4.867069607518268e-07,486.70696075182684,486706.9607518269,0.846187806218309,0.15381219378169092,-0.692375612436618,11253517.47192591,2.7916539530214507e-07
4.868465783538784e-07,486.84657835387844,486846.5783538784,0.8467542144238184,0.15324578557618163,-0.6935084288476367,11253517.47192591,2.7916539530214507e-07
4.8698619595593e-07,486.98619595593,486986.19595593,0.8473197666198222,0.15268023338017778,-0.6946395332396444,11253517.47192591,2.7916539530214507e-07
4.871258135579816e-07,487.1258135579816,487125.8135579816,0.8478844614101788,0.1521155385898212,-0.6957689228203576,11253517.47192591,2.7916539530214507e-07
4.872654311600332e-07,487.26543116003313,487265.43116003316,0.848448297400863,0.15155170259913697,-0.696896594801726,11253517.47192591,2.7916539530214507e-07
4.874050487620847e-07,487.40504876208473,487405.04876208474,0.8490112731999697,0.15098872680003034,-0.6980225463999394,11253517.47192591,2.7916539530214507e-07
4.875446663641364e-07,487.5446663641364,487544.66636413644,0.8495733874177178,0.15042661258228224,-0.6991467748354356,11253517.47192591,2.7916539530214507e-07
4.87684283966188e-07,487.684283966188,487684.28396618797,0.8501346386664513,0.14986536133354866,-0.7002692773329027,11253517.47192591,2.7916539530214507e-07
4.878239015682396e-07,487.8239015682396,487823.90156823955,0.8506950255606467,0.1493049744393533,-0.7013900511212934,11253517.47192591,2.7916539530214507e-07
4.879635191702911e-07,487.96351917029114,487963.51917029114,0.8512545467169133,0.1487454532830867,-0.7025090934338265,11253517.47192591,2.7916539530214507e-07
4.881031367723427e-07,488.10313677234274,488103.1367723427,0.8518132007539978,0.14818679924600225,-0.7036264015079956,11253517.47192591,2.7916539530214507e-07
4.882427543743943e-07,488.2427543743943,488242.7543743943,0.8523709862927873,0.1476290137072127,-0.7047419725855746,11253517.47192591,2.7916539530214507e-07
4.883823719764459e-07,488.3823719764459,488382.3719764459,0.8529279019563134,0.14707209804368654,-0.7058558039126268,11253517.47192591,2.7916539530214507e-07
4.885219895784975e-07,488.5219895784975,488521.9895784975,0.8534839463697543,0.14651605363024572,-0.7069678927395087,11253517.47192591,2.7916539530214507e-07
4.88661607180549e-07,488.661607180549,488661.607180549,0.8540391181604394,0.14596088183956052,-0.7080782363208789,11253517.47192591,2.7916539530214507e-07
4.888012247826006e-07,488.8012247826006,488801.2247826006,0.8545934159578527,0.14540658404214735,-0.7091868319157053,11253517.47192591,2.7916539530214507e-07
4.889408423846522e-07,488.94084238465217,488940.8423846522,0.855146838393635,0.14485316160636497,-0.7102936767872701,11253517.47192591,2.7916539530214507e-07
4.890804599867038e-07,489.0804599867038,489080.45998670376,0.8556993841015887,0.1443006158984112,-0.7113987682031775,11253517.47192591,2.7916539530214507e-07
4.892200775887553e-07,489.2200775887553,489220.07758875535,0.8562510517176803,0.14374894828231966,-0.7125021034353607,11253517.47192591,2.7916539530214507e-07
4.89359695190807e-07,489.35969519080703,489359.69519080705,0.8568018398800444,0.14319816011995556,-0.7136036797600889,11253517.47192591,2.7916539530214507e-07
4.894993127928586e-07,489.4993127928586,489499.3127928586,0.8573517472289851,0.14264825277101495,-0.7147034944579702,11253517.47192591,2.7916539530214507e-07
4.896389303949102e-07,489.6389303949102,489638.93039491016,0.8579007724069825,0.14209922759301752,-0.715801544813965,11253517.47192591,2.7916539530214507e-07
4.897785479969618e-07,489.7785479969618,489778.54799696174,0.858448914058694,0.14155108594130605,-0.7168978281173879,11253517.47192591,2.7916539530214507e-07
4.899181655990133e-07,489.9181655990133,489918.16559901333,0.8589961708309581,0.14100382916904192,-0.7179923416619163,11253517.47192591,2.7916539530214507e-07
4.900577832010649e-07,490.0577832010649,490057.7832010649,0.8595425413727977,0.14045745862720233,-0.7190850827455955,11253517.47192591,2.7916539530214507e-07
4.901974008031165e-07,490.19740080311647,490197.4008031165,0.8600880243354234,0.13991197566457653,-0.7201760486708468,11253517.47192591,2.7916539530214507e-07
4.903370184051681e-07,490.33701840516807,490337.0184051681,0.8606326183722373,0.13936738162776274,-0.7212652367444745,11253517.47192591,2.7916539530214507e-07
4.904766360072196e-07,490.47663600721967,490476.63600721967,0.8611763221388355,0.13882367786116445,-0.7223526442776711,11253517.47192591,2.7916539530214507e-07
4.906162536092712e-07,490.6162536092712,490616.2536092712,0.8617191342930117,0.13828086570698822,-0.7234382685860234,11253517.47192591,2.7916539530214507e-07
4.907558712113228e-07,490.7558712113228,490755.8712113228,0.8622610534947612,0.13773894650523877,-0.7245221069895225,11253517.47192591,2.7916539530214507e-07
4.908954888133744e-07,490.89548881337436,490895.48881337437,0.8628020784062833,0.13719792159371663,-0.7256041568125666,11253517.47192591,2.7916539530214507e-07
4.91035106415426e-07,491.03510641542596,491035.10641542595,0.8633422076919853,0.13665779230801467,-0.7266844153839707,11253517.47192591,2.7916539530214507e-07
4.911747240174776e-07,491.1747240174776,491174.72401747765,0.8638814400184854,0.13611855998151456,-0.7277628800369709,11253517.47192591,2.7916539530214507e-07
4.913143416195292e-07,491.3143416195292,491314.34161952924,0.8644197740546157,0.13558022594538433,-0.7288395481092313,11253517.47192591,2.7916539530214507e-07
4.914539592215808e-07,491.45395922158076,491453.95922158076,0.8649572084714258,0.13504279152857424,-0.7299144169428515,11253517.47192591,2.7916539530214507e-07
4.915935768236324e-07,491.59357682363236,491593.57682363235,0.8654937419421866,0.13450625805781335,-0.7309874838843733,11253517.47192591,2.7916539530214507e-07
4.917331944256839e-07,491.73319442568396,491733.19442568393,0.8660293731423931,0.1339706268576069,-0.7320587462847863,11253517.47192591,2.7916539530214507e-07
4.918728120277355e-07,491.8728120277355,491872.8120277355,0.8665641007497674,0.13343589925023258,-0.7331282014995348,11253517.47192591,2.7916539530214507e-07
4.920124296297871e-07,492.0124296297871,492012.4296297871,0.8670979234442624,0.1329020765557376,-0.7341958468885248,11253517.47192591,2.7916539530214507e-07
4.921520472318387e-07,492.15204723183865,492152.0472318387,0.8676308399080648,0.13236916009193522,-0.7352616798161296,11253517.47192591,2.7916539530214507e-07
4.922916648338902e-07,492.29166483389025,492291.6648338903,0.8681628488255986,0.13183715117440148,-0.7363256976511972,11253517.47192591,2.7916539530214507e-07
4.924312824359418e-07,492.43128243594185,492431.2824359418,0.8686939488835279,0.13130605111647214,-0.7373878977670558,11253517.47192591,2.7916539530214507e-07
4.925709000379934e-07,492.5709000379934,492570.9000379934,0.869224138770761,0.130775861229239,-0.738448277541522,11253517.47192591,2.7916539530214507e-07
4.92710517640045e-07,492.710517640045,492710.517640045,0.8697534171784522,0.13024658282154777,-0.7395068343569045,11253517.47192591,2.7916539530214507e-07
4.928501352420967e-07,492.85013524209666,492850.1352420967,0.8702817828000071,0.12971821719999294,-0.7405635656000142,11253517.47192591,2.7916539530214507e-07
4.929897528441482e-07,492.98975284414826,492989.75284414826,0.8708092343310831,0.1291907656689169,-0.7416184686621663,11253517.47192591,2.7916539530214507e-07
4.931293704461998e-07,493.1293704461998,493129.37044619984,0.8713357704695955,0.12866422953040446,-0.7426715409391911,11253517.47192591,2.7916539530214507e-07
4.932689880482514e-07,493.2689880482514,493268.98804825137,0.8718613899157189,0.12813861008428107,-0.7437227798314379,11253517.47192591,2.7916539530214507e-07
4.93408605650303e-07,493.40860565030295,493408.60565030295,0.8723860913718912,0.12761390862810884,-0.7447721827437823,11253517.47192591,2.7916539530214507e-07
4.935482232523545e-07,493.54822325235455,493548.22325235454,0.8729098735428154,0.12709012645718465,-0.7458197470856307,11253517.47192591,2.7916539530214507e-07
4.936878408544061e-07,493.68784085440615,493687.8408544061,0.8734327351354649,0.126567264864535,-0.7468654702709299,11253517.47192591,2.7916539530214507e-07
4.938274584564577e-07,493.8274584564577,493827.4584564577,0.8739546748590856,0.12604532514091432,-0.7479093497181712,11253517.47192591,2.7916539530214507e-07
4.939670760585093e-07,493.9670760585093,493967.0760585093,0.874475691425199,0.12552430857480107,-0.748951382850398,11253517.47192591,2.7916539530214507e-07
4.941066936605609e-07,494.10669366056084,494106.6936605609,0.8749957835476052,0.12500421645239485,-0.7499915670952104,11253517.47192591,2.7916539530214507e-07
4.942463112626124e-07,494.24631126261244,494246.3112626124,0.8755149499423869,0.12448505005761312,-0.7510298998847738,11253517.47192591,2.7916539530214507e-07
4.94385928864664e-07,494.38592886466404,494385.928864664,0.8760331893279119,0.1239668106720882,-0.7520663786558237,11253517.47192591,2.7916539530214507e-07
4.945255464667156e-07,494.5255464667156,494525.5464667156,0.8765505004248363,0.12344949957516371,-0.7531010008496726,11253517.47192591,2.7916539530214507e-07
4.946651640687673e-07,494.6651640687673,494665.1640687673,0.8770668819561087,0.12293311804389134,-0.7541337639122174,11253517.47192591,2.7916539530214507e-07
4.948047816708188e-07,494.80478167081884,494804.78167081886,0.8775823326469705,0.12241766735302956,-0.755164665293941,11253517.47192591,2.7916539530214507e-07
4.949443992728704e-07,494.94439927287044,494944.39927287045,0.8780968512249626,0.12190314877503738,-0.7561937024499252,11253517.47192591,2.7916539530214507e-07
4.95084016874922e-07,495.084016874922,495084.01687492203,0.8786104364199269,0.12138956358007313,-0.7572208728398537,11253517.47192591,2.7916539530214507e-07
4.952236344769736e-07,495.2236344769736,495223.63447697356,0.8791230869640089,0.12087691303599113,-0.7582461739280177,11253517.47192591,2.7916539530214507e-07
4.953632520790252e-07,495.36325207902513,495363.25207902514,0.8796348015916617,0.12036519840833831,-0.7592696031833235,11253517.47192591,2.7916539530214507e-07
4.955028696810767e-07,495.50286968107673,495502.8696810767,0.8801455790396491,0.11985442096035093,-0.7602911580792981,11253517.47192591,2.7916539530214507e-07
4.956424872831283e-07,495.64248728312833,495642.4872831283,0.8806554180470475,0.1193445819529525,-0.761310836094095,11253517.47192591,2.7916539530214507e-07
4.957821048851799e-07,495.7821048851799,495782.1048851799,0.881164317355251,0.11883568264474903,-0.762328634710502,11253517.47192591,2.7916539530214507e-07
4.959217224872315e-07,495.9217224872315,495921.7224872315,0.8816722757079729,0.11832772429202704,-0.7633445514159458,11253517.47192591,2.7916539530214507e-07
4.96061340089283e-07,496.061340089283,496061.34008928307,0.8821792918512499,0.11782070814875018,-0.7643585837024998,11253517.47192591,2.7916539530214507e-07
4.962009576913346e-07,496.2009576913346,496200.9576913346,0.8826853645334439,0.11731463546655607,-0.7653707290668879,11253517.47192591,2.7916539530214507e-07
4.963405752933862e-07,496.3405752933862,496340.5752933862,0.8831904925052465,0.11680950749475344,-0.766380985010493,11253517.47192591,2.7916539530214507e-07
4.964801928954379e-07,496.4801928954379,496480.1928954379,0.8836946745196819,0.11630532548031808,-0.7673893490393637,11253517.47192591,2.7916539530214507e-07
4.966198104974895e-07,496.6198104974895,496619.81049748947,0.8841979093321075,0.11580209066789243,-0.768395818664215,11253517.47192591,2.7916539530214507e-07
4.96759428099541e-07,496.759428099541,496759.42809954105,0.8847001957002212,0.11529980429977887,-0.7694003914004424,11253517.47192591,2.7916539530214507e-07
4.968990457015926e-07,496.8990457015926,496899.04570159264,0.8852015323840611,0.11479846761593893,-0.7704030647681221,11253517.47192591,2.7916539530214507e-07
4.970386633036442e-07,497.03866330364417,497038.66330364416,0.8857019181460102,0.11429808185398982,-0.7714038362920204,11253517.47192591,2.7916539530214507e-07
4.971782809056958e-07,497.1782809056958,497178.28090569575,0.8862013517507987,0.11379864824920122,-0.7724027035015975,11253517.47192591,2.7916539530214507e-07
4.973178985077473e-07,497.3178985077473,497317.89850774733,0.8866998319655077,0.11330016803449228,-0.7733996639310154,11253517.47192591,2.7916539530214507e-07
4.974575161097989e-07,497.4575161097989,497457.5161097989,0.8871973575595715,0.11280264244042854,-0.774394715119143,11253517.47192591,2.7916539530214507e-07
4.975971337118505e-07,497.5971337118505,497597.1337118505,0.8876939273047812,0.11230607269521875,-0.7753878546095625,11253517.47192591,2.7916539530214507e-07
4.977367513139021e-07,497.73675131390206,497736.7513139021,0.8881895399752872,0.11181046002471284,-0.7763790799505743,11253517.47192591,2.7916539530214507e-07
4.978763689159537e-07,497.87636891595366,497876.3689159537,0.8886841943476029,0.11131580565239707,-0.7773683886952059,11253517.47192591,2.7916539530214507e-07
4.980159865180052e-07,498.0159865180052,498015.9865180052,0.8891778892006075,0.11082211079939253,-0.778355778401215,11253517.47192591,2.7916539530214507e-07
4.981556041200568e-07,498.1556041200568,498155.6041200568,0.8896706233155486,0.11032937668445142,-0.7793412466310972,11253517.47192591,2.7916539530214507e-07
4.982952217221085e-07,498.29522172210847,498295.2217221085,0.8901623954760463,0.10983760452395375,-0.7803247909520925,11253517.47192591,2.7916539530214507e-07
4.984348393241601e-07,498.43483932416007,498434.8393241601,0.8906532044680935,0.10934679553190657,-0.781306408936187,11253517.47192591,2.7916539530214507e-07
4.985744569262116e-07,498.57445692621167,498574.45692621166,0.8911430490800627,0.10885695091993736,-0.7822860981601254,11253517.47192591,2.7916539530214507e-07
4.987140745282632e-07,498.7140745282632,498714.07452826324,0.8916319281027065,0.10836807189729353,-0.7832638562054131,11253517.47192591,2.7916539530214507e-07
4.988536921303148e-07,498.8536921303148,498853.69213031477,0.892119840329161,0.10788015967083897,-0.7842396806583221,11253517.47192591,2.7916539530214507e-07
4.989933097323664e-07,498.99330973236636,498993.30973236635,0.8926067845549495,0.1073932154450506,-0.7852135691098989,11253517.47192591,2.7916539530214507e-07
4.99132927334418e-07,499.13292733441796,499132.92733441794,0.8930927595779841,0.10690724042201599,-0.7861855191559681,11253517.47192591,2.7916539530214507e-07
4.992725449364695e-07,499.2725449364695,499272.5449364695,0.89357776419857,0.1064222358014299,-0.7871555283971401,11253517.47192591,2.7916539530214507e-07
4.994121625385211e-07,499.4121625385211,499412.1625385211,0.8940617972194085,0.10593820278059157,-0.788123594438817,11253517.47192591,2.7916539530214507e-07
4.995517801405727e-07,499.5517801405727,499551.7801405727,0.8945448574455985,0.10545514255440153,-0.7890897148911971,11253517.47192591,2.7916539530214507e-07
4.996913977426243e-07,499.69139774262425,499691.3977426243,0.8950269436846404,0.10497305631535958,-0.7900538873692808,11253517.47192591,2.7916539530214507e-07
4.998310153446758e-07,499.83101534467585,499831.01534467586,0.8955080547464398,0.10449194525356026,-0.7910161094928796,11253517.47192591,2.7916539530214507e-07
4.999706329467275e-07,499.9706329467275,499970.6329467275,0.8959881894433093,0.10401181055669079,-0.7919763788866185,11253517.47192591,2.7916539530214507e-07
5.001102505487791e-07,500.1102505487791,500110.2505487791,0.8964673465899711,0.10353265341002893,-0.7929346931799421,11253517.47192591,2.7916539530214507e-07
5.002498681508307e-07,500.24986815083065,500249.8681508307,0.8969455250035616,0.10305447499643838,-0.7938910500071232,11253517.47192591,2.7916539530214507e-07
5.003894857528823e-07,500.38948575288225,500389.48575288226,0.8974227235036332,0.10257727649636678,-0.7948454470072663,11253517.47192591,2.7916539530214507e-07
5.005291033549338e-07,500.52910335493385,500529.10335493385,0.8978989409121567,0.10210105908784334,-0.7957978818243134,11253517.47192591,2.7916539530214507e-07
5.006687209569854e-07,500.6687209569854,500668.72095698543,0.8983741760535252,0.10162582394647479,-0.7967483521070504,11253517.47192591,2.7916539530214507e-07
5.00808338559037e-07,500.808338559037,500808.33855903696,0.898848427754557,0.10115157224544302,-0.797696855509114,11253517.47192591,2.7916539530214507e-07
5.009479561610886e-07,500.94795616108854,500947.95616108854,0.8993216948444978,0.1006783051555023,-0.7986433896889955,11253517.47192591,2.7916539530214507e-07
5.010875737631401e-07,501.08757376314014,501087.5737631401,0.8997939761550238,0.10020602384497618,-0.7995879523100475,11253517.47192591,2.7916539530214507e-07
5.012271913651917e-07,501.2271913651917,501227.1913651917,0.9002652705202452,0.09973472947975476,-0.8005305410404904,11253517.47192591,2.7916539530214507e-07
5.013668089672433e-07,501.3668089672433,501366.8089672433,0.9007355767767083,0.09926442322329165,-0.8014711535534167,11253517.47192591,2.7916539530214507e-07
5.015064265692949e-07,501.5064265692949,501506.4265692949,0.9012048937633987,0.09879510623660126,-0.8024097875267975,11253517.47192591,2.7916539530214507e-07
5.016460441713464e-07,501.64604417134643,501646.04417134647,0.9016732203217445,0.09832677967825554,-0.8033464406434889,11253517.47192591,2.7916539530214507e-07
5.017856617733981e-07,501.78566177339815,501785.6617733981,0.9021405552956181,0.09785944470438196,-0.8042811105912362,11253517.47192591,2.7916539530214507e-07
5.019252793754497e-07,501.9252793754497,501925.2793754497,0.9026068975313398,0.09739310246866018,-0.8052137950626796,11253517.47192591,2.7916539530214507e-07
5.020648969775013e-07,502.0648969775013,502064.8969775013,0.9030722458776814,0.09692775412231852,-0.8061444917553628,11253517.47192591,2.7916539530214507e-07
5.022045145795529e-07,502.20451457955284,502204.51457955287,0.9035365991858679,0.09646340081413213,-0.8070731983717359,11253517.47192591,2.7916539530214507e-07
5.023441321816044e-07,502.34413218160444,502344.13218160445,0.9039999563095803,0.0960000436904197,-0.8079999126191606,11253517.47192591,2.7916539530214507e-07
5.02483749783656e-07,502.48374978365604,502483.74978365604,0.9044623161049594,0.09553768389504053,-0.8089246322099188,11253517.47192591,2.7916539530214507e-07
5.026233673857076e-07,502.6233673857076,502623.36738570756,0.9049236774306075,0.09507632256939252,-0.8098473548612151,11253517.47192591,2.7916539530214507e-07
5.027629849877592e-07,502.7629849877592,502762.98498775915,0.905384039147592,0.09461596085240803,-0.810768078295184,11253517.47192591,2.7916539530214507e-07
5.029026025898107e-07,502.9026025898107,502902.60258981073,0.905843400119448,0.09415659988055208,-0.811686800238896,11253517.47192591,2.7916539530214507e-07
5.030422201918623e-07,503.0422201918623,503042.2201918623,0.9063017592121809,0.09369824078781902,-0.8126035184243618,11253517.47192591,2.7916539530214507e-07
5.031818377939139e-07,503.18183779391387,503181.8377939139,0.90675911529427,0.09324088470573005,-0.81351823058854,11253517.47192591,2.7916539530214507e-07
5.033214553959655e-07,503.3214553959655,503321.4553959655,0.9072154672366697,0.09278453276333037,-0.8144309344733394,11253517.47192591,2.7916539530214507e-07
5.034610729980171e-07,503.4610729980171,503461.0729980171,0.9076708139128138,0.09232918608718615,-0.8153416278256276,11253517.47192591,2.7916539530214507e-07
5.036006906000687e-07,503.60069060006873,503600.6906000687,0.9081251541986184,0.09187484580138161,-0.8162503083972368,11253517.47192591,2.7916539530214507e-07
5.037403082021203e-07,503.74030820212033,503740.3082021203,0.9085784869724821,0.09142151302751789,-0.8171569739449642,11253517.47192591,2.7916539530214507e-07
5.038799258041719e-07,503.8799258041719,503879.9258041719,0.9090308111152924,0.09096918888470762,-0.8180616222305848,11253517.47192591,2.7916539530214507e-07
5.040195434062235e-07,504.0195434062235,504019.54340622347,0.9094821255104262,0.09051787448957382,-0.8189642510208524,11253517.47192591,2.7916539530214507e-07
5.04159161008275e-07,504.159161008275,504159.16100827506,0.9099324290437532,0.0900675709562469,-0.8198648580875063,11253517.47192591,2.7916539530214507e-07
5.042987786103266e-07,504.2987786103266,504298.77861032664,0.9103817206036382,0.08961827939636186,-0.8207634412072764,11253517.47192591,2.7916539530214507e-07
5.044383962123782e-07,504.4383962123782,504438.3962123782,0.9108299990809445,0.08917000091905547,-0.8216599981618891,11253517.47192591,2.7916539530214507e-07
5.045780138144298e-07,504.57801381442977,504578.01381442975,0.9112772633690368,0.0887227366309632,-0.8225545267380736,11253517.47192591,2.7916539530214507e-07
5.047176314164814e-07,504.71763141648137,504717.63141648134,0.9117235123637821,0.08827648763621782,-0.8234470247275643,11253517.47192591,2.7916539530214507e-07
5.048572490185329e-07,504.8572490185329,504857.2490185329,0.9121687449635552,0.08783125503644484,-0.8243374899271103,11253517.47192591,2.7916539530214507e-07
5.049968666205845e-07,504.9968666205845,504996.8666205845,0.9126129600692391,0.08738703993076091,-0.8252259201384782,11253517.47192591,2.7916539530214507e-07
5.051364842226361e-07,505.1364842226361,505136.4842226361,0.9130561565842291,0.08694384341577088,-0.8261123131684582,11253517.47192591,2.7916539530214507e-07
5.052761018246878e-07,505.27610182468777,505276.1018246878,0.9134983334144351,0.08650166658556485,-0.8269966668288702,11253517.47192591,2.7916539530214507e-07
5.054157194267393e-07,505.4157194267394,505415.7194267393,0.913939489468284,0.0860605105317161,-0.8278789789365679,11253517.47192591,2.7916539530214507e-07
5.055553370287909e-07,505.5553370287909,505555.3370287909,0.9143796236567219,0.08562037634327813,-0.8287592473134437,11253517.47192591,2.7916539530214507e-07
5.056949546308425e-07,505.6949546308425,505694.9546308425,0.9148187348932189,0.08518126510678115,-0.8296374697864377,11253517.47192591,2.7916539530214507e-07
5.058345722328941e-07,505.83457223289406,505834.5722328941,0.9152568220937695,0.08474317790623054,-0.8305136441875389,11253517.47192591,2.7916539530214507e-07
5.059741898349457e-07,505.97418983494566,505974.18983494566,0.9156938841768966,0.08430611582310343,-0.8313877683537931,11253517.47192591,2.7916539530214507e-07
5.061138074369972e-07,506.1138074369972,506113.80743699725,0.9161299200636533,0.08387007993634665,-0.8322598401273067,11253517.47192591,2.7916539530214507e-07
5.062534250390488e-07,506.2534250390488,506253.42503904883,0.9165649286776266,0.08343507132237338,-0.8331298573552532,11253517.47192591,2.7916539530214507e-07
5.063930426411004e-07,506.3930426411004,506393.04264110036,0.9169989089449389,0.08300109105506115,-0.8339978178898777,11253517.47192591,2.7916539530214507e-07
5.06532660243152e-07,506.53266024315195,506532.66024315194,0.9174318597942515,0.0825681402057486,-0.8348637195885029,11253517.47192591,2.7916539530214507e-07
5.066722778452035e-07,506.67227784520355,506672.2778452035,0.9178637801567668,0.0821362198432331,-0.8357275603135337,11253517.47192591,2.7916539530214507e-07
5.068118954472551e-07,506.8118954472551,506811.8954472551,0.9182946689662314,0.08170533103376865,-0.8365893379324627,11253517.47192591,2.7916539530214507e-07
5.069515130493067e-07,506.9515130493067,506951.5130493067,0.9187245251589378,0.08127547484106223,-0.8374490503178755,11253517.47192591,2.7916539530214507e-07
5.070911306513584e-07,507.09113065135836,507091.1306513584,0.9191533476737286,0.08084665232627142,-0.8383066953474572,11253517.47192591,2.7916539530214507e-07
5.0723074825341e-07,507.23074825340996,507230.7482534099,0.919581135451997,0.08041886454800296,-0.8391622709039941,11253517.47192591,2.7916539530214507e-07
5.073703658554615e-07,507.37036585546156,507370.3658554615,0.9200078874376917,0.07999211256230832,-0.8400157748753834,11253517.47192591,2.7916539530214507e-07
5.075099834575131e-07,507.5099834575131,507509.9834575131,0.9204336025773179,0.07956639742268207,-0.8408672051546358,11253517.47192591,2.7916539530214507e-07
5.076496010595647e-07,507.6496010595647,507649.6010595647,0.9208582798199401,0.07914172018005988,-0.8417165596398801,11253517.47192591,2.7916539530214507e-07
5.077892186616163e-07,507.78921866161625,507789.21866161627,0.9212819181171855,0.07871808188281448,-0.842563836234371,11253517.47192591,2.7916539530214507e-07
5.079288362636678e-07,507.92883626366785,507928.83626366785,0.9217045164232458,0.07829548357675414,-0.8434090328464916,11253517.47192591,2.7916539530214507e-07
5.080684538657194e-07,508.0684538657194,508068.45386571944,0.9221260736948803,0.07787392630511969,-0.8442521473897606,11253517.47192591,2.7916539530214507e-07
5.08208071467771e-07,508.208071467771,508208.071467771,0.9225465888914179,0.07745341110858212,-0.8450931777828359,11253517.47192591,2.7916539530214507e-07
5.083476890698226e-07,508.3476890698226,508347.68906982255,0.9229660609747603,0.07703393902523975,-0.8459321219495206,11253517.47192591,2.7916539530214507e-07
5.084873066718741e-07,508.48730667187414,508487.30667187413,0.9233844889093838,0.0766155110906161,-0.8467689778187677,11253517.47192591,2.7916539530214507e-07
5.086269242739257e-07,508.62692427392574,508626.9242739257,0.9238018716623433,0.07619812833765677,-0.8476037433246866,11253517.47192591,2.7916539530214507e-07
5.087665418759773e-07,508.7665418759773,508766.5418759773,0.9242182082032728,0.07578179179672712,-0.8484364164065457,11253517.47192591,2.7916539530214507e-07
5.08906159478029e-07,508.906159478029,508906.159478029,0.9246334975043897,0.07536650249561033,-0.8492669950087794,11253517.47192591,2.7916539530214507e-07
5.090457770800806e-07,509.04577708008054,509045.7770800806,0.9250477385404958,0.07495226145950418,-0.8500954770809916,11253517.47192591,2.7916539530214507e-07
5.091853946821321e-07,509.18539468213214,509185.3946821321,0.9254609302889818,0.0745390697110182,-0.8509218605779636,11253517.47192591,2.7916539530214507e-07
5.093250122841837e-07,509.32501228418374,509325.0122841837,0.925873071729828,0.07412692827017198,-0.851746143459656,11253517.47192591,2.7916539530214507e-07
5.094646298862353e-07,509.4646298862353,509464.6298862353,0.9262841618456081,0.07371583815439192,-0.8525683236912163,11253517.47192591,2.7916539530214507e-07
5.096042474882869e-07,509.6042474882869,509604.24748828687,0.9266941996214901,0.07330580037850992,-0.8533883992429803,11253517.47192591,2.7916539530214507e-07
5.097438650903384e-07,509.74386509033843,509743.86509033846,0.9271031840452408,0.07289681595475916,-0.8542063680904817,11253517.47192591,2.7916539530214507e-07
5.0988348269239e-07,509.88348269239003,509883.48269239004,0.9275111141072272,0.0724888858927728,-0.8550222282144544,11253517.47192591,2.7916539530214507e-07
5.100231002944416e-07,510.0231002944416,510023.1002944416,0.9279179888004188,0.07208201119958124,-0.8558359776008375,11253517.47192591,2.7916539530214507e-07
5.101627178964932e-07,510.1627178964932,510162.71789649315,0.9283238071203905,0.07167619287960941,-0.8566476142407811,11253517.47192591,2.7916539530214507e-07
5.103023354985448e-07,510.3023354985448,510302.33549854474,0.9287285680653254,0.07127143193467461,-0.8574571361306509,11253517.47192591,2.7916539530214507e-07
5.104419531005963e-07,510.4419531005963,510441.9531005963,0.9291322706360163,0.07086772936398372,-0.8582645412720327,11253517.47192591,2.7916539530214507e-07
5.105815707026479e-07,510.5815707026479,510581.5707026479,0.9295349138358691,0.07046508616413089,-0.8590698276717381,11253517.47192591,2.7916539530214507e-07
5.107211883046996e-07,510.7211883046996,510721.1883046996,0.9299364966709052,0.07006350332909478,-0.8598729933418103,11253517.47192591,2.7916539530214507e-07
5.108608059067512e-07,510.8608059067512,510860.8059067512,0.9303370181497624,0.06966298185023756,-0.8606740362995249,11253517.47192591,2.7916539530214507e-07
5.110004235088027e-07,511.0004235088027,511000.4235088027,0.9307364772836999,0.06926352271630004,-0.8614729545673998,11253517.47192591,2.7916539530214507e-07
5.111400411108543e-07,511.1400411108543,511140.0411108543,0.9311348730865991,0.06886512691340091,-0.8622697461731983,11253517.47192591,2.7916539530214507e-07
5.112796587129059e-07,511.2796587129059,511279.6587129059,0.9315322045749661,0.0684677954250339,-0.8630644091499322,11253517.47192591,2.7916539530214507e-07
5.114192763149575e-07,511.4192763149575,511419.2763149575,0.9319284707679347,0.06807152923206533,-0.8638569415358694,11253517.47192591,2.7916539530214507e-07
5.115588939170091e-07,511.5588939170091,511558.89391700906,0.9323236706872685,0.06767632931273149,-0.864647341374537,11253517.47192591,2.7916539530214507e-07
5.116985115190606e-07,511.6985115190606,511698.51151906064,0.9327178033573629,0.06728219664263707,-0.8654356067147257,11253517.47192591,2.7916539530214507e-07
5.118381291211122e-07,511.8381291211122,511838.12912111223,0.9331108678052485,0.06688913219475145,-0.8662217356104971,11253517.47192591,2.7916539530214507e-07
5.119777467231638e-07,511.97774672316376,511977.7467231638,0.9335028630605928,0.06649713693940723,-0.8670057261211856,11253517.47192591,2.7916539530214507e-07
5.121173643252154e-07,512.1173643252154,512117.36432521534,0.9338937881557026,0.06610621184429744,-0.8677875763114051,11253517.47192591,2.7916539530214507e-07
5.122569819272669e-07,512.2569819272669,512256.9819272669,0.9342836421255265,0.06571635787447344,-0.868567284251053,11253517.47192591,2.7916539530214507e-07
5.123965995293186e-07,512.3965995293187,512396.5995293186,0.9346724240076583,0.06532757599234179,-0.8693448480153165,11253517.47192591,2.7916539530214507e-07
5.125362171313702e-07,512.5362171313702,512536.2171313702,0.9350601328423361,0.06493986715766387,-0.8701202656846723,11253517.47192591,2.7916539530214507e-07
5.126758347334218e-07,512.6758347334218,512675.8347334218,0.9354467676724493,0.06455323232755072,-0.8708935353448986,11253517.47192591,2.7916539530214507e-07
5.128154523354734e-07,512.8154523354733,512815.4523354734,0.9358323275435374,0.06416767245646254,-0.8716646550870748,11253517.47192591,2.7916539530214507e-07
5.129550699375249e-07,512.955069937525,512955.0699375249,0.9362168115037941,0.06378318849620584,-0.8724336230075882,11253517.47192591,2.7916539530214507e-07
5.130946875395765e-07,513.0946875395765,513094.6875395765,0.936600218604069,0.06339978139593105,-0.8732004372081379,11253517.47192591,2.7916539530214507e-07
5.132343051416281e-07,513.234305141628,513234.3051416281,0.9369825478978697,0.06301745210213028,-0.8739650957957394,11253517.47192591,2.7916539530214507e-07
5.133739227436797e-07,513.3739227436797,513373.92274367966,0.9373637984413651,0.06263620155863492,-0.8747275968827302,11253517.47192591,2.7916539530214507e-07
5.135135403457312e-07,513.5135403457313,513513.54034573125,0.9377439692933867,0.06225603070661334,-0.8754879385867733,11253517.47192591,2.7916539530214507e-07
5.136531579477828e-07,513.6531579477828,513653.15794778283,0.9381230595154317,0.06187694048456821,-0.8762461190308635,11253517.47192591,2.7916539530214507e-07
5.137927755498344e-07,513.7927755498343,513792.7755498344,0.9385010681716646,0.06149893182833538,-0.8770021363433291,11253517.47192591,2.7916539530214507e-07
5.13932393151886e-07,513.932393151886,513932.39315188595,0.9388779943289202,0.06112200567107984,-0.8777559886578403,11253517.47192591,2.7916539530214507e-07
5.140720107539376e-07,514.0720107539375,514072.01075393753,0.9392538370567054,0.0607461629432946,-0.8785076741134108,11253517.47192591,2.7916539530214507e-07
5.142116283559892e-07,514.2116283559892,514211.62835598923,0.939628595427202,0.06037140457279799,-0.879257190854404,11253517.47192591,2.7916539530214507e-07
5.143512459580408e-07,514.3512459580409,514351.2459580408,0.9400022685152681,0.059997731484731864,-0.8800045370305363,11253517.47192591,2.7916539530214507e-07
5.144908635600924e-07,514.4908635600924,514490.8635600924,0.9403748553984418,0.05962514460155821,-0.8807497107968836,11253517.47192591,2.7916539530214507e-07
5.14630481162144e-07,514.630481162144,514630.481162144,0.9407463551569417,0.05925364484305834,-0.8814927103138834,11253517.47192591,2.7916539530214507e-07
5.147700987641955e-07,514.7700987641955,514770.0987641955,0.9411167668736706,0.058883233126329315,-0.8822335337473413,11253517.47192591,2.7916539530214507e-07
5.149097163662471e-07,514.9097163662472,514909.7163662471,0.9414860896342176,0.058513910365782296,-0.8829721792684353,11253517.47192591,2.7916539530214507e-07
5.150493339682987e-07,515.0493339682987,515049.3339682987,0.9418543225268596,0.05814567747314037,-0.8837086450537193,11253517.47192591,2.7916539530214507e-07
5.151889515703503e-07,515.1889515703502,515188.95157035027,0.942221464642564,0.057778535357436045,-0.8844429292851279,11253517.47192591,2.7916539530214507e-07
5.153285691724019e-07,515.3285691724019,515328.56917240185,0.942587515074991,0.057412484925009055,-0.8851750301499819,11253517.47192591,2.7916539530214507e-07
5.154681867744534e-07,515.4681867744534,515468.18677445344,0.9429524729204957,0.05704752707950428,-0.8859049458409913,11253517.47192591,2.7916539530214507e-07
5.15607804376505e-07,515.607804376505,515607.804376505,0.9433163372781308,0.056683662721869255,-0.8866326745562616,11253517.47192591,2.7916539530214507e-07
5.157474219785566e-07,515.7474219785565,515747.4219785566,0.943679107249648,0.05632089275035207,-0.887358214499296,11253517.47192591,2.7916539530214507e-07
5.158870395806082e-07,515.8870395806082,515887.03958060814,0.9440407819395004,0.05595921806049964,-0.8880815638790007,11253517.47192591,2.7916539530214507e-07
5.160266571826598e-07,516.0266571826598,516026.65718265984,0.9444013604548457,0.055598639545154316,-0.8888027209096914,11253517.47192591,2.7916539530214507e-07
5.161662747847114e-07,516.1662747847114,516166.2747847114,0.9447608419055469,0.05523915809445307,-0.8895216838110938,11253517.47192591,2.7916539530214507e-07
5.16305892386763e-07,516.305892386763,516305.892386763,0.9451192254041758,0.05488077459582419,-0.8902384508083516,11253517.47192591,2.7916539530214507e-07
5.164455099888146e-07,516.4455099888146,516445.5099888146,0.9454765100660144,0.05452348993398559,-0.8909530201320288,11253517.47192591,2.7916539530214507e-07
5.165851275908662e-07,516.5851275908661,516585.1275908662,0.9458326950090576,0.05416730499094241,-0.8916653900181153,11253517.47192591,2.7916539530214507e-07
5.167247451929177e-07,516.7247451929177,516724.7451929177,0.9461877793540143,0.05381222064598562,-0.8923755587080286,11253517.47192591,2.7916539530214507e-07
5.168643627949693e-07,516.8643627949693,516864.3627949693,0.9465417622243115,0.05345823777568848,-0.893083524448623,11253517.47192591,2.7916539530214507e-07
5.170039803970209e-07,517.0039803970209,517003.9803970209,0.9468946427460945,0.05310535725390553,-0.893789285492189,11253517.47192591,2.7916539530214507e-07
5.171435979990725e-07,517.1435979990724,517143.59799907246,0.9472464200482302,0.052753579951769825,-0.8944928400964605,11253517.47192591,2.7916539530214507e-07
5.17283215601124e-07,517.2832156011241,517283.21560112404,0.947597093262309,0.05240290673769099,-0.895194186524618,11253517.47192591,2.7916539530214507e-07
5.174228332031756e-07,517.4228332031756,517422.8332031756,0.9479466615226468,0.05205333847735322,-0.8958933230452937,11253517.47192591,2.7916539530214507e-07
5.175624508052272e-07,517.5624508052272,517562.4508052272,0.9482951239662872,0.051704876033712766,-0.8965902479325745,11253517.47192591,2.7916539530214507e-07
5.177020684072788e-07,517.7020684072787,517702.06840727874,0.9486424797330038,0.05135752026699619,-0.8972849594660075,11253517.47192591,2.7916539530214507e-07
5.178416860093304e-07,517.8416860093305,517841.68600933044,0.9489887279653024,0.05101127203469763,-0.8979774559306049,11253517.47192591,2.7916539530214507e-07
5.17981303611382e-07,517.981303611382,517981.303611382,0.9493338678084218,0.050666132191578284,-0.8986677356168435,11253517.47192591,2.7916539530214507e-07
5.181209212134336e-07,518.1209212134336,518120.9212134336,0.9496778984103381,0.05032210158966188,-0.8993557968206762,11253517.47192591,2.7916539530214507e-07
5.182605388154852e-07,518.2605388154852,518260.5388154852,0.9500208189217656,0.04997918107823446,-0.9000416378435312,11253517.47192591,2.7916539530214507e-07
5.184001564175368e-07,518.4001564175368,518400.1564175368,0.9503626284961586,0.0496373715038414,-0.9007252569923172,11253517.47192591,2.7916539530214507e-07
5.185397740195883e-07,518.5397740195883,518539.7740195883,0.9507033262897142,0.04929667371028579,-0.9014066525794284,11253517.47192591,2.7916539530214507e-07
5.186793916216399e-07,518.6793916216399,518679.3916216399,0.9510429114613742,0.04895708853862579,-0.9020858229227484,11253517.47192591,2.7916539530214507e-07
5.188190092236915e-07,518.8190092236915,518819.0092236915,0.9513813831728264,0.048618616827173555,-0.9027627663456528,11253517.47192591,2.7916539530214507e-07
5.189586268257431e-07,518.9586268257431,518958.62682574306,0.9517187405885081,0.04828125941149192,-0.9034374811770163,11253517.47192591,2.7916539530214507e-07
5.190982444277946e-07,519.0982444277946,519098.24442779465,0.9520549828756069,0.04794501712439314,-0.9041099657512137,11253517.47192591,2.7916539530214507e-07
5.192378620298462e-07,519.2378620298463,519237.86202984623,0.9523901092040634,0.04760989079593658,-0.9047802184081268,11253517.47192591,2.7916539530214507e-07
5.193774796318978e-07,519.3774796318978,519377.4796318978,0.9527241187465731,0.0472758812534268,-0.9054482374931463,11253517.47192591,2.7916539530214507e-07
5.195170972339495e-07,519.5170972339495,519517.09723394946,0.9530570106785891,0.046942989321410944,-0.9061140213571781,11253517.47192591,2.7916539530214507e-07
5.196567148360011e-07,519.656714836001,519656.71483600105,0.9533887841783216,0.046611215821678376,-0.9067775683566432,11253517.47192591,2.7916539530214507e-07
5.197963324380526e-07,519.7963324380527,519796.33243805263,0.9537194384267437,0.04628056157325633,-0.9074388768534873,11253517.47192591,2.7916539530214507e-07
5.199359500401042e-07,519.9359500401042,519935.9500401042,0.9540489726075907,0.045951027392409305,-0.9080979452151814,11253517.47192591,2.7916539530214507e-07
5.200755676421558e-07,520.0755676421558,520075.5676421558,0.9543773859073631,0.045622614092636904,-0.9087547718147262,11253517.47192591,2.7916539530214507e-07
5.202151852442074e-07,520.2151852442074,520215.1852442074,0.9547046775153285,0.04529532248467155,-0.909409355030657,11253517.47192591,2.7916539530214507e-07
5.203548028462589e-07,520.354802846259,520354.802846259,0.9550308466235232,0.04496915337647678,-0.9100616932470464,11253517.47192591,2.7916539530214507e-07
5.204944204483105e-07,520.4944204483105,520494.4204483105,0.9553558924267551,0.044644107573244884,-0.9107117848535102,11253517.47192591,2.7916539530214507e-07
5.206340380503621e-07,520.634038050362,520634.0380503621,0.9556798141226048,0.04432018587739511,-0.9113596282452097,11253517.47192591,2.7916539530214507e-07
5.207736556524137e-07,520.7736556524137,520773.65565241367,0.9560026109114278,0.0439973890885722,-0.9120052218228556,11253517.47192591,2.7916539530214507e-07
5.209132732544653e-07,520.9132732544653,520913.27325446525,0.9563242819963568,0.04367571800364323,-0.9126485639927135,11253517.47192591,2.7916539530214507e-07
5.210528908565168e-07,521.0528908565168,521052.89085651684,0.9566448265833032,0.04335517341669676,-0.9132896531666064,11253517.47192591,2.7916539530214507e-07
5.211925084585684e-07,521.1925084585685,521192.5084585684,0.9569642438809598,0.0430357561190402,-0.9139284877619196,11253517.47192591,2.7916539530214507e-07
5.213321260606201e-07,521.3321260606201,521332.12606062007,0.9572825331008019,0.04271746689919809,-0.9145650662016038,11253517.47192591,2.7916539530214507e-07
5.214717436626717e-07,521.4717436626717,521471.74366267165,0.9575996934570896,0.04240030654291038,-0.9151993869141792,11253517.47192591,2.7916539530214507e-07
5.216113612647232e-07,521.6113612647232,521611.36126472324,0.9579157241668697,0.04208427583313029,-0.9158314483337393,11253517.47192591,2.7916539530214507e-07
5.217509788667748e-07,521.7509788667749,521750.9788667748,0.9582306244499779,0.041769375550022136,-0.9164612488999557,11253517.47192591,2.7916539530214507e-07
5.218905964688264e-07,521.8905964688264,521890.5964688264,0.9585443935290403,0.041455606470959694,-0.9170887870580806,11253517.47192591,2.7916539530214507e-07
5.22030214070878e-07,522.030214070878,522030.214070878,0.9588570306294759,0.04114296937052414,-0.9177140612589518,11253517.47192591,2.7916539530214507e-07
5.221698316729296e-07,522.1698316729296,522169.8316729296,0.9591685349794976,0.04083146502050233,-0.9183370699589952,11253517.47192591,2.7916539530214507e-07
5.223094492749811e-07,522.3094492749811,522309.4492749811,0.9594789058101153,0.0405210941898847,-0.9189578116202306,11253517.47192591,2.7916539530214507e-07
5.224490668770327e-07,522.4490668770327,522449.0668770327,0.9597881423551364,0.04021185764486351,-0.9195762847102729,11253517.47192591,2.7916539530214507e-07
5.225886844790843e-07,522.5886844790842,522588.6844790843,0.9600962438511691,0.03990375614883085,-0.9201924877023382,11253517.47192591,2.7916539530214507e-07
5.227283020811359e-07,522.7283020811359,522728.30208113586,0.9604032095376234,0.039596790462376574,-0.9208064190752467,11253517.47192591,2.7916539530214507e-07
5.228679196831874e-07,522.8679196831874,522867.91968318744,0.9607090386567128,0.039290961343287245,-0.9214180773134255,11253517.47192591,2.7916539530214507e-07
5.23007537285239e-07,523.007537285239,523007.537285239,0.961013730453457,0.038986269546542995,-0.9220274609069139,11253517.47192591,2.7916539530214507e-07
5.231471548872907e-07,523.1471548872908,523147.1548872907,0.9613172841756836,0.03868271582431643,-0.9226345683513673,11253517.47192591,2.7916539530214507e-07
5.232867724893423e-07,523.2867724893423,523286.77248934226,0.9616196990740288,0.03838030092597122,-0.9232393981480576,11253517.47192591,2.7916539530214507e-07
5.234263900913939e-07,523.4263900913938,523426.39009139384,0.9619209744019409,0.03807902559805909,-0.9238419488038818,11253517.47192591,2.7916539530214507e-07
5.235660076934454e-07,523.5660076934454,523566.0076934454,0.9622211094156814,0.0377788905843186,-0.9244422188313628,11253517.47192591,2.7916539530214507e-07
5.23705625295497e-07,523.705625295497,523705.625295497,0.9625201033743261,0.03747989662567386,-0.9250402067486523,11253517.47192591,2.7916539530214507e-07
5.238452428975486e-07,523.8452428975486,523845.2428975486,0.9628179555397685,0.037182044460231545,-0.9256359110795369,11253517.47192591,2.7916539530214507e-07
5.239848604996002e-07,523.9848604996001,523984.8604996002,0.9631146651767202,0.03688533482327988,-0.9262293303534403,11253517.47192591,2.7916539530214507e-07
5.241244781016517e-07,524.1244781016518,524124.47810165177,0.9634102315527134,0.036589768447286564,-0.9268204631054269,11253517.47192591,2.7916539530214507e-07
5.242640957037033e-07,524.2640957037033,524264.0957037033,0.963704653938103,0.036295346061896994,-0.927409307876206,11253517.47192591,2.7916539530214507e-07
5.244037133057549e-07,524.4037133057549,524403.7133057549,0.9639979316060674,0.03600206839393261,-0.9279958632121348,11253517.47192591,2.7916539530214507e-07
5.245433309078065e-07,524.5433309078064,524543.3309078065,0.9642900638326113,0.03570993616738877,-0.9285801276652226,11253517.47192591,2.7916539530214507e-07
5.24682948509858e-07,524.6829485098581,524682.948509858,0.9645810498965668,0.03541895010343327,-0.9291620997931336,11253517.47192591,2.7916539530214507e-07
5.248225661119097e-07,524.8225661119097,524822.5661119097,0.964870889079596,0.03512911092040405,-0.9297417781591919,11253517.47192591,2.7916539530214507e-07
5.249621837139613e-07,524.9621837139613,524962.1837139613,0.965159580666191,0.034840419333808936,-0.930319161332382,11253517.47192591,2.7916539530214507e-07
5.251018013160129e-07,525.1018013160129,525101.8013160129,0.9654471239436784,0.034552876056321624,-0.9308942478873568,11253517.47192591,2.7916539530214507e-07
5.252414189180645e-07,525.2414189180645,525241.4189180644,0.9657335182022186,0.03426648179778141,-0.9314670364044373,11253517.47192591,2.7916539530214507e-07
5.25381036520116e-07,525.381036520116,525381.036520116,0.9660187627348088,0.0339812372651912,-0.9320375254696176,11253517.47192591,2.7916539530214507e-07
5.255206541221676e-07,525.5206541221676,525520.6541221676,0.9663028568372845,0.03369714316271549,-0.9326057136745689,11253517.47192591,2.7916539530214507e-07
5.256602717242192e-07,525.6602717242192,525660.2717242192,0.9665857998083213,0.03341420019167873,-0.9331715996166425,11253517.47192591,2.7916539530214507e-07
5.257998893262708e-07,525.7998893262708,525799.8893262708,0.9668675909494359,0.03313240905056414,-0.9337351818988717,11253517.47192591,2.7916539530214507e-07
5.259395069283223e-07,525.9395069283223,525939.5069283224,0.9671482295649891,0.03285177043501081,-0.9342964591299783,11253517.47192591,2.7916539530214507e-07
5.260791245303739e-07,526.079124530374,526079.124530374,0.9674277149621868,0.032572285037813176,-0.9348554299243736,11253517.47192591,2.7916539530214507e-07
5.262187421324255e-07,526.2187421324255,526218.7421324255,0.9677060464510816,0.03229395354891845,-0.9354120929021632,11253517.47192591,2.7916539530214507e-07
5.263583597344771e-07,526.3583597344771,526358.3597344771,0.9679832233445745,0.03201677665542546,-0.9359664466891491,11253517.47192591,2.7916539530214507e-07
5.264979773365287e-07,526.4979773365286,526497.9773365287,0.9682592449584173,0.03174075504158275,-0.9365184899168346,11253517.47192591,2.7916539530214507e-07
5.266375949385803e-07,526.6375949385804,526637.5949385803,0.9685341106112134,0.03146588938878658,-0.9370682212224268,11253517.47192591,2.7916539530214507e-07
5.267772125406319e-07,526.7772125406319,526777.2125406319,0.9688078196244196,0.031192180375580414,-0.9376156392488393,11253517.47192591,2.7916539530214507e-07
5.269168301426835e-07,526.9168301426835,526916.8301426835,0.9690803713223485,0.030919628677651523,-0.938160742644697,11253517.47192591,2.7916539530214507e-07
5.270564477447351e-07,527.0564477447351,527056.447744735,0.9693517650321695,0.030648234967830534,-0.9387035300643389,11253517.47192591,2.7916539530214507e-07
5.271960653467866e-07,527.1960653467867,527196.0653467866,0.9696220000839106,0.030377999916089415,-0.9392440001678213,11253517.47192591,2.7916539530214507e-07
5.273356829488382e-07,527.3356829488382,527335.6829488382,0.9698910758104602,0.030108924189539754,-0.9397821516209204,11253517.47192591,2.7916539530214507e-07
5.274753005508898e-07,527.4753005508898,527475.3005508898,0.9701589915475688,0.02984100845243126,-0.9403179830951376,11253517.47192591,2.7916539530214507e-07
5.276149181529414e-07,527.6149181529414,527614.9181529414,0.97042574663385,0.02957425336615005,-0.9408514932676999,11253517.47192591,2.7916539530214507e-07
5.27754535754993e-07,527.754535754993,527754.535754993,0.9706913404107831,0.029308659589216857,-0.9413826808215662,11253517.47192591,2.7916539530214507e-07
5.278941533570445e-07,527.8941533570445,527894.1533570446,0.970955772222714,0.029044227777285936,-0.941911544445428,11253517.47192591,2.7916539530214507e-07
5.280337709590961e-07,528.0337709590962,528033.7709590961,0.9712190414168572,0.02878095858314278,-0.9424380828337144,11253517.47192591,2.7916539530214507e-07
5.281733885611477e-07,528.1733885611477,528173.3885611477,0.9714811473432972,0.028518852656702898,-0.9429622946865943,11253517.47192591,2.7916539530214507e-07
5.283130061631993e-07,528.3130061631992,528313.0061631993,0.97174208935499,0.028257910645009987,-0.9434841787099799,11253517.47192591,2.7916539530214507e-07
5.284526237652509e-07,528.4526237652509,528452.6237652509,0.9720018668077656,0.02799813319223443,-0.9440037336155311,11253517.47192591,2.7916539530214507e-07
5.285922413673025e-07,528.5922413673026,528592.2413673025,0.9722604790603279,0.027739520939672135,-0.9445209581206557,11253517.47192591,2.7916539530214507e-07
5.287318589693541e-07,528.7318589693541,528731.8589693541,0.9725179254742577,0.027482074525742306,-0.9450358509485155,11253517.47192591,2.7916539530214507e-07
5.288714765714057e-07,528.8714765714057,528871.4765714057,0.9727742054140139,0.027225794585986063,-0.9455484108280279,11253517.47192591,2.7916539530214507e-07
5.290110941734573e-07,529.0110941734573,529011.0941734572,0.9730293182469351,0.02697068175306494,-0.9460586364938701,11253517.47192591,2.7916539530214507e-07
5.291507117755088e-07,529.1507117755089,529150.7117755088,0.9732832633432407,0.026716736656759332,-0.9465665266864813,11253517.47192591,2.7916539530214507e-07
5.292903293775604e-07,529.2903293775604,529290.3293775604,0.9735360400760331,0.02646395992396694,-0.9470720801520662,11253517.47192591,2.7916539530214507e-07
5.29429946979612e-07,529.4299469796119,529429.946979612,0.9737876478212988,0.02621235217870116,-0.9475752956425976,11253517.47192591,2.7916539530214507e-07
5.295695645816636e-07,529.5695645816636,529569.5645816636,0.9740380859579103,0.025961914042089695,-0.9480761719158206,11253517.47192591,2.7916539530214507e-07
5.297091821837151e-07,529.7091821837151,529709.1821837152,0.9742873538676273,0.02571264613237262,-0.9485747077352547,11253517.47192591,2.7916539530214507e-07
5.298487997857667e-07,529.8487997857667,529848.7997857668,0.9745354509350983,0.025464549064901643,-0.9490709018701966,11253517.47192591,2.7916539530214507e-07
5.299884173878183e-07,529.9884173878183,529988.4173878183,0.9747823765478623,0.02521762345213774,-0.9495647530957245,11253517.47192591,2.7916539530214507e-07
5.301280349898699e-07,530.1280349898699,530128.0349898699,0.97502813009635,0.024971869903649968,-0.9500562601927001,11253517.47192591,2.7916539530214507e-07
5.302676525919216e-07,530.2676525919215,530267.6525919215,0.975272710973886,0.024727289026113985,-0.950545421947772,11253517.47192591,2.7916539530214507e-07
5.304072701939731e-07,530.4072701939731,530407.2701939731,0.9755161185766892,0.02448388142331087,-0.9510322371533784,11253517.47192591,2.7916539530214507e-07
5.305468877960247e-07,530.5468877960247,530546.8877960247,0.9757583523038751,0.02424164769612497,-0.9515167046077502,11253517.47192591,2.7916539530214507e-07
5.306865053980763e-07,530.6865053980763,530686.5053980763,0.9759994115574571,0.02400058844254299,-0.9519988231149141,11253517.47192591,2.7916539530214507e-07
5.308261230001279e-07,530.8261230001278,530826.1230001278,0.9762392957423479,0.023760704257652088,-0.9524785914846958,11253517.47192591,2.7916539530214507e-07
5.309657406021794e-07,530.9657406021795,530965.7406021794,0.9764780042663612,0.023521995733638723,-0.9529560085327224,11253517.47192591,2.7916539530214507e-07
5.31105358204231e-07,531.105358204231,531105.358204231,0.9767155365402129,0.023284463459787075,-0.9534310730804259,11253517.47192591,2.7916539530214507e-07
5.312449758062826e-07,531.2449758062826,531244.9758062826,0.9769518919775224,0.02304810802247753,-0.9539037839550448,11253517.47192591,2.7916539530214507e-07
5.313845934083342e-07,531.3845934083341,531384.5934083342,0.9771870699948146,0.02281293000518536,-0.9543741399896293,11253517.47192591,2.7916539530214507e-07
5.315242110103857e-07,531.5242110103858,531524.2110103858,0.9774210700115209,0.022578929988479157,-0.9548421400230418,11253517.47192591,2.7916539530214507e-07
5.316638286124373e-07,531.6638286124373,531663.8286124374,0.9776538914499804,0.02234610855001956,-0.9553077828999608,11253517.47192591,2.7916539530214507e-07
5.318034462144889e-07,531.8034462144889,531803.4462144889,0.9778855337354425,0.022114466264557486,-0.955771067470885,11253517.47192591,2.7916539530214507e-07
5.319430638165406e-07,531.9430638165405,531943.0638165406,0.9781159962960668,0.02188400370393323,-0.9562319925921337,11253517.47192591,2.7916539530214507e-07
5.320826814185922e-07,532.0826814185922,532082.6814185921,0.9783452785629251,0.02165472143707492,-0.9566905571258502,11253517.47192591,2.7916539530214507e-07
5.322222990206437e-07,532.2222990206437,532222.2990206437,0.9785733799700036,0.021426620029996457,-0.9571467599400072,11253517.47192591,2.7916539530214507e-07
5.323619166226953e-07,532.3619166226953,532361.9166226953,0.9788002999542029,0.02119970004579702,-0.9576005999084058,11253517.47192591,2.7916539530214507e-07
5.325015342247469e-07,532.5015342247469,532501.5342247469,0.9790260379553409,0.020973962044659067,-0.9580520759106819,11253517.47192591,2.7916539530214507e-07
5.326411518267985e-07,532.6411518267985,532641.1518267985,0.9792505934161527,0.020749406583847274,-0.9585011868323055,11253517.47192591,2.7916539530214507e-07
5.3278076942885e-07,532.78076942885,532780.76942885,0.9794739657822928,0.020526034217707156,-0.9589479315645857,11253517.47192591,2.7916539530214507e-07
5.329203870309016e-07,532.9203870309017,532920.3870309016,0.9796961545023365,0.02030384549766351,-0.959392309004673,11253517.47192591,2.7916539530214507e-07
5.330600046329532e-07,533.0600046329532,533060.0046329532,0.9799171590277809,0.020082840972219074,-0.9598343180555617,11253517.47192591,2.7916539530214507e-07
5.331996222350048e-07,533.1996222350048,533199.6222350048,0.9801369788130467,0.019863021186953322,-0.9602739576260935,11253517.47192591,2.7916539530214507e-07
5.333392398370564e-07,533.3392398370563,533339.2398370564,0.980355613315479,0.019644386684520954,-0.9607112266309581,11253517.47192591,2.7916539530214507e-07
5.334788574391079e-07,533.478857439108,533478.857439108,0.9805730619953492,0.01942693800465073,-0.9611461239906984,11253517.47192591,2.7916539530214507e-07
5.336184750411595e-07,533.6184750411595,533618.4750411595,0.9807893243158559,0.019210675684144085,-0.9615786486317117,11253517.47192591,2.7916539530214507e-07
5.337580926432112e-07,533.7580926432112,533758.0926432112,0.9810043997431266,0.018995600256873357,-0.9620087994862532,11253517.47192591,2.7916539530214507e-07
5.338977102452628e-07,533.8977102452627,533897.7102452627,0.9812182877462182,0.01878171225378178,-0.9624365754924364,11253517.47192591,2.7916539530214507e-07
5.340373278473143e-07,534.0373278473144,534037.3278473143,0.9814309877971195,0.018569012202880486,-0.9628619755942389,11253517.47192591,2.7916539530214507e-07
5.341769454493659e-07,534.1769454493659,534176.9454493659,0.9816424993707519,0.018357500629248125,-0.9632849987415038,11253517.47192591,2.7916539530214507e-07
5.343165630514175e-07,534.3165630514175,534316.5630514175,0.9818528219449705,0.018147178055029578,-0.963705643889941,11253517.47192591,2.7916539530214507e-07
5.344561806534691e-07,534.4561806534691,534456.180653469,0.9820619550005656,0.01793804499943441,-0.9641239100011312,11253517.47192591,2.7916539530214507e-07
5.345957982555207e-07,534.5957982555207,534595.7982555206,0.9822698980212642,0.017730101978735813,-0.9645397960425284,11253517.47192591,2.7916539530214507e-07
5.347354158575722e-07,534.7354158575722,534735.4158575722,0.982476650493731,0.017523349506269048,-0.964953300987462,11253517.47192591,2.7916539530214507e-07
5.348750334596238e-07,534.8750334596239,534875.0334596238,0.9826822119075693,0.01731778809243062,-0.9653644238151387,11253517.47192591,2.7916539530214507e-07
5.350146510616754e-07,535.0146510616754,535014.6510616754,0.9828865817553235,0.017113418244676493,-0.965773163510647,11253517.47192591,2.7916539530214507e-07
5.35154268663727e-07,535.154268663727,535154.268663727,0.9830897595324788,0.01691024046752121,-0.9661795190649576,11253517.47192591,2.7916539530214507e-07
5.352938862657785e-07,535.2938862657785,535293.8862657786,0.9832917447374636,0.016708255262536442,-0.9665834894749272,11253517.47192591,2.7916539530214507e-07
5.354335038678301e-07,535.4335038678302,535433.5038678301,0.9834925368716501,0.016507463128349942,-0.9669850737433001,11253517.47192591,2.7916539530214507e-07
5.355731214698818e-07,535.5731214698818,535573.1214698819,0.9836921354393562,0.01630786456064387,-0.9673842708787124,11253517.47192591,2.7916539530214507e-07
5.357127390719334e-07,535.7127390719334,535712.7390719334,0.9838905399478454,0.016109460052154634,-0.9677810798956907,11253517.47192591,2.7916539530214507e-07
5.35852356673985e-07,535.852356673985,535852.3566739849,0.9840877499073297,0.015912250092670333,-0.9681754998146594,11253517.47192591,2.7916539530214507e-07
5.359919742760365e-07,535.9919742760366,535991.9742760365,0.9842837648309697,0.015716235169030257,-0.9685675296619394,11253517.47192591,2.7916539530214507e-07
5.361315918780881e-07,536.1315918780881,536131.5918780881,0.9844785842348762,0.015521415765123725,-0.9689571684697524,11253517.47192591,2.7916539530214507e-07
5.362712094801397e-07,536.2712094801396,536271.2094801397,0.9846722076381114,0.015327792361888692,-0.9693444152762227,11253517.47192591,2.7916539530214507e-07
5.364108270821913e-07,536.4108270821913,536410.8270821912,0.9848646345626895,0.015135365437310533,-0.9697292691253789,11253517.47192591,2.7916539530214507e-07
5.365504446842428e-07,536.5504446842428,536550.4446842428,0.9850558645335789,0.014944135466421149,-0.9701117290671577,11253517.47192591,2.7916539530214507e-07
5.366900622862944e-07,536.6900622862944,536690.0622862944,0.9852458970787026,0.014754102921297418,-0.9704917941574052,11253517.47192591,2.7916539530214507e-07
5.36829679888346e-07,536.829679888346,536829.679888346,0.9854347317289398,0.014565268271060194,-0.9708694634578796,11253517.47192591,2.7916539530214507e-07
5.369692974903976e-07,536.9692974903976,536969.2974903976,0.9856223680181265,0.014377631981873473,-0.971244736036253,11253517.47192591,2.7916539530214507e-07
5.371089150924492e-07,537.1089150924491,537108.9150924492,0.9858088054830574,0.014191194516942618,-0.9716176109661148,11253517.47192591,2.7916539530214507e-07
5.372485326945008e-07,537.2485326945008,537248.5326945009,0.9859940436634864,0.01400595633651358,-0.9719880873269728,11253517.47192591,2.7916539530214507e-07
5.373881502965524e-07,537.3881502965525,537388.1502965525,0.9861780821021282,0.01382191789787185,-0.9723561642042564,11253517.47192591,2.7916539530214507e-07
5.37527767898604e-07,537.527767898604,537527.767898604,0.9863609203446588,0.013639079655341169,-0.9727218406893177,11253517.47192591,2.7916539530214507e-07
5.376673855006556e-07,537.6673855006555,537667.3855006555,0.9865425579397178,0.013457442060282154,-0.9730851158794356,11253517.47192591,2.7916539530214507e-07
5.378070031027071e-07,537.8070031027072,537807.0031027071,0.9867229944389081,0.013277005561091904,-0.9734459888778162,11253517.47192591,2.7916539530214507e-07
5.379466207047587e-07,537.9466207047587,537946.6207047587,0.9869022293967977,0.013097770603202219,-0.9738044587935955,11253517.47192591,2.7916539530214507e-07
5.380862383068103e-07,538.0862383068103,538086.2383068103,0.9870802623709214,0.012919737629078665,-0.9741605247418428,11253517.47192591,2.7916539530214507e-07
5.382258559088619e-07,538.2258559088618,538225.8559088618,0.9872570929217803,0.012742907078219623,-0.9745141858435606,11253517.47192591,2.7916539530214507e-07
5.383654735109135e-07,538.3654735109135,538365.4735109134,0.9874327206128448,0.012567279387155184,-0.9748654412256896,11253517.47192591,2.7916539530214507e-07
5.38505091112965e-07,538.505091112965,538505.091112965,0.9876071450105541,0.012392854989445923,-0.9752142900211083,11253517.47192591,2.7916539530214507e-07
5.386447087150166e-07,538.6447087150166,538644.7087150166,0.987780365684318,0.012219634315682015,-0.9755607313686361,11253517.47192591,2.7916539530214507e-07
5.387843263170682e-07,538.7843263170682,538784.3263170682,0.9879523822065179,0.012047617793482013,-0.9759047644130359,11253517.47192591,2.7916539530214507e-07
5.389239439191198e-07,538.9239439191198,538923.9439191198,0.9881231941525082,0.01187680584749179,-0.9762463883050163,11253517.47192591,2.7916539530214507e-07
5.390635615211714e-07,539.0635615211714,539063.5615211715,0.9882928011006162,0.011707198899383764,-0.9765856022012325,11253517.47192591,2.7916539530214507e-07
5.39203179123223e-07,539.203179123223,539203.1791232231,0.9884612026321444,0.011538797367855624,-0.9769224052642889,11253517.47192591,2.7916539530214507e-07
5.393427967252746e-07,539.3427967252746,539342.7967252746,0.9886283983313708,0.011371601668629105,-0.9772567966627417,11253517.47192591,2.7916539530214507e-07
5.394824143273262e-07,539.4824143273262,539482.4143273262,0.9887943877855505,0.011205612214449434,-0.977588775571101,11253517.47192591,2.7916539530214507e-07
5.396220319293778e-07,539.6220319293777,539622.0319293777,0.9889591705849161,0.01104082941508383,-0.9779183411698322,11253517.47192591,2.7916539530214507e-07
5.397616495314293e-07,539.7616495314294,539761.6495314293,0.9891227463226793,0.010877253677320786,-0.9782454926453585,11253517.47192591,2.7916539530214507e-07
5.399012671334809e-07,539.9012671334809,539901.2671334809,0.9892851145950308,0.010714885404969232,-0.9785702291900615,11253517.47192591,2.7916539530214507e-07
5.400408847355325e-07,540.0408847355325,540040.8847355325,0.989446275001143,0.01055372499885704,-0.978892550002286,11253517.47192591,2.7916539530214507e-07
5.401805023375841e-07,540.180502337584,540180.502337584,0.9896062271431696,0.010393772856830408,-0.9792124542863392,11253517.47192591,2.7916539530214507e-07
5.403201199396356e-07,540.3201199396357,540320.1199396356,0.9897649706262472,0.010235029373752758,-0.9795299412524945,11253517.47192591,2.7916539530214507e-07
5.404597375416872e-07,540.4597375416872,540459.7375416872,0.9899225050584962,0.010077494941503784,-0.9798450101169924,11253517.47192591,2.7916539530214507e-07
5.405993551437388e-07,540.5993551437388,540599.3551437388,0.9900788300510217,0.009921169948978348,-0.9801576601020434,11253517.47192591,2.7916539530214507e-07
5.407389727457904e-07,540.7389727457904,540738.9727457904,0.9902339452179141,0.00976605478208592,-0.9804678904358282,11253517.47192591,2.7916539530214507e-07
5.40878590347842e-07,540.8785903478421,540878.5903478421,0.9903878501762511,0.009612149823748917,-0.9807757003525022,11253517.47192591,2.7916539530214507e-07
5.410182079498936e-07,541.0182079498936,541018.2079498937,0.9905405445460972,0.00945945545390281,-0.9810810890921944,11253517.47192591,2.7916539530214507e-07
5.411578255519452e-07,541.1578255519452,541157.8255519453,0.9906920279505059,0.009307972049494073,-0.9813840559010119,11253517.47192591,2.7916539530214507e-07
5.412974431539968e-07,541.2974431539968,541297.4431539968,0.99084230001552,0.009157699984479961,-0.98168460003104,11253517.47192591,2.7916539530214507e-07
5.414370607560484e-07,541.4370607560484,541437.0607560483,0.9909913603701728,0.009008639629827231,-0.9819827207403455,11253517.47192591,2.7916539530214507e-07
5.415766783580999e-07,541.5766783580999,541576.6783580999,0.9911392086464885,0.008860791353511532,-0.982278417292977,11253517.47192591,2.7916539530214507e-07
5.417162959601515e-07,541.7162959601516,541716.2959601515,0.9912858444794839,0.008714155520516131,-0.9825716889589677,11253517.47192591,2.7916539530214507e-07
5.418559135622031e-07,541.8559135622031,541855.9135622031,0.9914312675071686,0.008568732492831466,-0.9828625350143372,11253517.47192591,2.7916539530214507e-07
5.419955311642547e-07,541.9955311642547,541995.5311642546,0.9915754773705461,0.008424522629453868,-0.9831509547410922,11253517.47192591,2.7916539530214507e-07
5.421351487663062e-07,542.1351487663062,542135.1487663062,0.9917184737136152,0.008281526286384788,-0.9834369474272304,11253517.47192591,2.7916539530214507e-07
5.422747663683578e-07,542.2747663683579,542274.7663683578,0.99186025618337,0.008139743816629963,-0.9837205123667401,11253517.47192591,2.7916539530214507e-07
5.424143839704094e-07,542.4143839704094,542414.3839704094,0.9920008244298014,0.00799917557019858,-0.9840016488596028,11253517.47192591,2.7916539530214507e-07
5.42554001572461e-07,542.554001572461,542554.001572461,0.9921401781058978,0.00785982189410217,-0.9842803562117957,11253517.47192591,2.7916539530214507e-07
5.426936191745127e-07,542.6936191745126,542693.6191745127,0.9922783168676459,0.007721683132354051,-0.9845566337352918,11253517.47192591,2.7916539530214507e-07
5.428332367765642e-07,542.8332367765643,542833.2367765643,0.9924152403740314,0.007584759625968607,-0.9848304807480628,11253517.47192591,2.7916539530214507e-07
5.429728543786158e-07,542.9728543786158,542972.8543786159,0.9925509482870403,0.007449051712959787,-0.9851018965740805,11253517.47192591,2.7916539530214507e-07
5.431124719806674e-07,543.1124719806674,543112.4719806674,0.9926854402716591,0.007314559728340941,-0.9853708805433181,11253517.47192591,2.7916539530214507e-07
5.43252089582719e-07,543.252089582719,543252.089582719,0.9928187159958763,0.0071812840041236,-0.9856374319917527,11253517.47192591,2.7916539530214507e-07
5.433917071847705e-07,543.3917071847706,543391.7071847705,0.9929507751306832,0.007049224869316806,-0.9859015502613664,11253517.47192591,2.7916539530214507e-07
5.435313247868221e-07,543.5313247868221,543531.3247868221,0.9930816173500736,0.006918382649926447,-0.9861632347001472,11253517.47192591,2.7916539530214507e-07
5.436709423888737e-07,543.6709423888738,543670.9423888737,0.993211242331046,0.006788757668954093,-0.9864224846620919,11253517.47192591,2.7916539530214507e-07
5.438105599909253e-07,543.8105599909253,543810.5599909252,0.9933396497536036,0.006660350246396385,-0.9866792995072071,11253517.47192591,2.7916539530214507e-07
5.439501775929769e-07,543.9501775929768,543950.1775929768,0.9934668393007555,0.0065331606992445335,-0.986933678601511,11253517.47192591,2.7916539530214507e-07
5.440897951950284e-07,544.0897951950284,544089.7951950284,0.993592810658517,0.006407189341483044,-0.987185621317034,11253517.47192591,2.7916539530214507e-07
5.4422941279708e-07,544.22941279708,544229.41279708,0.9937175635159109,0.0062824364840891045,-0.9874351270318218,11253517.47192591,2.7916539530214507e-07
5.443690303991317e-07,544.3690303991317,544369.0303991317,0.9938410975649681,0.006158902435031921,-0.9876821951299362,11253517.47192591,2.7916539530214507e-07
5.445086480011833e-07,544.5086480011832,544508.6480011833,0.993963412500728,0.006036587499272106,-0.9879268250014559,11253517.47192591,2.7916539530214507e-07
5.446482656032348e-07,544.6482656032348,544648.2656032349,0.9940845080212396,0.005915491978760401,-0.9881690160424792,11253517.47192591,2.7916539530214507e-07
5.447878832052864e-07,544.7878832052864,544787.8832052865,0.9942043838275625,0.005795616172437568,-0.988408767655125,11253517.47192591,2.7916539530214507e-07
5.44927500807338e-07,544.927500807338,544927.500807338,0.994323039623767,0.005676960376233053,-0.988646079247534,11253517.47192591,2.7916539530214507e-07
5.450671184093896e-07,545.0671184093895,545067.1184093896,0.9944404751169352,0.00555952488306477,-0.9888809502338705,11253517.47192591,2.7916539530214507e-07
5.452067360114412e-07,545.2067360114412,545206.7360114411,0.9945566900171621,0.005443309982837985,-0.9891133800343241,11253517.47192591,2.7916539530214507e-07
5.453463536134927e-07,545.3463536134927,545346.3536134927,0.9946716840375551,0.0053283159624449294,-0.9893433680751103,11253517.47192591,2.7916539530214507e-07
5.454859712155443e-07,545.4859712155443,545485.9712155443,0.9947854568942363,0.005214543105763747,-0.9895709137884725,11253517.47192591,2.7916539530214507e-07
5.456255888175959e-07,545.6255888175959,545625.5888175959,0.9948980083063419,0.005101991693658103,-0.9897960166126838,11253517.47192591,2.7916539530214507e-07
5.457652064196475e-07,545.7652064196475,545765.2064196474,0.9950093379960236,0.004990662003976298,-0.9900186759920473,11253517.47192591,2.7916539530214507e-07
5.45904824021699e-07,545.904824021699,545904.824021699,0.9951194456884493,0.0048805543115506556,-0.9902388913768987,11253517.47192591,2.7916539530214507e-07
5.460444416237506e-07,546.0444416237506,546044.4416237506,0.9952283311118031,0.004771668888196967,-0.9904566622236062,11253517.47192591,2.7916539530214507e-07
5.461840592258023e-07,546.1840592258023,546184.0592258023,0.9953359939972866,0.004664006002713439,-0.9906719879945731,11253517.47192591,2.7916539530214507e-07
5.463236768278539e-07,546.3236768278539,546323.6768278539,0.9954424340791195,0.004557565920880524,-0.990884868158239,11253517.47192591,2.7916539530214507e-07
5.464632944299055e-07,546.4632944299054,546463.2944299055,0.9955476510945401,0.004452348905459869,-0.9910953021890803,11253517.47192591,2.7916539530214507e-07
5.46602912031957e-07,546.602912031957,546602.9120319571,0.9956516447838062,0.0043483552161938666,-0.9913032895676124,11253517.47192591,2.7916539530214507e-07
5.467425296340086e-07,546.7425296340086,546742.5296340086,0.9957544148901951,0.004245585109804828,-0.9915088297803902,11253517.47192591,2.7916539530214507e-07
5.468821472360602e-07,546.8821472360602,546882.1472360602,0.9958559611600052,0.0041440388399948125,-0.9917119223200104,11253517.47192591,2.7916539530214507e-07
5.470217648381118e-07,547.0217648381117,547021.7648381118,0.9959562833425557,0.004043716657444352,-0.9919125666851114,11253517.47192591,2.7916539530214507e-07
5.471613824401633e-07,547.1613824401634,547161.3824401633,0.9960553811901878,0.003944618809812284,-0.9921107623803755,11253517.47192591,2.7916539530214507e-07
5.473010000422149e-07,547.3010000422149,547301.0000422149,0.996153254458265,0.0038467455417350305,-0.9923065089165299,11253517.47192591,2.7916539530214507e-07
5.474406176442665e-07,547.4406176442665,547440.6176442665,0.9962499029051741,0.0037500970948259327,-0.9924998058103482,11253517.47192591,2.7916539530214507e-07
5.475802352463181e-07,547.5802352463181,547580.235246318,0.9963453262923254,0.0036546737076746383,-0.9926906525846508,11253517.47192591,2.7916539530214507e-07
5.477198528483696e-07,547.7198528483697,547719.8528483696,0.9964395243841533,0.0035604756158467143,-0.9928790487683066,11253517.47192591,2.7916539530214507e-07
5.478594704504212e-07,547.8594704504212,547859.4704504212,0.9965324969481171,0.0034675030518828698,-0.9930649938962341,11253517.47192591,2.7916539530214507e-07
5.479990880524729e-07,547.9990880524729,547999.0880524729,0.9966242437547018,0.003375756245298178,-0.9932484875094036,11253517.47192591,2.7916539530214507e-07
5.481387056545245e-07,548.1387056545245,548138.7056545245,0.9967147645774177,0.0032852354225823,-0.9934295291548354,11253517.47192591,2.7916539530214507e-07
5.482783232565761e-07,548.2783232565761,548278.3232565761,0.996804059192802,0.0031959408071979833,-0.993608118385604,11253517.47192591,2.7916539530214507e-07
5.484179408586276e-07,548.4179408586276,548417.9408586277,0.996892127380419,0.003107872619581009,-0.993784254760838,11253517.47192591,2.7916539530214507e-07
5.485575584606792e-07,548.5575584606792,548557.5584606793,0.9969789689228605,0.0030210310771395243,-0.9939579378457211,11253517.47192591,2.7916539530214507e-07
5.486971760627308e-07,548.6971760627308,548697.1760627308,0.9970645836057463,0.0029354163942536537,-0.9941291672114927,11253517.47192591,2.7916539530214507e-07
5.488367936647824e-07,548.8367936647824,548836.7936647824,0.9971489712177254,0.0028510287822746117,-0.9942979424354508,11253517.47192591,2.7916539530214507e-07
5.48976411266834e-07,548.9764112668339,548976.4112668339,0.9972321315504752,0.002767868449524813,-0.9944642631009504,11253517.47192591,2.7916539530214507e-07
5.491160288688855e-07,549.1160288688856,549116.0288688855,0.9973140643987033,0.0026859356012966518,-0.9946281287974066,11253517.47192591,2.7916539530214507e-07
5.492556464709371e-07,549.2556464709371,549255.6464709371,0.9973947695601477,0.002605230439852335,-0.9947895391202954,11253517.47192591,2.7916539530214507e-07
5.493952640729887e-07,549.3952640729887,549395.2640729886,0.9974742468355764,0.00252575316442355,-0.9949484936711528,11253517.47192591,2.7916539530214507e-07
5.495348816750403e-07,549.5348816750403,549534.8816750402,0.9975524960287894,0.002447503971210574,-0.9951049920575787,11253517.47192591,2.7916539530214507e-07
5.496744992770919e-07,549.674499277092,549674.4992770919,0.997629516946618,0.0023704830533820553,-0.9952590338932359,11253517.47192591,2.7916539530214507e-07
5.498141168791435e-07,549.8141168791435,549814.1168791435,0.9977053093989254,0.0022946906010746226,-0.9954106187978509,11253517.47192591,2.7916539530214507e-07
5.499537344811951e-07,549.953734481195,549953.7344811951,0.9977798731986078,0.0022201268013921083,-0.9955597463972157,11253517.47192591,2.7916539530214507e-07
5.500933520832467e-07,550.0933520832467,550093.3520832467,0.9978532081615947,0.002146791838405271,-0.9957064163231895,11253517.47192591,2.7916539530214507e-07
5.502329696852982e-07,550.2329696852983,550232.9696852983,0.9979253141068486,0.0020746858931514067,-0.9958506282136972,11253517.47192591,2.7916539530214507e-07
5.503725872873498e-07,550.3725872873498,550372.5872873499,0.9979961908563663,0.002003809143633739,-0.9959923817127325,11253517.47192591,2.7916539530214507e-07
5.505122048894014e-07,550.5122048894013,550512.2048894014,0.998065838235179,0.0019341617648210296,-0.996131676470358,11253517.47192591,2.7916539530214507e-07
5.50651822491453e-07,550.651822491453,550651.822491453,0.9981342560713528,0.0018657439286472455,-0.9962685121427055,11253517.47192591,2.7916539530214507e-07
5.507914400935046e-07,550.7914400935045,550791.4400935045,0.998201444195989,0.001798555804011004,-0.996402888391978,11253517.47192591,2.7916539530214507e-07
5.509310576955561e-07,550.9310576955561,550931.0576955561,0.9982674024432246,0.0017325975567753504,-0.9965348048864493,11253517.47192591,2.7916539530214507e-07
5.510706752976077e-07,551.0706752976077,551070.6752976077,0.9983321306502331,0.0016678693497669816,-0.9966642613004661,11253517.47192591,2.7916539530214507e-07
5.512102928996593e-07,551.2102928996593,551210.2928996593,0.9983956286572238,0.0016043713427763007,-0.9967912573144475,11253517.47192591,2.7916539530214507e-07
5.513499105017109e-07,551.3499105017108,551349.9105017108,0.9984578963074434,0.0015421036925565845,-0.9969157926148868,11253517.47192591,2.7916539530214507e-07
5.514895281037625e-07,551.4895281037625,551489.5281037625,0.998518933447176,0.0014810665528239841,-0.997037866894352,11253517.47192591,2.7916539530214507e-07
5.516291457058141e-07,551.6291457058142,551629.1457058141,0.9985787399257431,0.0014212600742569137,-0.9971574798514862,11253517.47192591,2.7916539530214507e-07
5.517687633078657e-07,551.7687633078657,551768.7633078657,0.9986373155955043,0.0013626844044957176,-0.9972746311910086,11253517.47192591,2.7916539530214507e-07
5.519083809099173e-07,551.9083809099172,551908.3809099173,0.9986946603118576,0.0013053396881423374,-0.9973893206237152,11253517.47192591,2.7916539530214507e-07
5.520479985119689e-07,552.0479985119689,552047.9985119689,0.9987507739332401,0.001249226066759923,-0.9975015478664802,11253517.47192591,2.7916539530214507e-07
5.521876161140204e-07,552.1876161140204,552187.6161140205,0.9988056563211275,0.0011943436788725004,-0.997611312642255,11253517.47192591,2.7916539530214507e-07
5.52327233716072e-07,552.327233716072,552327.233716072,0.9988593073400354,0.0011406926599646372,-0.9977186146800707,11253517.47192591,2.7916539530214507e-07
5.524668513181236e-07,552.4668513181235,552466.8513181236,0.998911726857519,0.001088273142481111,-0.9978234537150379,11253517.47192591,2.7916539530214507e-07
5.526064689201752e-07,552.6064689201752,552606.4689201752,0.9989629147441734,0.0010370852558265753,-0.9979258294883468,11253517.47192591,2.7916539530214507e-07
5.527460865222267e-07,552.7460865222267,552746.0865222267,0.9990128708736348,0.000987129126365227,-0.9980257417472695,11253517.47192591,2.7916539530214507e-07
5.528857041242783e-07,552.8857041242783,552885.7041242783,0.9990615951225796,0.0009384048774204179,-0.9981231902451593,11253517.47192591,2.7916539530214507e-07
5.530253217263299e-07,553.0253217263299,553025.3217263299,0.9991090873707253,0.0008909126292746539,-0.9982181747414507,11253517.47192591,2.7916539530214507e-07
5.531649393283815e-07,553.1649393283815,553164.9393283814,0.999155347500831,0.0008446524991689297,-0.998310695001662,11253517.47192591,2.7916539530214507e-07
5.533045569304332e-07,553.3045569304331,553304.5569304331,0.9992003753986975,0.0007996246013025066,-0.9984007507973951,11253517.47192591,2.7916539530214507e-07
5.534441745324847e-07,553.4441745324847,553444.1745324847,0.9992441709531671,0.0007558290468329121,-0.9984883419063342,11253517.47192591,2.7916539530214507e-07
5.535837921345363e-07,553.5837921345363,553583.7921345363,0.9992867340561247,0.0007132659438753297,-0.9985734681122493,11253517.47192591,2.7916539530214507e-07
5.537234097365879e-07,553.7234097365879,553723.4097365879,0.9993280646024975,0.0006719353975025433,-0.9986561292049949,11253517.47192591,2.7916539530214507e-07
5.538630273386395e-07,553.8630273386394,553863.0273386395,0.9993681624902554,0.0006318375097446038,-0.9987363249805108,11253517.47192591,2.7916539530214507e-07
5.54002644940691e-07,554.0026449406911,554002.6449406911,0.9994070276204116,0.0005929723795884412,-0.9988140552408231,11253517.47192591,2.7916539530214507e-07
5.541422625427426e-07,554.1422625427426,554142.2625427427,0.9994446598970219,0.0005553401029780303,-0.9988893197940438,11253517.47192591,2.7916539530214507e-07
5.542818801447942e-07,554.2818801447942,554281.8801447942,0.9994810592271864,0.0005189407728135587,-0.9989621184543729,11253517.47192591,2.7916539530214507e-07
5.544214977468458e-07,554.4214977468457,554421.4977468458,0.9995162255210482,0.0004837744789517595,-0.9990324510420965,11253517.47192591,2.7916539530214507e-07
5.545611153488973e-07,554.5611153488974,554561.1153488973,0.9995501586917946,0.0004498413082053565,-0.9991003173835893,11253517.47192591,2.7916539530214507e-07
5.547007329509489e-07,554.7007329509489,554700.7329509489,0.9995828586556571,0.0004171413443428973,-0.9991657173113142,11253517.47192591,2.7916539530214507e-07
5.548403505530005e-07,554.8403505530005,554840.3505530005,0.9996143253319112,0.0003856746680887535,-0.9992286506638224,11253517.47192591,2.7916539530214507e-07
5.549799681550521e-07,554.9799681550521,554979.968155052,0.9996445586428775,0.00035544135712256564,-0.999289117285755,11253517.47192591,2.7916539530214507e-07
5.551195857571038e-07,555.1195857571038,555119.5857571037,0.9996735585139206,0.0003264414860794096,-0.9993471170278412,11253517.47192591,2.7916539530214507e-07
5.552592033591553e-07,555.2592033591553,555259.2033591553,0.9997013248734506,0.0002986751265493526,-0.9994026497469013,11253517.47192591,2.7916539530214507e-07
5.553988209612069e-07,555.3988209612069,555398.8209612069,0.9997278576529227,0.0002721423470773421,-0.9994557153058454,11253517.47192591,2.7916539530214507e-07
5.555384385632585e-07,555.5384385632585,555538.4385632585,0.9997531567868367,0.0002468432131632059,-0.9995063135736735,11253517.47192591,2.7916539530214507e-07
5.556780561653101e-07,555.6780561653101,555678.0561653101,0.9997772222127388,0.0002227777872611525,-0.9995544444254776,11253517.47192591,2.7916539530214507e-07
5.558176737673616e-07,555.8176737673616,555817.6737673617,0.99980005387122,0.00019994612878004858,-0.9996001077424399,11253517.47192591,2.7916539530214507e-07
5.559572913694132e-07,555.9572913694133,555957.2913694133,0.9998216517059172,0.0001783482940828085,-0.9996433034118344,11253517.47192591,2.7916539530214507e-07
5.560969089714648e-07,556.0969089714648,556096.9089714648,0.9998420156635133,0.00015798433648672727,-0.9996840313270265,11253517.47192591,2.7916539530214507e-07
5.562365265735164e-07,556.2365265735164,556236.5265735164,0.9998611456937372,0.00013885430626287,-0.9997222913874744,11253517.47192591,2.7916539530214507e-07
5.56376144175568e-07,556.3761441755679,556376.144175568,0.9998790417493637,0.00012095825063634935,-0.9997580834987274,11253517.47192591,2.7916539530214507e-07
5.565157617776195e-07,556.5157617776196,556515.7617776195,0.9998957037862141,0.00010429621378593712,-0.9997914075724281,11253517.47192591,2.7916539530214507e-07
5.566553793796711e-07,556.6553793796711,556655.3793796711,0.9999111317631558,8.886823684417511e-05,-0.9998222635263116,11253517.47192591,2.7916539530214507e-07
5.567949969817228e-07,556.7949969817228,556794.9969817228,0.999925325642103,7.467435789704213e-05,-0.999850651284206,11253517.47192591,2.7916539530214507e-07
5.569346145837744e-07,556.9346145837744,556934.6145837744,0.9999382853880159,6.171461198412054e-05,-0.9998765707760318,11253517.47192591,2.7916539530214507e-07
5.57074232185826e-07,557.074232185826,557074.2321858259,0.9999500109689017,4.998903109826314e-05,-0.9999000219378034,11253517.47192591,2.7916539530214507e-07
5.572138497878775e-07,557.2138497878775,557213.8497878775,0.9999605023558145,3.9497644185593206e-05,-0.9999210047116289,11253517.47192591,2.7916539530214507e-07
5.573534673899291e-07,557.353467389929,557353.4673899291,0.9999697595228545,3.0240477145559996e-05,-0.999939519045709,11253517.47192591,2.7916539530214507e-07
5.574930849919807e-07,557.4930849919807,557493.0849919807,0.9999777824471693,2.221755283071669e-05,-0.9999555648943386,11253517.47192591,2.7916539530214507e-07
5.576327025940323e-07,557.6327025940323,557632.7025940323,0.9999845711089532,1.5428891046720405e-05,-0.9999691422179064,11253517.47192591,2.7916539530214507e-07
5.577723201960838e-07,557.7723201960838,557772.3201960839,0.9999901254914476,9.874508552332184e-06,-0.9999802509828952,11253517.47192591,2.7916539530214507e-07
5.579119377981354e-07,557.9119377981355,557911.9377981354,0.9999944455809407,5.5544190592504705e-06,-0.9999888911618815,11253517.47192591,2.7916539530214507e-07
5.58051555400187e-07,558.051555400187,558051.555400187,0.9999975313667677,2.4686332322221283e-06,-0.9999950627335354,11253517.47192591,2.7916539530214507e-07
5.581911730022386e-07,558.1911730022385,558191.1730022386,0.9999993828413111,6.171586889314185e-07,-0.9999987656826221,11253517.47192591,2.7916539530214507e-07
5.583307906042901e-07,558.3307906042902,558330.7906042901,1.0,0.0,-1.0,11253517.47192591,2.7916539530214507e-07
