theta,x_p_A,y_p_A,d_A,k,xi_p,eta_p,delta,tau_s,tau_ns,tau_ps,tau_log10_s,tau_ratio,phi,phi_inv2
-0.6,0.9746643850903217,-0.5646424733950354,1.1264065812685746,-0.5793198992725175,9.746643850903217,-5.6464247339503535,11.264065812685745,2.639288418887409,2639288418.8874087,2639288418887.4087,0.4214868520946054,9454210.526454633,1.618033988749895,0.38196601125010515
-0.599,0.9741001553788068,-0.5638168555964684,1.125504579894593,-0.5788078900133344,9.741001553788067,-5.638168555964684,11.25504579894593,2.506600793864275,2506600793.864275,2506600793864.275,0.3990851728784329,8978909.406559296,1.618033988749895,0.38196601125010515
-0.598,0.9735367515670678,-0.5629906739810929,1.1246031769657436,-0.5782942175268336,9.735367515670678,-5.629906739810929,11.246031769657435,2.3807606039721962,2380760603.972196,2380760603972.1963,0.37671572736585013,8528136.524211612,1.618033988749895,0.38196601125010515
-0.597,0.9729741742185082,-0.5621639293750903,1.1237023748246817,-0.577778880746367,9.729741742185082,-5.621639293750903,11.237023748246816,2.2614059920861096,2261405992.0861096,2261405992086.1094,0.3543785385922849,8100595.668881361,1.618033988749895,0.38196601125010515
-0.596,0.9724124238957055,-0.5613366226052051,1.1228021758192934,-0.5772618786135648,9.724124238957055,-5.613366226052051,11.228021758192934,2.148194644616107,2148194644.616107,2148194644616.107,0.3320736295661052,7695060.637050241,1.618033988749895,0.38196601125010515
-0.595,0.97185150116041,-0.5605087544987442,1.121902582302704,-0.5767432100783768,9.718515011604099,-5.605087544987441,11.219025823027039,2.0408027145254506,2040802714.5254507,2040802714525.4507,0.3098010232686486,7310371.374348379,1.618033988749895,0.38196601125010515
-0.594,0.9712914065735443,-0.5596803258835754,1.1210035966332843,-0.5762228740991105,9.712914065735442,-5.596803258835754,11.210035966332843,1.9389238048184376,1938923804.8184376,1938923804818.4377,0.2875607426542113,6945430.334300245,1.618033988749895,0.38196601125010515
-0.593,0.970732140695203,-0.5588513375881274,1.1201052211746585,-0.5757008696424726,9.70732140695203,-5.588513375881274,11.201052211746584,1.8422680090431414,1842268009.0431414,1842268009043.1414,0.26535281065002353,6599199.041303905,1.618033988749895,0.38196601125010515
-0.592,0.9701737040846518,-0.5580217904413884,1.1192074582957112,-0.5751771956836079,9.701737040846517,-5.580217904413884,11.192074582957112,1.7505610055548204,1750561005.5548203,1750561005554.8203,0.243177250156273,6270694.846186652,1.618033988749895,0.38196601125010515
-0.591,0.9696160973003274,-0.5571916852729055,1.1183103103705958,-0.5746518512061396,9.696160973003273,-5.571916852729055,11.183103103705957,1.6635432024739734,1663543202.4739733,1663543202473.9734,0.22103408404608885,5958987.863354248,1.618033988749895,0.38196601125010515
-0.59,0.9690593208998365,-0.5563610229127838,1.1174137797787405,-0.5741248352022096,9.690593208998365,-5.563610229127837,11.174137797787404,1.5809689304514425,1580968930.4514425,1580968930451.4424,0.1989233351655551,5663198.079190062,1.618033988749895,0.38196601125010515
-0.589,0.9685033754399555,-0.5555298041916854,1.1165178689048552,-0.5735961466725179,9.685033754399553,-5.555298041916854,11.16517868904855,1.5026056805195573,1502605680.5195572,1502605680519.5574,0.17684502633365687,5382492.621957187,1.618033988749895,0.38196601125010515
-0.588,0.9679482614766297,-0.5546980299408292,1.1156225801389408,-0.5730657846263634,9.679482614766297,-5.5469802994082915,11.156225801389407,1.4282333844668589,1428233384.4668589,1428233384466.859,0.15479918034236695,5116083.184024508,1.618033988749895,0.38196601125010515
-0.587,0.9673939795649732,-0.5538657009919893,1.1147279158762928,-0.5725337480816831,9.673939795649732,-5.538657009919892,11.147279158762927,1.357643735320107,1357643735.320107,1357643735320.107,0.13278581995652985,4863223.587761327,1.618033988749895,0.38196601125010515
-0.586,0.9668405302592676,-0.5530328181774945,1.113833878517512,-0.5720000360650928,9.668405302592676,-5.530328181774944,11.138338785175119,1.2906395456594733,1290639545.6594732,1290639545659.4731,0.11080496791396525,4623207.486954441,1.618033988749895,0.38196601125010515
-0.585,0.9662879141129624,-0.5521993823302276,1.1129404704685084,-0.5714646476119265,9.662879141129624,-5.521993823302275,11.129404704685083,1.2270341416212476,1227034141.6212475,1227034141621.2476,0.08885664692539458,4395366.19606169,1.618033988749895,0.38196601125010515
-0.584,0.9657361316786737,-0.5513653942836244,1.11204769414051,-0.5709275817662774,9.657361316786735,-5.513653942836243,11.1204769414051,1.1666507905682986,1166650790.5682986,1166650790568.2986,0.06694087967447401,4179066.6400669543,1.618033988749895,0.38196601125010515
-0.583,0.9651851835081836,-0.5505308548716729,1.1111555519500682,-0.5703888375810371,9.651851835081835,-5.505308548716728,11.111555519500682,1.1093221605233565,1109322160.5233564,1109322160523.3564,0.04505768881775372,3973709.418112943,1.618033988749895,0.38196601125010515
-0.582,0.9646350701524405,-0.5496957649289124,1.1102640463190665,-0.5698484141179362,9.646350701524405,-5.496957649289123,11.102640463190664,1.0548898095708106,1054889809.5708106,1054889809570.8105,0.02320709698474094,3778726.97448438,1.618033988749895,0.38196601125010515
-0.581,0.9640857921615578,-0.5488601252904327,1.1093731796747242,-0.569306310447584,9.640857921615577,-5.488601252904327,11.09373179674724,1.003203703534675,1003203703.534675,1003203703534.675,0.001389126777813451,3593581.8708794187,1.618033988749895,0.38196601125010515
-0.58,0.9635373500848131,-0.5480239367918736,1.108482954449606,-0.5687625256495091,9.63537350084813,-5.480239367918736,11.08482954449606,0.9541217603389797,954121760.3389797,954121760338.9796,-0.020396199227711083,3417765.154260322,1.618033988749895,0.38196601125010515
-0.579,0.9629897444706487,-0.5471872002694232,1.1075933730816265,-0.5682170588121992,9.629897444706486,-5.471872002694232,11.075933730816265,0.9075094195467874,907509419.5467874,907509419546.7875,-0.04214885848362828,3250794.814896652,1.618033988749895,0.38196601125010515
-0.578,0.9624429758666699,-0.5463499165598182,1.1067044380140578,-0.5676699090331412,9.624429758666698,-5.463499165598182,11.067044380140578,0.8632392356613775,863239235.6613775,863239235661.3774,-0.06386882846882061,3092214.329527054,1.618033988749895,0.38196601125010515
-0.577,0.9618970448196457,-0.5455120865003422,1.1058161516955358,-0.5671210754188615,9.618970448196457,-5.455120865003422,11.058161516955357,0.8211904938534806,821190493.8534807,821190493853.4806,-0.08555608668926004,2941591.2848535306,1.618033988749895,0.38196601125010515
-0.576,0.9613519518755066,-0.5446737109288251,1.1049285165800653,-0.566570557084966,9.613519518755066,-5.446737109288251,11.049285165800653,0.781248846855137,781248846.855137,781248846855.137,-0.10721061067803855,2798516.076856801,1.618033988749895,0.38196601125010515
-0.575,0.9608076975793459,-0.5438347906836426,1.1040415351270283,-0.5660183531561802,9.608076975793459,-5.438347906836426,11.040415351270282,0.7433059718328471,743305971.8328471,743305971832.847,-0.12883237799533678,2662600.6816796022,1.618033988749895,0.38196601125010515
-0.574,0.9602642824754176,-0.5429953266037146,1.103155209801188,-0.5654644627663896,9.602642824754176,-5.429953266037146,11.03155209801188,0.7072592461200544,707259246.1200544,707259246120.0544,-0.1504213662284539,2533477.494066113,1.618033988749895,0.38196601125010515
-0.573,0.9597217071071369,-0.5421553195285053,1.1022695430726972,-0.5649088850586795,9.597217071071368,-5.421553195285052,11.022695430726971,0.6730114407532752,673011440.7532753,673011440753.2753,-0.1719775529917972,2410798.2295759274,1.618033988749895,0.38196601125010515
-0.572,0.959179972017079,-0.5413147702980217,1.1013845374171023,-0.5643516191853755,9.59179972017079,-5.413147702980217,11.013845374171023,0.6404704308160561,640470430.8160561,640470430816.0562,-0.19350091592687438,2294232.887005443,1.618033988749895,0.38196601125010515
-0.571,0.9586390777469791,-0.5404736797528128,1.1005001953153506,-0.563792664308083,9.58639077746979,-5.404736797528128,11.005001953153505,0.6095489216516352,609548921.6516352,609548921651.6353,-0.21499143270232976,2183468.7676526345,1.618033988749895,0.38196601125010515
-0.57,0.9580990248377312,-0.5396320487339692,1.0996165192537952,-0.5632320195977281,9.580990248377312,-5.3963204873396915,10.996165192537951,0.5801641900587954,580164190.0587953,580164190058.7954,-0.2364490810139109,2078209.5482531944,1.618033988749895,0.38196601125010515
-0.569,0.9575598138293885,-0.5387898780831218,1.0987335117242025,-0.5626696842345974,9.575598138293884,-5.387898780831218,10.987335117242024,0.5522378396353458,552237839.6353458,552237839635.3458,-0.2578738385844822,1978174.4045949897,1.618033988749895,0.38196601125010515
-0.568,0.9570214452611616,-0.5379471686424414,1.0978511752237559,-0.5621056574083781,9.570214452611616,-5.379471686424414,10.978511752237559,0.5256955694813229,525695569.4813229,525695569481.3229,-0.2792656831640395,1883097.1829884374,1.618033988749895,0.38196601125010515
-0.567,0.9564839196714193,-0.537103921254637,1.0969695122550625,-0.5615399383181979,9.564839196714193,-5.3710392125463695,10.969695122550624,0.5004669555186005,500466955.5186005,500466955518.6005,-0.3006245925297151,1792725.6169301977,1.618033988749895,0.38196601125010515
-0.566,0.955947237597687,-0.5362601367629563,1.0960885253261587,-0.560972526172666,9.559472375976869,-5.362601367629562,10.960885253261587,0.476485243725696,476485243.725696,476485243725.696,-0.3219505444857516,1706820.5864483619,1.618033988749895,0.38196601125010515
-0.565,0.9554113995766468,-0.5354158160111833,1.095208216950516,-0.5604034201899117,9.554113995766468,-5.354158160111832,10.95208216950516,0.45368715462610154,453687154.62610155,453687154626.10156,-0.34324351686353294,1625155.4177589556,1.618033988749895,0.38196601125010515
-0.564,0.9548764061441366,-0.534570959843639,1.0943285896470454,-0.5598326195976263,9.548764061441366,-5.34570959843639,10.943285896470453,0.4320126984060767,432012698.4060767,432012698406.0767,-0.3645034875215771,1547515.2209982995,1.618033988749895,0.38196601125010515
-0.563,0.9543422578351498,-0.5337255691051794,1.0934496459401042,-0.5592601236331018,9.543422578351498,-5.337255691051794,10.934496459401041,0.4114050000729114,411405000.07291144,411405000072.91144,-0.38573043434552756,1473696.2639213982,1.618033988749895,0.38196601125010515
-0.5619999999999999,0.9538089551838347,-0.5328796446411952,1.0925713883594999,-0.5586859315432715,9.538089551838347,-5.3287964464119515,10.925713883594998,0.39181013409789794,391810134.09789795,391810134097.89795,-0.40692433524817945,1403505.3795755585,1.618033988749895,0.38196601125010515
-0.5609999999999999,0.953276498723494,-0.5320331872976107,1.091693819440496,-0.5581100425847502,9.53276498723494,-5.320331872976107,10.916938194404958,0.3731769680196619,373176968.0196619,373176968019.66187,-0.4280851681694745,1336759.406070966,1.618033988749895,0.38196601125010515
-0.5599999999999999,0.9527448889865839,-0.5311861979208834,1.0908169417238174,-0.557532456023874,9.52744888986584,-5.3118619792088335,10.908169417238174,0.3554570145129342,355457014.5129342,355457014512.9342,-0.4492129110764746,1273284.6566753646,1.618033988749895,0.38196601125010515
-0.5589999999999999,0.9522141265047143,-0.5303386773580023,1.089940757755655,-0.5569531711367408,9.522141265047143,-5.303386773580023,10.89940757755655,0.3386042914556063,338604291.4556063,338604291455.60626,-0.470307541963414,1212916.4185594334,1.618033988749895,0.38196601125010515
-0.5579999999999999,0.9516842118086475,-0.529490626456488,1.0890652700876704,-0.5563721872092496,9.516842118086474,-5.29490626456488,10.890652700876704,0.32257518955336867,322575189.5533687,322575189553.36865,-0.4913690388516727,1155498.4786142297,1.618033988749895,0.38196601125010515
-0.5569999999999999,0.9511551454282982,-0.5286420460643915,1.088190481277002,-0.5557895035371415,9.511551454282982,-5.286420460643915,10.881904812770019,0.3073283471057475,307328347.1057475,307328347105.7475,-0.5123973797897626,1100882.6748498727,1.618033988749895,0.38196601125010515
-0.5559999999999999,0.9506269278927326,-0.527792937030293,1.0873163938862678,-0.5552051194260388,9.506269278927325,-5.277929370302929,10.873163938862676,0.29282453152073795,292824531.52073795,292824531520.738,-0.5333925428533702,1048928.4719684164,1.618033988749895,0.38196601125010515
-0.5549999999999999,0.9500995597301685,-0.5269433002033013,1.0864430104835718,-0.5546190341914852,9.500995597301683,-5.269433002033012,10.864430104835717,0.2790265272073497,279026527.2073497,279026527207.34973,-0.5543545061453306,999502.5597830811,1.618033988749895,0.38196601125010515
-0.5539999999999999,0.9495730414679738,-0.5260931364330534,1.0855703336425078,-0.5540312471589864,9.495730414679738,-5.260931364330534,10.855703336425076,0.265899029495944,265899029.49594402,265899029495.94403,-0.5752832477956438,952478.4732296686,1.618033988749895,0.38196601125010515
-0.5529999999999999,0.9490473736326668,-0.5252424465697129,1.0846983659421638,-0.5534417576640493,9.490473736326667,-5.252424465697128,10.846983659421637,0.2534085442559404,253408544.2559404,253408544255.9404,-0.5961787459614631,907736.2327865614,1.618033988749895,0.38196601125010515
-0.5519999999999999,0.9485225567499151,-0.5243912314639696,1.0838271099671268,-0.5528505650522227,9.485225567499151,-5.2439123146396955,10.838271099671267,0.24152329289882857,241523292.89882857,241523292898.82858,-0.6170409788271173,865162.0041854548,1.618033988749895,0.38196601125010515
-0.5509999999999999,0.9479985913445359,-0.5235394919670385,1.082956568307487,-0.5522576686791362,9.479985913445358,-5.235394919670385,10.82956568307487,0.23021312247191136,230213122.47191137,230213122471.91138,-0.6378699246040943,824647.7763576253,1.618033988749895,0.38196601125010515
-0.5499999999999999,0.9474754779404942,-0.5226872289306591,1.0820867435588422,-0.551663067910541,9.474754779404941,-5.22687228930659,10.82086743558842,0.21944942056453415,219449420.56453416,219449420564.53415,-0.6586655615310502,786091.0566190362,1.618033988749895,0.38196601125010515
-0.5489999999999999,0.9469532170609036,-0.5218344432070944,1.0812176383223004,-0.5510667621223493,9.469532170609035,-5.218344432070944,10.812176383223004,0.2092050347640951,209205034.7640951,209205034764.0951,-0.6794278678738227,749394.5821532401,1.618033988749895,0.38196601125010515
-0.5479999999999999,0.9464318092280248,-0.5209811356491298,1.0803492552044869,-0.5504687507006744,9.464318092280248,-5.209811356491298,10.803492552044869,0.19945419641374185,199454196.41374186,199454196413.74185,-0.7001568219254141,714466.0469033759,1.618033988749895,0.38196601125010515
-0.5469999999999999,0.9459112549632658,-0.520127307110073,1.079481596817545,-0.5498690330418704,9.459112549632657,-5.20127307110073,10.79481596817545,0.19017244843738948,190172448.4373895,190172448437.38947,-0.7208524020060095,681217.843033743,1.618033988749895,0.38196601125010515
-0.5459999999999999,0.9453915547871805,-0.5192729584437525,1.0786146657791418,-0.5492676085525721,9.453915547871805,-5.192729584437525,10.786146657791416,0.18133657701075998,181336577.01075998,181336577010.75998,-0.7415145864629817,649566.8161682308,1.618033988749895,0.38196601125010515
-0.5449999999999999,0.9448727092194692,-0.5184180905045169,1.0777484647124713,-0.5486644766497346,9.44872709219469,-5.184180905045169,10.777484647124712,0.17292454686938916,172924546.86938915,172924546869.38916,-0.7621433536708613,619434.0336567512,1.618033988749895,0.38196601125010515
-0.5439999999999999,0.9443547187789775,-0.5175627041472339,1.0768829962462583,-0.548059636760673,9.443547187789774,-5.175627041472339,10.768829962462583,0.16491544005607375,164915440.05607376,164915440056.07376,-0.7827386820313834,590744.5651621083,1.618033988749895,0.38196601125010515
-0.5429999999999999,0.9438375839836957,-0.51670680022729,1.0760182630147614,-0.5474530883231027,9.438375839836956,-5.1670680022729,10.760182630147614,0.1572893979212622,157289397.9212622,157289397921.2622,-0.8033005499734676,563427.2748992597,1.618033988749895,0.38196601125010515
-0.5419999999999999,0.9433213053507585,-0.5158503796005888,1.075154267657777,-0.546844830785178,9.433213053507584,-5.1585037960058875,10.751542676577769,0.15002756620010074,150027566.20010075,150027566200.10074,-0.8238289359532234,537414.6248954802,1.618033988749895,0.38196601125010515
-0.5409999999999999,0.9428058833964446,-0.514993443123551,1.0742910128206418,-0.5462348636055331,9.428058833964444,-5.1499344312355095,10.742910128206416,0.14311204299962954,143112042.99962953,143112042999.62955,-0.8443238184539534,512642.4886749919,1.618033988749895,0.38196601125010515
-0.54,0.9422913186361759,-0.5141359916531132,1.0734285011542377,-0.5456231862533205,9.422913186361757,-5.1413599165311314,10.734285011542376,0.13652582953879647,136525829.53879645,136525829538.79646,-0.8647851759861394,489049.974804479,1.618033988749895,0.38196601125010515
-0.5389999999999999,0.941777611584517,-0.5132780260467262,1.0725667353149926,-0.545009798208251,9.41777611584517,-5.132780260467262,10.725667353149925,0.13025278349259747,130252783.49259748,130252783492.59747,-0.8852129870874872,466579.2597668592,1.618033988749895,0.38196601125010515
-0.538,0.9412647627551751,-0.5124195471623563,1.0717057179648855,-0.5443946989606341,9.41264762755175,-5.124195471623563,10.717057179648855,0.12427757479990553,124277574.79990554,124277574799.90553,-0.9056072303228826,445175.42966024845,1.618033988749895,0.38196601125010515
-0.5369999999999999,0.9407527726609988,-0.5115605558584817,1.0708454517714476,-0.543777888011416,9.407527726609986,-5.115605558584817,10.708454517714475,0.11858564380216736,118585643.80216737,118585643802.16736,-0.9259678842844364,424786.3302463411,1.618033988749895,0.38196601125010515
-0.536,0.9402416418139783,-0.510701052994094,1.069985939407767,-0.5431593648722202,9.402416418139783,-5.107010529940939,10.69985939407767,0.1131631615875537,113163161.5875537,113163161587.5537,-0.9462949275914346,405362.424898958,1.618033988749895,0.38196601125010515
-0.5349999999999999,0.9397313707252443,-0.5098410394286957,1.0691271835524898,-0.5425391290653864,9.397313707252442,-5.098410394286957,10.691271835524898,0.10799699242191603,107996992.42191602,107996992421.91603,-0.9665883388903951,386856.66002775595,1.618033988749895,0.38196601125010515
-0.534,0.939221959905068,-0.5089805160223007,1.0682691868898235,-0.5419171801240102,9.392219599050678,-5.0898051602230066,10.682691868898235,0.10307465815451854,103074658.15451853,103074658154.51854,-0.9868480968550293,369224.33757579164,1.618033988749895,0.38196601125010515
-0.5329999999999999,0.9387134098628599,-0.5081194836354319,1.0674119521095384,-0.5412935175919826,9.387134098628598,-5.081194836354319,10.674119521095383,0.0983843044925434,98384304.4925434,98384304492.5434,-1.0070741801862912,352422.99421122926,1.618033988749895,0.38196601125010515
-0.532,0.9382057211071703,-0.5072579431291219,1.0665554819069718,-0.5406681410240285,9.382057211071702,-5.072579431291218,10.665554819069717,0.09391466904426192,93914669.04426192,93914669044.26192,-1.0272665676123147,336412.286854596,1.618033988749895,0.38196601125010515
-0.5309999999999999,0.9376988941456876,-0.5063958953649109,1.0656997789830283,-0.540041049985747,9.376988941456876,-5.0639589536491085,10.656997789830282,0.08965505103612763,89655051.03612763,89655051036.12762,-1.0474252378884823,321153.88420220406,1.618033988749895,0.38196601125010515
-0.53,0.937192929485239,-0.5055333412048469,1.0648448460441833,-0.53941224405365,9.37192929485239,-5.055333412048469,10.648448460441832,0.08559528261433075,85595282.61433075,85595282614.33075,-1.0675501697973766,306611.36392528034,1.618033988749895,0.38196601125010515
-0.5289999999999999,0.936687827631789,-0.5046702815114837,1.0639906858024841,-0.5387817228152014,9.36687827631789,-5.046702815114837,10.63990685802484,0.08172570164613004,81725701.64613004,81725701646.13004,-1.0876413421488238,292750.1152414576,1.618033988749895,0.38196601125010515
-0.528,0.9361835890904395,-0.5038067171478813,1.0631373009755525,-0.5381494858688569,9.361835890904395,-5.038067171478812,10.631373009755524,0.07803712594096854,78037125.94096854,78037125940.96854,-1.1076987337798612,279537.2465720822,1.618033988749895,0.38196601125010515
-0.527,0.9356802143654288,-0.5029426489776035,1.0622846942865851,-0.5375155328241021,9.356802143654287,-5.029426489776035,10.62284694286585,0.07452082881566871,74520828.81566872,74520828815.66872,-1.1277223235547837,266941.4980141563,1.618033988749895,0.38196601125010515
-0.526,0.9351777039601318,-0.5020780778647187,1.0614328684643577,-0.536879863301492,9.351777039601318,-5.020780778647187,10.614328684643576,0.0711685159321801,71168515.93218009,71168515932.1801,-1.1477120903650793,254933.1583706974,1.618033988749895,0.38196601125010515
-0.525,0.9346760583770588,-0.5012130046737979,1.0605818262432236,-0.5362424769326903,9.346760583770587,-5.012130046737979,10.605818262432235,0.0679723033401575,67972303.3401575,67972303340.15749,-1.1676680131295056,243483.98649692957,1.618033988749895,0.38196601125010515
-0.524,0.9341752781178553,-0.5003474302699141,1.0597315703631174,-0.5356033733605081,9.341752781178553,-5.003474302699141,10.597315703631173,0.06492469666041022,64924696.66041022,64924696660.41022,-1.1875900707940428,232567.13673319432,1.618033988749895,0.38196601125010515
-0.523,0.9336753636833014,-0.4994813555186418,1.0588821035695546,-0.5349625522389425,9.336753636833013,-4.9948135551864175,10.588821035695545,0.062018571348647675,62018571.34864768,62018571348.647675,-1.2074782423319266,222157.08820759825,1.618033988749895,0.38196601125010515
-0.522,0.9331763155733117,-0.4986147812860556,1.0580334286136341,-0.5343200132332159,9.331763155733116,-4.986147812860556,10.58033428613634,0.059247153982281434,59247153.98228143,59247153982.28143,-1.2273325067436274,212229.57780335672,1.618033988749895,0.38196601125010515
-0.521,0.9326781342869342,-0.4977477084387296,1.0571855482520385,-0.5336757560198144,9.326781342869342,-4.977477084387296,10.571855482520384,0.056604004516101265,56604004.51610126,56604004516.101265,-1.2471528430568646,202761.53659674712,1.618033988749895,0.38196601125010515
-0.52,0.9321808203223502,-0.49688013784373675,1.0563384652470347,-0.5330297802865269,9.321808203223501,-4.968801378437367,10.563384652470345,0.05408299945559076,54082999.45559076,54082999455.59076,-1.2669392303266171,193731.02958214388,1.618033988749895,0.38196601125010515
-0.519,0.9316843741768734,-0.49601207036864736,1.0554921823664751,-0.5323820857324834,9.316843741768734,-4.960120703686473,10.55492182366475,0.05167831589940587,51678315.899405874,51678315899.40587,-1.286691647635114,185117.1985104874,1.618033988749895,0.38196601125010515
-0.518,0.9311887963469502,-0.495143506881529,1.0546467023837987,-0.5317326720681939,9.311887963469502,-4.95143506881529,10.546467023837986,0.04938441640514541,49384416.405145414,49384416405.14541,-1.3064100740918447,176900.20767687156,1.618033988749895,0.38196601125010515
-0.517,0.9306940873281582,-0.494274448250945,1.05380202807803,-0.5310815390155866,9.306940873281581,-4.9427444825094495,10.5380202807803,0.047196034635021415,47196034.63502142,47196034635.021416,-1.3260944888335606,169061.19250181568,1.618033988749895,0.38196601125010515
-0.516,0.9302002476152065,-0.49340489534595394,1.0529581622337818,-0.530428686308047,9.302002476152063,-4.9340489534595395,10.529581622337817,0.045108161740365846,45108161.74036585,45108161740.365845,-1.345744871024267,161582.2107591257,1.618033988749895,0.38196601125010515
-0.515,0.9297072777019346,-0.49253484903610867,1.0521151076412525,-0.5297741136904556,9.297072777019345,-4.9253484903610865,10.521151076412524,0.043116033446110855,43116033.44611085,43116033446.110855,-1.3653611998552553,154446.19631113554,1.618033988749895,0.38196601125010515
-0.514,0.9292151780813125,-0.49166431019145534,1.0512728670962286,-0.5291178209192268,9.292151780813125,-4.916643101914553,10.512728670962286,0.04121511779848164,41215117.798481636,41215117798.481636,-1.3849434545450767,147636.9152196456,1.618033988749895,0.38196601125010515
-0.513,0.9287239492454398,-0.4907932796825329,1.0504314434000837,-0.5284598077623471,9.287239492454397,-4.907932796825329,10.504314434000836,0.039401103541088583,39401103.54108858,39401103541.088585,-1.40449161433956,141138.92410785425,1.618033988749895,0.38196601125010515
-0.512,0.9282335916855452,-0.4899217583803716,1.0495908393597777,-0.527800073999413,9.282335916855452,-4.899217583803716,10.495908393597777,0.037669889086487864,37669889.08648787,37669889086.48786,-1.424005658511816,134937.5306553205,1.618033988749895,0.38196601125010515
-0.511,0.9277441058919863,-0.48904974715649274,1.0487510577878578,-0.5271386194216694,9.277441058919862,-4.890497471564927,10.487510577878577,0.03601757205203237,36017572.05203237,36017572052.03237,-1.4434855663622377,129018.75611427407,1.618033988749895,0.38196601125010515
-0.51,0.9272554923542488,-0.4881772468829075,1.0479121015024568,-0.5264754438320481,9.272554923542486,-4.881772468829075,10.479121015024567,0.034440439330502365,34440439.33050237,34440439330.502365,-1.4629313172185001,123369.29974156339,1.618033988749895,0.38196601125010515
-0.509,0.9267677515609462,-0.48730425843211606,1.0470739733272936,-0.5258105470452054,9.267677515609462,-4.87304258432116,10.470739733272936,0.03293495766757947,32934957.667579472,32934957667.57947,-1.4823428904355676,117976.50504616968,1.618033988749895,0.38196601125010515
-0.508,0.9262808839998193,-0.4864307826771068,1.0462366760916717,-0.5251439288875595,9.262808839998193,-4.864307826771068,10.462366760916716,0.03149776471971867,31497764.719718672,31497764719.71867,-1.5017202653956965,112828.32775755801,1.618033988749895,0.38196601125010515
-0.507,0.9257948901577355,-0.4855568204913554,1.0454002126304776,-0.5244755891973296,9.257948901577354,-4.855568204913554,10.454002126304776,0.030125660567378563,30125660.567378562,30125660567.378563,-1.5210634215084549,107913.30542516951,1.618033988749895,0.38196601125010515
-0.506,0.9253097705206889,-0.484682372748824,1.044564585784182,-0.523805527824573,9.253097705206889,-4.846823727488239,10.44564585784182,0.028815599659909208,28815599.659909207,28815599659.909206,-1.5403723382106913,103220.52856415686,1.618033988749895,0.38196601125010515
-0.505,0.9248255255737987,-0.48380744032396017,1.043729798398836,-0.523133744631223,9.248255255737986,-4.8380744032396015,10.43729798398836,0.027564683169641623,27564683.16964162,27564683169.641624,-1.5596469949665774,98739.6132669235,1.618033988749895,0.38196601125010515
-0.504,0.9243421558013101,-0.48293202409169633,1.0428958533260722,-0.5224602394911262,9.2434215580131,-4.829320240916963,10.42895853326072,0.02637015173393516,26370151.733935162,26370151733.93516,-1.5788873712675755,94460.67520436885,1.618033988749895,0.38196601125010515
-0.503,0.9238596616865926,-0.4820561249274487,1.0420627534231004,-0.5217850122900809,9.238596616865925,-4.820561249274487,10.420627534231004,0.02522937856504442,25229378.56504442,25229378565.044422,-1.5980934466324799,90374.3049447023,1.618033988749895,0.38196601125010515
-0.502,0.9233780437121405,-0.4811797437071163,1.0412305015527088,-0.5211080629258737,9.233780437121405,-4.811797437071163,10.412305015527087,0.024139862908753248,24139862.908753246,24139862908.753246,-1.6172652006073953,86471.5445215776,1.618033988749895,0.38196601125010515
-0.501,0.9228973023595717,-0.4803028813070803,1.0403991005832607,-0.5204293913083177,9.228973023595715,-4.803028813070803,10.403991005832607,0.023099223833716813,23099223.833716813,23099223833.716812,-1.6364026127657354,82743.86518685872,1.618033988749895,0.38196601125010515
-0.5,0.9224174381096273,-0.479425538604203,1.0395685533886923,-0.5197489973592893,9.224174381096272,-4.79425538604203,10.395685533886923,0.022105194334412114,22105194.334412113,22105194334.412113,-1.6555056627082616,79183.14628676423,1.618033988749895,0.38196601125010515
-0.499,0.9219384514421718,-0.47854771647582706,1.0387388628485112,-0.5190668810127654,9.219384514421717,-4.78547716475827,10.387388628485112,0.021155615731506344,21155615.731506344,21155615731.506344,-1.6745743300630551,75781.655203394,1.618033988749895,0.38196601125010515
-0.498,0.9214603428361916,-0.4776694157997745,1.0379100318477945,-0.5183830422148618,9.214603428361915,-4.776694157997745,10.379100318477944,0.02024843235429489,20248432.35429489,20248432354.294888,-1.6936085944855284,72532.0283066592,1.618033988749895,0.38196601125010515
-0.497,0.9209831127697954,-0.47679063745434597,1.037082063277185,-0.5176974809238682,9.209831127697953,-4.767906374543459,10.370820632771851,0.019381686490677123,19381686.490677122,19381686490.677124,-1.712608435658437,69427.25286456088,1.618033988749895,0.38196601125010515
-0.496,0.9205067617202131,-0.4759113823183197,1.0362549600328903,-0.5170101971102874,9.20506761720213,-4.759113823183196,10.362549600328903,0.018553513590900978,18553513.59090098,18553513590.900978,-1.7315738332918866,66460.64986249538,1.618033988749895,0.38196601125010515
-0.495,0.9200312901637958,-0.4750316512709508,1.0354287250166787,-0.5163211907568704,9.200312901637957,-4.7503165127095075,10.354287250166786,0.017762137712031237,17762137.712031238,17762137712.03124,-1.7505047671233216,63625.85768485739,1.618033988749895,0.38196601125010515
-0.494,0.9195566985760151,-0.47415144519197017,1.0346033611358771,-0.5156304618586545,9.19556698576015,-4.741514451919701,10.34603361135877,0.017005867190778658,17005867.190778658,17005867190.778658,-1.7694012169175424,60916.81661465577,1.618033988749895,0.38196601125010515
-0.493,0.9190829874314623,-0.47327076496158393,1.0337788713033673,-0.5149380104229996,9.190829874314623,-4.732707649615839,10.337788713033673,0.0162830905329796,16283090.532979602,16283090532.9796,-1.7882631624667127,58327.75410919451,1.618033988749895,0.38196601125010515
-0.492,0.9186101572038488,-0.4723896114604721,1.0329552584375838,-0.5142438364696246,9.186101572038487,-4.72389611460472,10.329552584375838,0.015592272508627401,15592272.508627402,15592272508.627401,-1.8070905835903488,55853.17081206158,1.618033988749895,0.38196601125010515
-0.491,0.9181382083660046,-0.4715079855697882,1.0321325254625089,-0.5135479400306444,9.181382083660045,-4.715079855697882,10.321325254625089,0.014931950441935175,14931950.441935176,14931950441.935175,-1.8258834601353529,53487.82726374124,1.618033988749895,0.38196601125010515
-0.49,0.9176671413898786,-0.470625888171158,1.0313106753076702,-0.5128503211506062,9.176671413898786,-4.70625888171158,10.3131067530767,0.01430073068646568,14300730.68646568,14300730686.465681,-1.8446417719759909,51226.731275155995,1.618033988749895,0.38196601125010515
-0.489,0.9171969567465376,-0.4697433201466789,1.0304897109081368,-0.5121509798865261,9.171969567465375,-4.697433201466789,10.304897109081367,0.013697285275877212,13697285.275877211,13697285275.877213,-1.863365499013902,49065.12593028382,1.618033988749895,0.38196601125010515
-0.488,0.9167276549061663,-0.46886028237891875,1.0296696352045147,-0.5114499163079246,9.167276549061661,-4.6886028237891875,10.296696352045146,0.013120348741331339,13120348.741331339,13120348741.331339,-1.8820546211781235,46998.478185775784,1.618033988749895,0.38196601125010515
-0.487,0.9162592363380665,-0.46797677575091534,1.028850451142944,-0.5107471304968639,9.162592363380664,-4.679767757509153,10.288504511429439,0.012568715087076293,12568715.087076293,12568715087.076294,-1.9007091184250642,45022.46803717551,1.618033988749895,0.38196601125010515
-0.486,0.9157917015106567,-0.46709280114617513,1.0280321616750927,-0.5100426225479832,9.157917015106566,-4.670928011461751,10.280321616750927,0.012041234916155358,12041234.916155357,12041234916.155357,-1.919328970738549,43132.97822290238,1.618033988749895,0.38196601125010515
-0.485,0.9153250508914718,-0.4662083594486727,1.0272147697581544,-0.5093363925685348,9.153250508914716,-4.662083594486727,10.272147697581543,0.0115368126986165,11536812.698616501,11536812698.6165,-1.9379141581297874,41326.08443868921,1.618033988749895,0.38196601125010515
-0.484,0.9148592849471622,-0.4653234515428497,1.026398278354842,-0.5086284406784203,9.14859284947162,-4.653234515428497,10.26398278354842,0.011054404174986848,11054404.174986849,11054404174.986849,-1.9564646606374028,39598.046036552965,1.618033988749895,0.38196601125010515
-0.483,0.9143944041434938,-0.46443807831361394,1.0255826904333836,-0.5079187670102263,9.143944041434938,-4.644380783136139,10.255826904333835,0.010593013888157452,10593013.888157452,10593013888.157452,-1.9749804583274366,37945.29718374467,1.618033988749895,0.38196601125010515
-0.482,0.9139304089453476,-0.46355224064633854,1.024768008967518,-0.5072073717092596,9.139304089453475,-4.6355224064633855,10.247680089675178,0.010151692837176053,10151692.837176053,10151692837.176052,-1.9934615312933373,36364.43845838671,1.618033988749895,0.38196601125010515
-0.481,0.9134672998167186,-0.46266593942686113,1.0239542369364887,-0.5064942549335834,9.134672998167185,-4.626659394268611,10.239542369364885,0.00972953624678127,9729536.24678127,9729536246.78127,-2.0119078596559774,34852.2288597082,1.618033988749895,0.38196601125010515
-0.48,0.9130050772207159,-0.4617791755414829,1.0231413773250386,-0.5057794168540526,9.130050772207158,-4.617791755414829,10.231413773250386,0.00932568144683243,9325681.44683243,9325681446.83243,-2.0303194235636735,33405.57821193812,1.618033988749895,0.38196601125010515
-0.479,0.912543741619562,-0.4608919498769675,1.0223294331234052,-0.5050628576543487,9.12543741619562,-4.608919498769675,10.223294331234051,0.008939305856090632,8939305.856090631,8939305856.090631,-2.04869620319218,32021.539941995612,1.618033988749895,0.38196601125010515
-0.478,0.9120832934745925,-0.46000426332054073,1.0215184073273145,-0.5043445775310157,9.120832934745925,-4.600042633205407,10.215184073273145,0.008569625065092014,8569625.065092014,8569625065.092014,-2.0670381787446717,30697.304212139097,1.618033988749895,0.38196601125010515
-0.477,0.9116237332462557,-0.45911611675988895,1.0207083029379747,-0.5036245766934948,9.116237332462557,-4.591161167598889,10.207083029379746,0.008215891013123365,8215891.013123365,8215891013.123364,-2.0853453304518035,29430.19138969992,1.618033988749895,0.38196601125010515
-0.476,0.9111650613941115,-0.4582275110831587,1.0198991229620709,-0.5029028553641599,9.111650613941114,-4.582275110831587,10.198991229620708,0.00787739025457282,7877390.254572819,7877390254.572819,-2.1036176385716643,28217.645836966993,1.618033988749895,0.38196601125010515
-0.475,0.9107072783768319,-0.45733844717895544,1.019090870411758,-0.5021794137783515,9.107072783768318,-4.573384471789554,10.19090870411758,0.007553442310163619,7553442.310163619,7553442310.163619,-2.121855083389817,27057.230005131583,1.618033988749895,0.38196601125010515
-0.474,0.9102503846521997,-0.45644892593634323,1.018283548304655,-0.5014542521844132,9.102503846521996,-4.564489259363432,10.18283548304655,0.007243398098815849,7243398.098815848,7243398098.815848,-2.1400576452193043,25946.618817050035,1.618033988749895,0.38196601125010515
-0.473,0.9097943806771087,-0.45555894824484305,1.0174771596638381,-0.5007273708437242,9.097943806771086,-4.55558948244843,10.174771596638381,0.006946638446096808,6946638.446096808,6946638446.0968075,-2.15822530440062,24883.59432435511,1.618033988749895,0.38196601125010515
-0.472,0.909339266907563,-0.4546685149944326,1.0166717075178333,-0.499998770030736,9.093392669075628,-4.5466851499443255,10.166717075178333,0.006662572665425532,6662572.665425532,6662572665.425531,-2.176358041301771,23866.040625180372,1.618033988749895,0.38196601125010515
-0.471,0.9088850437986761,-0.4537776270755451,1.01586719490061,-0.49926845003300524,9.08885043798676,-4.537776270755451,10.158671949006099,0.006390637208398551,6390637.208398552,6390637208.398551,-2.1944558363182476,22891.93902948417,1.618033988749895,0.38196601125010515
-0.47,0.9084317118046711,-0.4528862853790683,1.0150636248515734,-0.498536411151229,9.08431711804671,-4.528862853790683,10.150636248515733,0.006130294380784183,6130294.380784184,6130294380.7841835,-2.2125186698730324,21959.363459605265,1.618033988749895,0.38196601125010515
-0.469,0.90797927137888,-0.45199449079634385,1.0142610004155577,-0.4978026536992785,9.0797927137888,-4.519944907963438,10.142610004155577,0.0058810311209118084,5881031.120911809,5881031120.911808,-2.230546522416614,21066.476074323884,1.618033988749895,0.38196601125010515
-0.46799999999999997,0.9075277229737432,-0.4511022442191662,1.0134593246428174,-0.4970671780042334,9.07527722973743,-4.511022442191662,10.134593246428173,0.005642357837348935,5642357.837348935,5642357837.348935,-2.2485393744270152,20211.52310529793,1.618033988749895,0.38196601125010515
-0.46699999999999997,0.9070770670408091,-0.45020954653978207,1.0126586005890201,-0.4963299844064157,9.070770670408091,-4.5020954653978205,10.1265860058902,0.005413807302917905,5413807.302917905,5413807302.917905,-2.2664972064097646,19392.830895313713,1.618033988749895,0.38196601125010515
-0.46599999999999997,0.9066273040307335,-0.44931639865088885,1.0118588313152388,-0.4955910732594235,9.066273040307335,-4.493163986508888,10.118588313152387,0.005194933602251985,5194933.602251985,5194933602.251985,-2.284419998897921,18608.80212832048,1.618033988749895,0.38196601125010515
-0.46499999999999997,0.9061784343932794,-0.4484228014456344,1.011060019887942,-0.4948504449301647,9.061784343932793,-4.484228014456344,10.11060019887942,0.004985311130234839,4985311.130234838,4985311130.2348385,-2.302307732452103,17857.91224173454,1.618033988749895,0.38196601125010515
-0.46399999999999997,0.9057304585773165,-0.4475287558176159,1.0102621693789882,-0.4941080997988909,9.057304585773164,-4.475287558176159,10.102621693789882,0.004784533638802539,4784533.63880254,4784533638.802539,-2.3201603876604446,17138.706011983195,1.618033988749895,0.38196601125010515
-0.46299999999999997,0.9052833770308204,-0.44663426266087886,1.0094652828656137,-0.49336403825923025,9.052833770308203,-4.466342626608788,10.094652828656136,0.004592213329711935,4592213.3297119355,4592213329.711935,-2.3379779451386713,16449.794304704963,1.618033988749895,0.38196601125010515
-0.46199999999999997,0.9048371902008728,-0.4457393228699164,1.0086693634304267,-0.49261826071822135,9.048371902008729,-4.457393228699164,10.086693634304266,0.004407979991005634,4407979.991005634,4407979991.005633,-2.355760385530038,15789.850981475724,1.618033988749895,0.38196601125010515
-0.46099999999999997,0.9043918985336604,-0.4448439373396682,1.007874414161396,-0.49187076759634596,9.043918985336603,-4.448439373396682,10.07874414161396,0.004231480175012884,4231480.175012884,4231480175.0128837,-2.373507689505407,15157.609955320882,1.618033988749895,0.38196601125010515
-0.45999999999999996,0.9039475024744748,-0.44394810696551973,1.0070804381518434,-0.4911215593275625,9.039475024744746,-4.439481069655197,10.070804381518434,0.004062376415840476,4062376.4158404763,4062376415.840476,-2.391219837763203,14551.862387684916,1.618033988749895,0.38196601125010515
-0.45899999999999996,0.903504002467712,-0.4430518326433013,1.0062874385004332,-0.4903706363593385,9.03504002467712,-4.430518326433012,10.062874385004331,0.0039003464844063977,3900346.4844063977,3900346484.406398,-2.4088968110294386,13971.454019883058,1.618033988749895,0.38196601125010515
-0.45799999999999996,0.9030613989568721,-0.44215511526928714,1.0054954183111624,-0.48961799915268367,9.030613989568721,-4.421551152692871,10.054954183111624,0.0037450826791698344,3745082.6791698346,3745082679.169834,-2.4265385900577408,13415.282632421087,1.618033988749895,0.38196601125010515
-0.45699999999999996,0.9026196923845585,-0.44125795574019455,1.0047043806933513,-0.4888636481821824,9.026196923845585,-4.412579557401945,10.047043806933512,0.0035962911508035864,3596291.1508035865,3596291150.8035865,-2.4441451556293408,12882.295625900424,1.618033988749895,0.38196601125010515
-0.45599999999999996,0.9021788831924777,-0.440360354953183,1.0039143287616328,-0.4881075839360265,9.021788831924777,-4.403603549531829,10.039143287616326,0.003453691259142481,3453691.259142481,3453691259.142481,-2.461716488553095,12371.487717539263,1.618033988749895,0.38196601125010515
-0.45499999999999996,0.9017389718214389,-0.4394623138058532,1.0031252656359424,-0.48734980691604723,9.017389718214389,-4.394623138058532,10.031252656359424,0.003317014960825937,3317014.9608259373,3317014960.8259373,-2.479252569665475,11881.898747643418,1.618033988749895,0.38196601125010515
-0.45399999999999996,0.9012999587113534,-0.4385638331962462,1.0023371944415074,-0.48659031763774757,9.012999587113534,-4.385638331962462,10.023371944415073,0.0031860062261312816,3186006.2261312813,3186006226.1312814,-2.496753379830613,11412.611590641516,1.618033988749895,0.38196601125010515
-0.45299999999999996,0.9008618443012344,-0.4376649140228426,1.0015501183088362,-0.4858291166303344,9.008618443012343,-4.376649140228426,10.015501183088361,0.0030604204835712606,3060420.4835712607,3060420483.5712605,-2.514218899940271,10962.750165574496,1.618033988749895,0.38196601125010515
-0.45199999999999996,0.9004246290291961,-0.4367655571845614,1.0007640403737066,-0.48506620443675064,9.00424629029196,-4.367655571845614,10.007640403737065,0.002940024090898546,2940024.090898546,2940024090.8985457,-2.5316491109138846,10531.477541177737,1.618033988749895,0.38196601125010515
-0.45099999999999996,0.8999883133324538,-0.4358657635807594,0.9999789637771554,-0.48430158161370646,8.999883133324538,-4.358657635807594,9.999789637771554,0.0028245938312300716,2824593.8312300714,2824593831.2300715,-2.5490439936985543,10117.994130945097,1.618033988749895,0.38196601125010515
-0.44999999999999996,0.8995528976473232,-0.4349655341112302,0.9991948916654664,-0.48353524873171144,8.995528976473231,-4.349655341112301,9.991948916654664,0.002713916433066559,2713916.433066559,2713916433.066559,-2.566403529269067,9721.53597378803,1.618033988749895,0.38196601125010515
-0.44899999999999995,0.8991183824092198,-0.43406486967620306,0.9984118271901586,-0.48276720637510573,8.991183824092198,-4.34064869676203,9.984118271901586,0.0026077881130449156,2607788.1130449157,2607788113.0449157,-2.5837276986278934,9341.373096126279,1.618033988749895,0.38196601125010515
-0.44799999999999995,0.898684768052659,-0.43316377117634247,0.9976297735079743,-0.4819974551420916,8.986847680526589,-4.331637711763425,9.976297735079743,0.002506014140318234,2506014.140318234,2506014140.318234,-2.6010164828052145,8976.807951450915,1.618033988749895,0.38196601125010515
-0.44699999999999995,0.898252055011255,-0.4322622395127468,0.9968487337808671,-0.48122599564476426,8.98252055011255,-4.322622395127468,9.968487337808671,0.002408408421513893,2408408.421513893,2408408421.513893,-2.6182698628589196,8627.173933600312,1.618033988749895,0.38196601125010515
-0.44599999999999995,0.8978202437177208,-0.4313602755869476,0.9960687111759886,-0.48045282850914356,8.978202437177208,-4.313602755869476,9.960687111759885,0.0023147931052716966,2314793.1052716966,2314793105.2716966,-2.635487819874637,8291.833960173895,1.618033988749895,0.38196601125010515
-0.44499999999999995,0.8973893346038678,-0.4304578803009088,0.995289708865677,-0.47967795437520405,8.973893346038677,-4.304578803009088,9.95289708865677,0.0022249982054144395,2224998.2054144396,2224998205.4144397,-2.6526703349657104,7970.179122689218,1.618033988749895,0.38196601125010515
-0.44399999999999995,0.8969593281006051,-0.42955505455702553,0.9945117300274432,-0.47890137389690607,8.96959328100605,-4.295550545570255,9.94511730027443,0.00213886124184904,2138861.24184904,2138861241.84904,-2.669817389273249,7661.627400251801,1.618033988749895,0.38196601125010515
-0.44299999999999995,0.8965302246379389,-0.4286517992581235,0.9937347778439576,-0.4781230877422268,8.965302246379387,-4.286517992581235,9.937347778439575,0.002056226898342517,2056226.8983425172,2056226898.3425171,-2.686928963966122,7365.622433672449,1.618033988749895,0.38196601125010515
-0.44199999999999995,0.8961020246449727,-0.427748115307458,0.9929588555030373,-0.47734309659318963,8.961020246449726,-4.2774811530745795,9.929588555030373,0.0019769466963583285,1976946.6963583285,1976946696.3583286,-2.7040050402409688,7081.632357114492,1.618033988749895,0.38196601125010515
-0.44099999999999995,0.8956747285499066,-0.4268440036087128,0.9921839661976319,-0.4765614011458951,8.956747285499066,-4.268440036087127,9.92183966197632,0.0019008786841792455,1900878.6841792455,1900878684.1792455,-2.7210455993222187,6809.148684499004,1.618033988749895,0.38196601125010515
-0.43999999999999995,0.8952483367800366,-0.42593946506599956,0.9914101131258102,-0.47577800211055105,8.952483367800365,-4.259394650659996,9.914101131258102,0.0018278871405812563,1827887.1405812562,1827887140.5812564,-2.7380506224620915,6547.685248033358,1.618033988749895,0.38196601125010515
-0.43899999999999995,0.8948228497617544,-0.4250345005838567,0.990637299490745,-0.47499290021150187,8.948228497617544,-4.250345005838567,9.90637299490745,0.0017578422923589365,1757842.2923589365,1757842292.3589365,-2.755020090940626,6296.7771863572,1.618033988749895,0.38196601125010515
-0.43799999999999994,0.894398267920547,-0.42412911106724877,0.9898655285006995,-0.474206096187259,8.943982679205469,-4.2412911106724875,9.898655285006996,0.0016906200450375454,1690620.0450375455,1690620045.0375454,-2.771953986065687,6055.979979924664,1.618033988749895,0.38196601125010515
-0.43699999999999994,0.8939745916809962,-0.42322329742156506,0.9890948033690129,-0.47341759079053003,8.939745916809962,-4.23223297421565,9.890948033690128,0.0016261017261395535,1626101.7261395534,1626101726.1395535,-2.7888522891729717,5824.868531357901,1.618033988749895,0.38196601125010515
-0.43599999999999994,0.8935518214667784,-0.4223170605526192,0.9883251273140848,-0.4726273847882483,8.935518214667782,-4.2231706055261915,9.883251273140848,0.001564173840404425,1564173.840404425,1564173840.404425,-2.805714981626015,5603.036288618419,1.618033988749895,0.38196601125010515
-0.43499999999999994,0.8931299577006634,-0.421410401366648,0.98755650355936,-0.47183547896160216,8.931299577006634,-4.214104013666479,9.875565035593599,0.0015047278363898352,1504727.8363898352,1504727836.3898351,-2.8225420448162524,5390.094408947945,1.618033988749895,0.38196601125010515
-0.43399999999999994,0.8927090008045152,-0.42050332077031055,0.9867889353333136,-0.4710418741060639,8.927090008045152,-4.205033207703106,9.867889353333135,0.0014476598839112639,1447659.883911264,1447659883.911264,-2.839333460162967,5185.670961633475,1.618033988749895,0.38196601125010515
-0.43299999999999994,0.8922889511992905,-0.4195958196706873,0.9860224258694352,-0.47024657103141876,8.922889511992905,-4.195958196706873,9.860224258694352,0.001392870661802173,1392870.661802173,1392870661.802173,-2.856089209113346,4989.410167741769,1.618033988749895,0.38196601125010515
-0.43199999999999994,0.8918698093050391,-0.41868789897527947,0.985256978406213,-0.4694495705617937,8.918698093050391,-4.1868789897527945,9.85256978406213,0.0013402651555035985,1340265.1555035985,1340265155.5035985,-2.872809273142485,4800.97167506384,1.618033988749895,0.38196601125010515
-0.43099999999999994,0.8914515755409026,-0.41777955959200747,0.9844925961871167,-0.46865087353568585,8.914515755409026,-4.177795595920075,9.844925961871166,0.0012897524640151964,1289752.4640151963,1289752464.0151963,-2.8894936337534087,4620.029866593161,1.618033988749895,0.38196601125010515
-0.42999999999999994,0.8910342503251149,-0.4168708024292107,0.983729282460583,-0.46785048080599095,8.910342503251147,-4.168708024292107,9.837292824605829,0.0012412456157630265,1241245.6157630265,1241245615.7630265,-2.906142272477056,4446.273200944576,1.618033988749895,0.38196601125010515
-0.42899999999999994,0.8906178340750011,-0.41596162839564627,0.982967040479997,-0.46704839324003156,8.90617834075001,-4.1596162839564625,9.82967040479997,0.0011946613929604806,1194661.3929604806,1194661392.9604807,-2.9227551708723354,4279.403583196549,1.618033988749895,0.38196601125010515
-0.42799999999999994,0.8902023272069775,-0.4150520384004881,0.9822058735036758,-0.4662446117195849,8.902023272069775,-4.1505203840048805,9.822058735036757,0.0011499201640601698,1149920.1640601698,1149920164.0601697,-2.9393323105261286,4119.135764716086,1.618033988749895,0.38196601125010515
-0.42699999999999994,0.8897877301365508,-0.4141420333533261,0.9814457847948519,-0.4654391371409112,8.897877301365508,-4.141420333533261,9.814457847948518,0.0011069457239135288,1106945.7239135287,1106945723.9135287,-2.9558736730532864,3965.196770593519,1.618033988749895,0.38196601125010515
-0.42599999999999993,0.8893740432783181,-0.41323161416416526,0.9806867776216549,-0.46463197041478055,8.893740432783181,-4.1323161416416525,9.80686777621655,0.0010656651412735707,1065665.1412735707,1065665141.2735707,-2.9723792400966564,3817.3253533812263,1.618033988749895,0.38196601125010515
-0.42499999999999993,0.8889612670459663,-0.4123207817434247,0.9799288552570941,-0.4638231124665012,8.889612670459663,-4.123207817434246,9.79928855257094,0.0010260086132941285,1026008.6132941284,1026008613.2941285,-2.9888489933271174,3675.271471894514,1.618033988749895,0.38196601125010515
-0.424,0.8885494018522716,-0.4114095370019368,0.9791720209790401,-0.46301256423594656,8.885494018522715,-4.114095370019368,9.7917202097904,0.0009879093266956874,987909.3266956874,987909326.6956873,-3.0052829144435678,3538.795793892927,1.618033988749895,0.38196601125010515
-0.423,0.888138448109099,-0.41049788085094613,0.9784162780702069,-0.4622003266775818,8.88138448109099,-4.104978808509461,9.784162780702069,0.0009513033252835746,951303.3252835746,951303325.2835746,-3.0216809851729556,3407.6692215163853,1.618033988749895,0.38196601125010515
-0.422,0.8877284062274023,-0.4095858142021088,0.9776616298181331,-0.4613864007604917,8.877284062274024,-4.095858142021088,9.776616298181331,0.0009161293835197997,916129.3835197997,916129383.5197997,-3.038043187270294,3281.672438406123,1.618033988749895,0.38196601125010515
-0.421,0.8873192766172234,-0.40867333796749145,0.9769080795151631,-0.4605707874684065,8.873192766172235,-4.086733379674914,9.76908079515163,0.0008823288858640846,882328.8858640846,882328885.8640846,-3.054369502518678,3160.595477491493,1.618033988749895,0.38196601125010515
-0.42,0.8869110596876918,-0.40776045305957015,0.9761556304584276,-0.45975348779972924,8.869110596876917,-4.077604530595702,9.761556304584275,0.0008498457116133435,849845.7116133434,849845711.6133435,-3.070659912729306,3044.237308472786,1.618033988749895,0.38196601125010515
-0.419,0.8865037558470243,-0.4068471603912298,0.9754042859498248,-0.4589345027675614,8.865037558470243,-4.068471603912298,9.754042859498247,0.000818626124981987,818626.124981987,818626124.981987,-3.086914399741479,2932.4054440772475,1.618033988749895,0.38196601125010515
-0.418,0.886097365502525,-0.40593346087576293,0.9746540492960002,-0.45811383339972944,8.86097365502525,-4.059334608757629,9.746540492960001,0.0007886186701776318,788618.6701776318,788618670.1776317,-3.103132945422648,2824.9155642091578,1.618033988749895,0.38196601125010515
-0.417,0.885691889060584,-0.40501935542686907,0.9739049238083266,-0.4572914807388109,8.85691889060584,-4.050193554268691,9.739049238083265,0.0007597740712388648,759774.0712388648,759774071.2388648,-3.1193155316684114,2721.591157158105,1.618033988749895,0.38196601125010515
-0.416,0.8852873269266778,-0.40410484495865345,0.973156912802884,-0.45646744584215954,8.852873269266777,-4.041048449586534,9.73156912802884,0.0007320451364126338,732045.1364126337,732045136.4126338,-3.135462140402534,2622.263177068669,1.618033988749895,0.38196601125010515
-0.415,0.8848836795053683,-0.4031899303856266,0.9724100196004388,-0.45564172978193185,8.848836795053682,-4.031899303856266,9.724100196004388,0.0007053866668596078,705386.6668596078,705386666.8596078,-3.151572753576984,2526.7697169133617,1.618033988749895,0.38196601125010515
-0.414,0.8844809472003031,-0.402274612622703,0.9716642475264237,-0.4548143336451116,8.84480947200303,-4.022746126227029,9.716642475264235,0.0006797553694860752,679755.3694860751,679755369.4860752,-3.1676473531719256,2434.955696247256,1.618033988749895,0.38196601125010515
-0.413,0.8840791304142144,-0.40135889258520024,0.9709195999109153,-0.4539852585335354,8.840791304142144,-4.0135889258520026,9.709195999109152,0.0006551097737103265,655109.7737103264,655109773.7103264,-3.183685921195752,2346.672563056359,1.618033988749895,0.38196601125010515
-0.412,0.883678229548919,-0.4004427711888383,0.9701760800886137,-0.45315450556391745,8.836782295489188,-4.004427711888383,9.701760800886136,0.0006314101519808926,631410.1519808926,631410151.9808927,-3.19968843968511,2261.778009045525,1.618033988749895,0.38196601125010515
-0.411,0.8832782450053177,-0.3995262493497386,0.9694336913988205,-0.4523220758678748,8.832782450053177,-3.995262493497386,9.694336913988204,0.000608618443872575,608618.443872575,608618443.872575,-3.2156548907049096,2180.1356977424,1.618033988749895,0.38196601125010515
-0.41,0.8828791771833949,-0.3986093279844229,0.9686924371854163,-0.45148797059195145,8.828791771833949,-3.9860932798442286,9.686924371854163,0.0005866981835945148,586698.1835945147,586698183.5945147,-3.2315852563483527,2101.6150048236536,1.618033988749895,0.38196601125010515
-0.409,0.8824810264822186,-0.39769200800981236,0.9679523207968391,-0.4506521908976426,8.824810264822185,-3.9769200800981235,9.67952320796839,0.0005656144307524585,565614.4307524585,565614430.7524586,-3.2474795187369474,2026.0907700980817,1.618033988749895,0.38196601125010515
-0.408,0.8820837932999392,-0.396774290343227,0.9672133455860611,-0.44981473796141935,8.820837932999392,-3.9677429034322698,9.67213345586061,0.0005453337042148476,545333.7042148476,545333704.2148477,-3.263337660020531,1953.4430606079397,1.618033988749895,0.38196601125010515
-0.407,0.8816874780337902,-0.39585617590238426,0.9664755149105665,-0.44897561297475214,8.816874780337901,-3.9585617590238424,9.664755149105664,0.0005258239189395128,525823.9189395128,525823918.93951285,-3.279159662377287,1883.5569443354732,1.618033988749895,0.38196601125010515
-0.40599999999999997,0.8812920810800866,-0.39493766560539867,0.9657388321323274,-0.44813481714413483,8.812920810800865,-3.9493766560539867,9.657388321323273,0.0005070543256245097,507054.3256245097,507054325.62450975,-3.2949455080137735,1816.3222740258223,1.618033988749895,0.38196601125010515
-0.40499999999999997,0.8808976028342254,-0.39401876037078043,0.9650033006177808,-0.44729235169110815,8.808976028342252,-3.940187603707804,9.650033006177807,0.0004889954530531478,488995.4530531478,488995453.05314785,-3.310695179164945,1751.6334806608118,1.618033988749895,0.38196601125010515
-0.40399999999999997,0.8805040436906846,-0.3930994611174346,0.9642689237378048,-0.4464482178522827,8.805040436906845,-3.930994611174346,9.642689237378047,0.0004716190530093557,471619.0530093557,471619053.00935566,-3.3264086580941647,1689.3893761399581,1.618033988749895,0.38196601125010515
-0.40299999999999997,0.8801114040430236,-0.39217976876466043,0.9635357048676945,-0.4456024168793625,8.801114040430235,-3.9217976876466043,9.635357048676944,0.00045489804764537746,454898.04764537746,454898047.64537746,-3.342085927093234,1629.4929647459858,1.618033988749895,0.38196601125010515
-0.40199999999999997,0.8797196842838818,-0.39125968423215013,0.9628036473871371,-0.4447549500391676,8.797196842838817,-3.912596842321501,9.62803647387137,0.00043880647918938096,438806.47918938095,438806479.18938094,-3.3577269684824196,1571.8512629921552,1.618033988749895,0.38196601125010515
-0.40099999999999997,0.8793288848049792,-0.39033920843998826,0.9620727546801878,-0.44390581861365686,8.79328884804979,-3.9033920843998824,9.620727546801877,0.0004233194618858618,423319.4618858618,423319461.8858618,-3.3733317646104646,1516.3751274677027,1.618033988749895,0.38196601125010515
-0.39999999999999997,0.8789390059971149,-0.38941834230865047,0.9613430301352446,-0.44305502389995044,8.789390059971149,-3.8941834230865044,9.613430301352444,0.00040841313606671084,408413.13606671087,408413136.0667108,-3.3889002978546183,1462.979090315542,1.618033988749895,0.38196601125010515
-0.39899999999999997,0.878550048250168,-0.3884970867590028,0.9606144771450223,-0.44220256721035184,8.78550048250168,-3.884970867590028,9.606144771450223,0.0003940646242556694,394064.6242556694,394064624.2556694,-3.404432550620661,1411.5812019937755,1.618033988749895,0.38196601125010515
-0.39799999999999996,0.878162011953096,-0.38757544271230077,0.9598870991065279,-0.44134844987237026,8.78162011953096,-3.8757544271230073,9.59887099106528,0.00038025198921342945,380251.98921342945,380251989.21342945,-3.41992850534293,1362.1028809888016,1.618033988749895,0.38196601125010515
-0.39699999999999996,0.8777748974939352,-0.3866534110901883,0.9591608994210339,-0.44049267322874175,8.777748974939351,-3.866534110901883,9.591608994210338,0.00036695419383500557,366954.1938350056,366954193.8350056,-3.4353881444843335,1314.4687701634557,1.618033988749895,0.38196601125010515
-0.39599999999999996,0.8773887052598001,-0.38573099281469697,0.9584358814940518,-0.4396352386374517,8.773887052598,-3.8573099281469694,9.584358814940517,0.0003541510628150933,354151.06281509326,354151062.8150933,-3.4508114505363876,1268.606599438265,1.618033988749895,0.38196601125010515
-0.39499999999999996,0.8770034356368828,-0.38480818880824497,0.9577120487353064,-0.43877614747175536,8.770034356368827,-3.8480818880824494,9.577120487353064,0.0003418232460011404,341823.2460011404,341823246.0011404,-3.466198406019222,1224.4470545182714,1.618033988749895,0.38196601125010515
-0.39399999999999996,0.8766190890104529,-0.38388499999363623,0.9569894045587081,-0.43791540112019933,8.766190890104529,-3.8388499999363623,9.56989404558708,0.00032995218335751277,329952.18335751275,329952183.3575128,-3.4815489934816357,1181.9236513909625,1.618033988749895,0.38196601125010515
-0.39299999999999996,0.8762356657648571,-0.3829614272940595,0.9562679523823255,-0.43705300098664257,8.76235665764857,-3.829614272940595,9.562679523823254,0.00031852007146782865,318520.07146782865,318520071.46782863,-3.496863195501101,1140.972616334089,1.618033988749895,0.38196601125010515
-0.39199999999999996,0.8758531662835186,-0.3820374716330874,0.955547695628359,-0.4361889484902766,8.758531662835185,-3.8203747163308734,9.55547695628359,0.0003075098315058222,307509.8315058222,307509831.5058222,-3.512140994683779,1101.532771183905,1.618033988749895,0.38196601125010515
-0.391,0.8754715909489368,-0.38111313393467555,0.9548286377231113,-0.4353232450656466,8.754715909489367,-3.811131339346755,9.548286377231113,0.000296905078608357,296905.078608357,296905078.608357,-3.527382373664577,1063.5454236260623,1.618033988749895,0.38196601125010515
-0.39,0.875090940142687,-0.3801884151231614,0.9541107820969602,-0.43445589216267083,8.750909401426869,-3.801884151231614,9.541107820969602,0.00028669009258737584,286690.09258737584,286690092.5873758,-3.542587315107155,1026.9542622827112,1.618033988749895,0.38196601125010515
-0.389,0.87471121424542,-0.3792633161232639,0.9533941321843301,-0.4335868912466612,8.747112142454199,-3.792633161232639,9.533941321843301,0.0002768497899204037,276849.7899204037,276849789.92040366,-3.5577558017039497,991.7052563795195,1.618033988749895,0.38196601125010515
-0.388,0.8743324136368615,-0.37833783786008185,0.9526786914236622,-0.432716243798343,8.743324136368615,-3.783378378600818,9.526786914236622,0.00026736969696205284,267369.69696205284,267369696.96205285,-3.572887816176217,957.7465597864465,1.618033988749895,0.38196601125010515
-0.387,0.8739545386958124,-0.3774119812590935,0.9519644632573868,-0.4318439513138738,8.739545386958124,-3.7741198125909348,9.519644632573868,0.00025823592432169286,258235.92432169284,258235924.32169285,-3.587983341274035,925.0284192358444,1.618033988749895,0.38196601125010515
-0.386,0.8735775898001473,-0.3764857472461553,0.951251451131892,-0.43097001530486356,8.735775898001473,-3.7648574724615527,9.51251451131892,0.0002494351423548712,249435.1423548712,249435142.3548712,-3.603042359776371,893.5030865301327,1.618033988749895,0.38196601125010515
-0.385,0.8732015673268153,-0.37555913674750124,0.9505396584974954,-0.43009443729839275,8.732015673268153,-3.755591367475012,9.505396584974953,0.00024095455771864748,240954.55771864747,240954557.71864748,-3.618064854491064,863.1247345605232,1.618033988749895,0.38196601125010515
-0.384,0.8728264716518388,-0.3746321506897417,0.9498290888084127,-0.4292172188370319,8.728264716518387,-3.746321506897417,9.498290888084126,0.00023278189094311572,232781.89094311572,232781890.9431157,-3.633050808254888,833.8493769658386,1.618033988749895,0.38196601125010515
-0.383,0.8724523031503132,-0.37370478999986273,0.9491197455227278,-0.4283383614788599,8.724523031503132,-3.737047899998627,9.491197455227278,0.0002249053549737566,224905.3549737566,224905354.97375658,-3.64800020393357,805.6347912689465,1.618033988749895,0.38196601125010515
-0.382,0.8720790621964073,-0.3727770556052249,0.9484116321023621,-0.427457866797482,8.720790621964072,-3.7277705560522487,9.48411632102362,0.00021731363464124392,217313.63464124393,217313634.64124393,-3.6629130244218135,778.4404453354327,1.618033988749895,0.38196601125010515
-0.381,0.8717067491633618,-0.37184894843356253,0.9477047520130425,-0.4265757363820483,8.717067491633617,-3.7184894843356253,9.477047520130425,0.00020999586701734647,209995.86701734646,209995867.01734647,-3.677789252643335,752.2274270063618,1.618033988749895,0.38196601125010515
-0.38,0.8713353644234898,-0.3709204694129827,0.9469991087242707,-0.4256919718372712,8.713353644234898,-3.7092046941298267,9.469991087242708,0.0002029416226174847,202941.62261748468,202941622.6174847,-3.69262887155089,726.9583767638456,1.618033988749895,0.38196601125010515
-0.379,0.870964908348176,-0.36999161947196435,0.9462947057092909,-0.4248065747834434,8.709649083481759,-3.6999161947196435,9.462947057092908,0.00019614088741227715,196140.88741227717,196140887.41227716,-3.707431864126314,702.5974232944983,1.618033988749895,0.38196601125010515
-0.378,0.8705953813078764,-0.3690623995393574,0.9455915464450573,-0.4239195468564547,8.705953813078763,-3.6906239953935738,9.455915464450571,0.00018958404561217023,189584.04561217022,189584045.61217022,-3.7221982133805382,679.1101218221565,1.618033988749895,0.38196601125010515
-0.377,0.870226783672118,-0.36813281054438163,0.9448896344122021,-0.42303088970780955,8.70226783672118,-3.681328105443816,9.448896344122021,0.00018326186319084554,183261.86319084553,183261863.19084555,-3.7369279023536235,656.4633950869819,1.618033988749895,0.38196601125010515
-0.376,0.8698591158094986,-0.367202853416626,0.9441889730950022,-0.4221406050046435,8.698591158094985,-3.6720285341662597,9.44188973095002,0.0001771654721146838,177165.4721146838,177165472.11468378,-3.7516209141148162,634.6254768537298,1.618033988749895,0.38196601125010515
-0.375,0.8694923780876858,-0.36627252908604757,0.9434895659813459,-0.4212486944297401,8.694923780876858,-3.6627252908604757,9.434895659813458,0.0001712863552470946,171286.35524709462,171286355.2470946,-3.7662772317625404,613.5658578374612,1.618033988749895,0.38196601125010515
-0.374,0.8691265708734173,-0.3653418384829706,0.9427914165626998,-0.42035515968154685,8.691265708734171,-3.6534183848297057,9.427914165626998,0.00016561633189784514,165616.33189784514,165616331.89784515,-3.7808968384244572,593.255233939708,1.618033988749895,0.38196601125010515
-0.373,0.8687616945325004,-0.3644107825380855,0.942094528334074,-0.41946000247419163,8.687616945325004,-3.6441078253808548,9.420945283340739,0.00016014754398897704,160147.54398897704,160147543.98897704,-3.7954797172575034,573.6654566933228,1.618033988749895,0.38196601125010515
-0.372,0.8683977494298114,-0.3634793621824483,0.9413989047939885,-0.4185632245374983,8.683977494298114,-3.6347936218244827,9.413989047939884,0.00015487244281015377,154872.44281015376,154872442.81015378,-3.810025851447893,554.7694858187309,1.618033988749895,0.38196601125010515
-0.371,0.8680347359292953,-0.3625475783474792,0.9407045494444379,-0.4176648276170023,8.680347359292952,-3.625475783474792,9.407045494444379,0.00014978377633747037,149783.77633747036,149783776.33747038,-3.824535224211189,536.5413437985644,1.618033988749895,0.38196601125010515
-0.37,0.8676726543939656,-0.361615431964962,0.9400114657908573,-0.41676481347396593,8.676726543939655,-3.6161543196496195,9.400114657908572,0.0001448745770910206,144874.57709102062,144874577.0910206,-3.839007818792311,518.9560723821826,1.618033988749895,0.38196601125010515
-0.369,0.8673115051859038,-0.36068292396704293,0.939319657342086,-0.4158631838853935,8.673115051859037,-3.606829239670429,9.393196573420859,0.00014013815050755,140138.15050755,140138150.50755,-3.853443618465575,501.9896909352833,1.618033988749895,0.38196601125010515
-0.368,0.8669512886662591,-0.35975005528622994,0.938629127610332,-0.41495994064404584,8.669512886662591,-3.597500552862299,9.38629127610332,0.00013556806380564282,135568.06380564283,135568063.8056428,-3.8678426065347367,485.61915655382495,1.618033988749895,0.38196601125010515
-0.367,0.866592005195248,-0.3588168268553916,0.9379398801111364,-0.41405508555845516,8.66592005195248,-3.588168268553916,9.379398801111364,0.00013115813532189267,131158.13532189268,131158135.32189266,-3.8822047663330257,469.8223258650599,1.618033988749895,0.38196601125010515
-0.366,0.866233655132154,-0.3578832396077564,0.9372519183633364,-0.4131486204529391,8.66233655132154,-3.578832396077564,9.372519183633363,0.000126902424297481,126902.42429748099,126902424.29748099,-3.89653008122317,454.5779184419778,1.618033988749895,0.38196601125010515
-0.365,0.8658762388353269,-0.35694929447691137,0.9365652458890288,-0.41224054716761466,8.658762388353269,-3.5694929447691135,9.365652458890287,0.00012279522109550278,122795.22109550278,122795221.09550278,-3.910818534597441,439.8654817607304,1.618033988749895,0.38196601125010515
-0.364,0.8655197566621833,-0.3560149923968016,0.9358798662135326,-0.41133086755841214,8.655197566621831,-3.560149923968016,9.358798662135325,0.00011883103783027732,118831.03783027732,118831037.83027732,-3.9250701098776912,425.66535763383075,1.618033988749895,0.38196601125010515
-0.363,0.865164208969205,-0.35508033430172914,0.9351957828653517,-0.4104195834970885,8.65164208969205,-3.550803343017291,9.351957828653516,0.0001150045993907174,115004.5993907174,115004599.3907174,-3.9392847905153863,411.9586500549114,1.618033988749895,0.38196601125010515
-0.362,0.8648095961119399,-0.35414532112635194,0.9345129993761369,-0.40950669687124036,8.648095961119399,-3.5414532112635193,9.345129993761368,0.00011131083484062967,111310.83484062967,111310834.84062967,-3.9534625599916495,398.72719439368984,1.618033988749895,0.38196601125010515
-0.361,0.8644559184450007,-0.35320995380568315,0.9338315192806476,-0.4085922095843172,8.644559184450006,-3.532099538056831,9.338315192806474,0.00010774486917959397,107744.86917959397,107744869.17959397,-3.967603401817298,385.9535278825659,1.618033988749895,0.38196601125010515
-0.36,0.8641031763220652,-0.35227423327508994,0.9331513461167136,-0.4076761235556339,8.641031763220651,-3.5227423327508993,9.331513461167136,0.00010430201544880019,104302.01544880019,104302015.44880019,-3.981707299532859,373.6208613388937,1.618033988749895,0.38196601125010515
-0.359,0.8637513700958753,-0.35133816047029287,0.9324724834251953,-0.4067584407203832,8.637513700958753,-3.5133816047029285,9.324724834251953,0.00010097776716689154,100977.76716689154,100977767.16689155,-3.9957742367086557,361.7130520693717,1.618033988749895,0.38196601125010515
-0.358,0.8634005001182373,-0.3504017363273646,0.931794934749945,-0.4058391630296476,8.634005001182373,-3.504017363273646,9.31794934749945,9.776779108159381e-05,97767.79108159381,97767791.08159381,-4.009804196944803,350.2145779056111,1.618033988749895,0.38196601125010515
-0.357,0.8630505667400211,-0.3494649617827292,0.9311187036377672,-0.4049182924504114,8.630505667400211,-3.4946496178272914,9.311187036377671,9.466792022346353e-05,94667.92022346353,94667920.22346354,-4.023797163871268,339.1105123219264,1.618033988749895,0.38196601125010515
-0.356,0.8627015703111601,-0.3485278377731611,0.9304437936383779,-0.4039958309655721,8.627015703111601,-3.485278377731611,9.30443793638378,9.167414724875897e-05,91674.14724875896,91674147.24875897,-4.037753121147898,328.3865005887947,1.618033988749895,0.38196601125010515
-0.355,0.8623535111806507,-0.3475903652357843,0.9297702083043652,-0.403071780573952,8.623535111806508,-3.4759036523578426,9.297702083043651,8.878261805897813e-05,88782.61805897813,88782618.05897814,-4.051672052464482,318.0287369173651,1.618033988749895,0.38196601125010515
-0.354,0.8620063896965521,-0.3466525451080712,0.9290979511911472,-0.40214614329030857,8.62006389696552,-3.4665254510807118,9.290979511911472,8.598962568518631e-05,85989.62568518631,85989625.68518631,-4.06555394154076,308.0239425524729,1.618033988749895,0.38196601125010515
-0.353,0.8616602062059855,-0.3457143783278419,0.9284270258569317,-0.4012189211453461,8.616602062059854,-3.457143783278419,9.284270258569316,8.329160442575235e-05,83291.60442575236,83291604.42575236,-4.079398772126504,298.3593447733898,1.618033988749895,0.38196601125010515
-0.352,0.8613149610551345,-0.3447758658332631,0.9277574358626742,-0.40029011618572513,8.613149610551345,-3.4477586583326305,9.277574358626742,8.068512422665372e-05,80685.12422665372,80685124.22665372,-4.093206528001525,289.02265676348225,1.618033988749895,0.38196601125010515
-0.351,0.8609706545892443,-0.34383700856284716,0.9270891847720365,-0.3993597304740734,8.609706545892442,-3.4383700856284714,9.270891847720364,7.816688529394881e-05,78166.88529394881,78166885.29394881,-4.106977192975732,280.00205831151663,1.618033988749895,0.38196601125010515
-0.35,0.8606272871526212,-0.34289780745545134,0.9264222761513434,-0.39842776608899555,8.606272871526212,-3.428978074554513,9.264222761513434,7.573371292850936e-05,75733.71292850935,75733712.92850935,-4.120710750889169,271.2861773091238,1.618033988749895,0.38196601125010515
-0.349,0.8602848590886326,-0.34195826345027663,0.9257567135695411,-0.3974942251250823,8.602848590886326,-3.419582634502766,9.25756713569541,7.338255257351599e-05,73382.55257351599,73382552.573516,-4.134407185612069,262.86407201040413,1.618033988749895,0.38196601125010515
-0.348,0.8599433707397066,-0.341018377486867,0.9250925005981531,-0.39655910969292035,8.599433707397065,-3.4101837748686696,9.25092500598153,7.111046506565816e-05,71110.46506565817,71110465.06565815,-4.1480664810448875,254.72521402122277,1.618033988749895,0.38196601125010515
-0.347,0.8596028224473317,-0.3400781505051082,0.9244296408112376,-0.39562242191910085,8.596028224473317,-3.4007815050510817,9.244296408112374,6.89146220813633e-05,68914.6220813633,68914622.08136329,-4.161688621118347,246.85947198712046,1.618033988749895,0.38196601125010515
-0.346,0.8592632145520558,-0.3391375834452273,0.9237681377853432,-0.39468416394622896,8.592632145520557,-3.391375834452273,9.23768137785343,6.679230176976791e-05,66792.30176976792,66792301.76976791,-4.175273589793479,239.2570959501537,1.618033988749895,0.38196601125010515
-0.345,0.858924547393487,-0.33819667724779123,0.9231079950994646,-0.39374433793293134,8.58924547393487,-3.381966772477912,9.231079950994646,6.474088456450245e-05,64740.88456450245,64740884.56450245,-4.1888213710616835,231.9087023462646,1.618033988749895,0.38196601125010515
-0.344,0.8585868213102924,-0.3372554328537061,0.9224492163349983,-0.3928029460538649,8.585868213102923,-3.372554328537061,9.224492163349982,6.275784916671635e-05,62757.84916671635,62757849.16671635,-4.202331948944773,224.80525961605144,1.618033988749895,0.38196601125010515
-0.34299999999999997,0.858250036640198,-0.3363138512042162,0.9217918050756977,-0.3918599904997245,8.58250036640198,-3.3631385120421617,9.217918050756976,6.084076869209793e-05,60840.76869209793,60840768.69209793,-4.215805307494985,217.93807440298613,1.618033988749895,0.38196601125010515
-0.34199999999999997,0.8579141937199887,-0.33537193324090314,0.9211357649076269,-0.3909154734772507,8.579141937199886,-3.3537193324090313,9.21135764907627,5.898730697494176e-05,58987.30697494176,58987306.97494176,-4.229241430795081,211.2987783141921,1.618033988749895,0.38196601125010515
-0.34099999999999997,0.8575792928855069,-0.3344296799056848,0.9204810994191162,-0.3899693972092369,8.57579292885507,-3.3442967990568477,9.204810994191162,5.719521502266021e-05,57195.21502266021,57195215.02266021,-4.24264030295836,204.8793152201294,1.618033988749895,0.38196601125010515
-0.33999999999999997,0.8572453344716539,-0.33348709214081435,0.919827812200715,-0.3890217639345363,8.572453344716537,-3.334870921408143,9.19827812200715,5.5462327614380406e-05,55462.3276143804,55462327.614380404,-4.256001908128708,198.67192907040882,1.618033988749895,0.38196601125010515
-0.33899999999999997,0.8569123188123876,-0.3325441708888796,0.9191759068451454,-0.3880725759080689,8.569123188123875,-3.3254417088887958,9.191759068451454,5.378656003756724e-05,53786.560037567244,53786560.03756724,-4.269326230480659,192.66915220403018,1.618033988749895,0.38196601125010515
-0.33799999999999997,0.8565802462407242,-0.3316009170928017,0.9185253869472563,-0.3871218354008273,8.565802462407241,-3.316009170928017,9.185253869472563,5.216590495687822e-05,52165.90495687822,52165904.956878215,-4.282613254219427,186.86379413328876,1.618033988749895,0.38196601125010515
-0.33699999999999997,0.8562491170887356,-0.3306573316958343,0.9178762561039742,-0.3861695446998835,8.562491170887355,-3.3065733169583424,9.178762561039742,5.0598429409688965e-05,50598.429409688964,50598429.409688964,-4.295862963580983,181.24893078142975,1.618033988749895,0.38196601125010515
-0.33599999999999997,0.8559189316875515,-0.32971341564156276,0.9172285179142575,-0.3852157061083944,8.559189316875514,-3.2971341564156273,9.172285179142575,4.9082271922996254e-05,49082.27192299625,49082271.92299625,-4.309075342832067,175.81789415508948,1.618033988749895,0.38196601125010515
-0.33499999999999996,0.855589690367357,-0.3287691698739031,0.9165821759790473,-0.38426032194560733,8.555896903673569,-3.2876916987390308,9.165821759790473,4.7615639746603055e-05,47615.639746603054,47615639.74660306,-4.322250376270264,170.56426243327152,1.618033988749895,0.38196601125010515
-0.33399999999999996,0.8552613934573935,-0.3278245953371009,0.915937233901219,-0.3833033945468651,8.552613934573934,-3.278245953371009,9.159372339012188,4.6196806197737207e-05,46196.806197737205,46196806.19773721,-4.33538804822406,165.4818504554896,1.618033988749895,0.38196601125010515
-0.33299999999999996,0.8549340412859576,-0.3268796929757307,0.9152936952855337,-0.38234492626361133,8.549340412859575,-3.268796929757307,9.152936952855336,4.4824108112453726e-05,44824.10811245372,44824108.11245373,-4.34848834305286,160.56470059242082,1.618033988749895,0.38196601125010515
-0.33199999999999996,0.8546076341804019,-0.32593446373469476,0.9146515637385892,-0.3813849194633946,8.546076341804017,-3.2593446373469472,9.146515637385892,4.3495943399361285e-05,43495.943399361284,43495943.39936128,-4.361551245147073,155.80707398309502,1.618033988749895,0.38196601125010515
-0.33099999999999996,0.8542821724671331,-0.3249889085592223,0.9140108428687699,-0.38042337652987324,8.542821724671331,-3.2498890855922227,9.140108428687698,4.221076869142643e-05,42210.76869142643,42210768.691426426,-4.3745767389281545,151.2034421234088,1.618033988749895,0.38196601125010515
-0.32999999999999996,0.853957656471613,-0.3240430283948683,0.9133715362861966,-0.3794602998628188,8.53957656471613,-3.240430283948683,9.133715362861965,4.096709709177464e-05,40967.09709177464,40967097.09177464,-4.387564808848654,146.7484787913463,1.618033988749895,0.38196601125010515
-0.32899999999999996,0.8536340865183577,-0.32309682418751295,0.912733647602677,-0.37849569187812027,8.536340865183577,-3.2309682418751295,9.12733647602677,3.9763496009588544e-05,39763.49600958855,39763496.00958855,-4.400515439392264,142.43705229493753,1.618033988749895,0.38196601125010515
-0.32799999999999996,0.853311462930937,-0.32215029688336033,0.9120971804316539,-0.37752955500778695,8.533114629309368,-3.221502968833603,9.120971804316538,3.859858508236876e-05,38598.585082368765,38598585.08236876,-4.413428615073899,138.26421802957674,1.618033988749895,0.38196601125010515
-0.32699999999999996,0.8529897860319744,-0.32120344742893764,0.9114621383881547,-0.3765618916999521,8.529897860319743,-3.2120344742893763,9.114621383881547,3.7471034180991134e-05,37471.03418099113,37471034.180991136,-4.426304320439704,134.22521133192618,1.618033988749895,0.38196601125010515
-0.32599999999999996,0.8526690561431469,-0.3202562767710943,0.9108285250887397,-0.3755927044188752,8.526690561431469,-3.2025627677109427,9.108285250887397,3.637956149412781e-05,36379.56149412781,36379561.49412781,-4.439142540067157,130.3154406181097,1.618033988749895,0.38196601125010515
-0.32499999999999996,0.8523492735851843,-0.3193087858570009,0.9101963441514492,-0.3746219956449449,8.523492735851843,-3.1930878585700087,9.101963441514492,3.532293168876909e-05,35322.93168876909,35322931.68876909,-4.4519432585651035,126.53048079450724,1.618033988749895,0.38196601125010515
-0.32399999999999995,0.8520304386778692,-0.3183609756341482,0.9095655991957529,-0.37364976787468074,8.520304386778692,-3.183609756341482,9.095655991957528,3.4299954143706994e-05,34299.95414370699,34299954.14370699,-4.464706460573799,122.8660669299059,1.618033988749895,0.38196601125010515
-0.32299999999999995,0.8517125517400363,-0.3174128470503465,0.9089362938424952,-0.37267602362073526,8.517125517400363,-3.1741284705034647,9.089362938424951,3.330948125297441e-05,33309.48125297441,33309481.25297441,-4.477432130764992,119.31808817823942,1.618033988749895,0.38196601125010515
-0.32199999999999995,0.8513956130895728,-0.3164644010537241,0.9083084317138435,-0.37170076541189534,8.513956130895727,-3.164644010537241,9.083084317138434,3.2350406796374554e-05,32350.406796374555,32350406.796374552,-4.49012025384196,115.88258194165219,1.618033988749895,0.38196601125010515
-0.32099999999999995,0.851079623043417,-0.3155156385927271,0.9076820164332337,-0.3707239957930838,8.510796230434169,-3.1551563859272704,9.076820164332336,3.142166437434136e-05,31421.66437434136,31421664.374341357,-4.502770814539579,112.55572826400349,1.618033988749895,0.38196601125010515
-0.31999999999999995,0.8507645819175592,-0.3145665606161177,0.907057051625317,-0.3697457173253597,8.507645819175591,-3.145665606161177,9.07057051625317,3.052222590450135e-05,30522.225904501345,30522225.904501345,-4.5153837976243665,109.3338444453929,1.618033988749895,0.38196601125010515
-0.31899999999999995,0.8504504900270403,-0.31361716807297396,0.9064335409159047,-0.3687659325859197,8.504504900270403,-3.1361716807297393,9.064335409159046,2.9651100177406895e-05,29651.100177406894,29651100.177406896,-4.527959187894571,106.21337986864398,1.618033988749895,0.38196601125010515
-0.31799999999999995,0.8501373476859523,-0.3126674619126883,0.905811487931914,-0.3677846441680977,8.501373476859522,-3.1266746191268826,9.05811487931914,2.8807331469033364e-05,28807.331469033365,28807331.469033364,-4.540496970180187,103.19091102912213,1.618033988749895,0.38196601125010515
-0.31699999999999995,0.8498251552074374,-0.31171744308496674,0.9051908963013131,-0.3668018546813648,8.498251552074374,-3.1171744308496674,9.05190896301313,2.7989998207714016e-05,27989.998207714016,27989998.207714017,-4.552997129343053,100.26313675955433,1.618033988749895,0.38196601125010515
-0.31599999999999995,0.8495139129036882,-0.3107671125398281,0.9045717696530648,-0.36581756675132954,8.49513912903688,-3.1076711253982805,9.045717696530648,2.7198211693305653e-05,27198.211693305653,27198211.693305653,-4.565459650276886,97.42687364194478,1.618033988749895,0.38196601125010515
-0.31499999999999995,0.8492036210859468,-0.3098164712276028,0.9039541116170712,-0.3648317830197366,8.492036210859467,-3.098164712276028,9.039541116170712,2.6431114866453465e-05,26431.114866453463,26431114.866453465,-4.577884517907363,94.67905159895142,1.618033988749895,0.38196601125010515
-0.31399999999999995,0.8488942800645051,-0.3088655200989321,0.9033379258241172,-0.3638445061444663,8.48894280064505,-3.088655200989321,9.03337925824117,2.5687881125926196e-05,25687.881125926197,25687881.125926197,-4.5902717171921665,92.01670965745522,1.618033988749895,0.38196601125010515
-0.31299999999999994,0.8485858901487041,-0.307914260104767,0.9027232159058138,-0.3628557387995326,8.48585890148704,-3.07914260104767,9.027232159058137,2.4967713192069146e-05,24967.713192069146,24967713.192069147,-4.602621233121046,89.4369918773285,1.618033988749895,0.38196601125010515
-0.31199999999999994,0.8482784516469336,-0.3069626921963675,0.9021099854945409,-0.36186548367508226,8.482784516469335,-3.069626921963675,9.021099854945408,2.42698420145081e-05,24269.8420145081,24269842.0145081,-4.614933050715888,86.93714343871478,1.618033988749895,0.38196601125010515
-0.311,0.8479719648666323,-0.30601081732530144,0.90149823822339,-0.3608737434773924,8.479719648666322,-3.060108173253014,9.0149823822339,2.3593525722316682e-05,23593.52572231668,23593525.722316682,-4.627207155030775,84.51450688141716,1.618033988749895,0.38196601125010515
-0.31,0.8476664301142867,-0.3050586364434435,0.9008879777261054,-0.35988052092886813,8.476664301142867,-3.0505863644344346,9.008879777261054,2.2938048614930278e-05,22938.048614930278,22938048.614930276,-4.639443531152059,82.16651849024507,1.618033988749895,0.38196601125010515
-0.309,0.8473618476954315,-0.3041061505029745,0.9002792076370273,-0.35888581876804043,8.473618476954314,-3.041061505029745,9.002792076370273,2.2302720192167897e-05,22302.720192167897,22302720.192167897,-4.651642164198401,79.89070482044995,1.618033988749895,0.38196601125010515
-0.308,0.8470582179146494,-0.3031533604563804,0.8996719315910315,-0.35788963974956267,8.470582179146493,-3.031533604563804,8.996719315910315,2.1686874221781872e-05,21686.874221781873,21686874.221781872,-4.663803039320867,77.68467935758953,1.618033988749895,0.38196601125010515
-0.307,0.8467555410755699,-0.30220026725645105,0.899066153223472,-0.35689198664420757,8.467555410755699,-3.0220026725645104,8.99066153223472,2.1089867843033396e-05,21089.867843033397,21089867.843033396,-4.675926141702959,75.54613930644055,1.618033988749895,0.38196601125010515
-0.306,0.8464538174808699,-0.3012468718562797,0.8984618761701197,-0.3558928622388639,8.464538174808698,-3.0124687185627965,8.984618761701197,2.051108070484209e-05,20511.08070484209,20511080.70484209,-4.688011456560709,73.4728625037592,1.618033988749895,0.38196601125010515
-0.305,0.8461530474322729,-0.3002931752092615,0.8978591040671039,-0.35489226933653195,8.461530474322728,-3.002931752092615,8.978591040671038,1.9949914137128222e-05,19949.914137128224,19949914.137128223,-4.70005896914273,71.46270444994128,1.618033988749895,0.38196601125010515
-0.304,0.8458532312305491,-0.2993391782690932,0.8972578405508512,-0.3538902107563199,8.45853231230549,-2.9933917826909315,8.972578405508512,1.940579035401711e-05,19405.79035401711,19405790.354017112,-4.712068664730281,69.51359545481603,1.618033988749895,0.38196601125010515
-0.303,0.8455543691755145,-0.29838488198977153,0.8966580892580249,-0.3528866893334387,8.455543691755144,-2.983848819897715,8.966580892580248,1.887815168763183e-05,18878.15168763183,18878151.68763183,-4.724040528637357,67.62353789301038,1.618033988749895,0.38196601125010515
-0.302,0.8452564615660312,-0.29743028732559273,0.8960598538254642,-0.3518817079191977,8.452564615660311,-2.9743028732559273,8.960598538254642,1.8366459851257167e-05,18366.45985125717,18366459.851257168,-4.735974546210717,65.79060356452439,1.618033988749895,0.38196601125010515
-0.301,0.8449595087000068,-0.2964753952311514,0.8954631378901223,-0.35087526938099894,8.449595087000068,-2.964753952311514,8.954631378901222,1.7870195230699127e-05,17870.195230699126,17870195.230699126,-4.747870702829992,64.01293115630587,1.618033988749895,0.38196601125010515
-0.3,0.8446635108743941,-0.29552020666133955,0.894867945089005,-0.34986737660233197,8.44663510874394,-2.955202066613395,8.94867945089005,1.7388856202723636e-05,17388.856202723637,17388856.202723637,-4.759728983907726,62.28872380082569,1.618033988749895,0.38196601125010515
-0.299,0.8443684683851908,-0.2945647225713457,0.8942742790591076,-0.3488580324827677,8.443684683851908,-2.945647225713457,8.942742790591076,1.6921958479494523e-05,16921.958479494522,16921958.479494523,-4.771549374889461,60.61624672778524,1.618033988749895,0.38196601125010515
-0.298,0.8440743815274395,-0.29360894391665376,0.8936821434373534,-0.3478472399379521,8.440743815274395,-2.9360894391665373,8.936821434373533,1.646903447798209e-05,16469.034477982088,16469034.477982089,-4.783331861253801,58.99382500527114,1.618033988749895,0.38196601125010515
-0.297,0.8437812505952271,-0.29265287165304243,0.8930915418605293,-0.3468350018996,8.437812505952271,-2.926528716530424,8.930915418605293,1.6029632713352026e-05,16029.632713352026,16029632.713352026,-4.795076428512474,57.41984136681018,1.618033988749895,0.38196601125010515
-0.296,0.8434890758816844,-0.2916965067365838,0.8925024779652233,-0.34582132131548776,8.434890758816843,-2.916965067365838,8.925024779652233,1.560331721538542e-05,15603.317215385421,15603317.215385422,-4.806783062210429,55.89273412092393,1.618033988749895,0.38196601125010515
-0.295,0.8431978576789861,-0.29073985012364273,0.89191495538776,-0.3448062011494463,8.431978576789861,-2.907398501236427,8.919149553877599,1.5189666967022574e-05,15189.666967022575,15189666.967022574,-4.818451747925886,54.4109951399333,1.618033988749895,0.38196601125010515
-0.294,0.8429075962783504,-0.2897829027708758,0.891328977764137,-0.3437896443813538,8.429075962783504,-2.897829027708758,8.913289777641369,1.4788275364156705e-05,14788.275364156705,14788275.364156704,-4.830082471270397,52.97316792488239,1.618033988749895,0.38196601125010515
-0.293,0.8426182919700387,-0.2888256656352302,0.8907445487299596,-0.3427716540071268,8.426182919700386,-2.888256656352302,8.907445487299595,1.4398749695839398e-05,14398.749695839399,14398749.695839398,-4.841675217888949,51.57784574357938,1.618033988749895,0.38196601125010515
-0.292,0.8423299450433552,-0.2878681396739431,0.8901616719203758,-0.34175223303871305,8.423299450433552,-2.878681396739431,8.901616719203757,1.402071064409805e-05,14020.71064409805,14020710.644098049,-4.853229973460032,50.22366983888965,1.618033988749895,0.38196601125010515
-0.291,0.8420425557866469,-0.2869103258445403,0.8895803509700114,-0.34073138450408247,8.420425557866468,-2.869103258445403,8.895803509700114,1.3653791802594546e-05,13653.791802594546,13653791.802594546,-4.864746723695686,48.90932770452023,1.618033988749895,0.38196601125010515
-0.29,0.8417561244873029,-0.28595222510483553,0.8890005895129037,-0.33970911144721805,8.417561244873028,-2.859522251048355,8.890005895129036,1.3297639213384324e-05,13297.639213384324,13297639.213384325,-4.876225454341608,47.63355142564171,1.618033988749895,0.38196601125010515
-0.289,0.8414706514317546,-0.28499383841292947,0.8884223911824355,-0.33868541692810683,8.414706514317546,-2.8499383841292945,8.884223911824355,1.295191092107099e-05,12951.91092107099,12951910.921070991,-4.887666151177194,46.39511608182287,1.618033988749895,0.38196601125010515
-0.288,0.841186136905475,-0.2840351667272088,0.8878457596112681,-0.3376603040227304,8.41186136905475,-2.840351667272088,8.87845759611268,1.2616276543672384e-05,12616.276543672384,12616276.543672385,-4.899068800015661,45.192838209827514,1.618033988749895,0.38196601125010515
-0.287,0.8409025811929786,-0.28307621100634506,0.8872706984312752,-0.33663377582305454,8.409025811929785,-2.8307621100634504,8.872706984312751,1.2290416859551161e-05,12290.416859551162,12290416.859551162,-4.910433386704062,44.02557432395606,1.618033988749895,0.38196601125010515
-0.286,0.840619984577821,-0.2821169722092939,0.8866972112734738,-0.33560583543701933,8.40619984577821,-2.8211697220929386,8.866972112734738,1.1974023409777097e-05,11974.023409777097,11974023.409777097,-4.921759897123432,42.89221949166523,1.618033988749895,0.38196601125010515
-0.285,0.8403383473425989,-0.281157451295294,0.8861253017679588,-0.33457648598852824,8.403383473425988,-2.81157451295294,8.861253017679587,1.1666798115328316e-05,11666.798115328316,11666798.115328316,-4.9330483171888035,41.79170596234235,1.618033988749895,0.38196601125010515
-0.284,0.8400576697689496,-0.28019764922386625,0.8855549735438327,-0.3335457306174374,8.400576697689495,-2.8019764922386625,8.855549735438327,1.1368452908548012e-05,11368.452908548012,11368452.908548012,-4.944298632849318,40.72300184714426,1.618033988749895,0.38196601125010515
-0.283,0.8397779521375504,-0.27923756695481267,0.8849862302291382,-0.33251357247954433,8.397779521375503,-2.7923756695481265,8.849862302291381,1.1078709378307927e-05,11078.709378307927,11078709.378307927,-4.955510830088303,39.685109847935365,1.618033988749895,0.38196601125010515
-0.282,0.8394991947281191,-0.2782772054482154,0.8844190754507891,-0.33148001474657574,8.39499194728119,-2.7827720544821535,8.84419075450789,1.0797298428346673e-05,10797.298428346672,10797298.428346673,-4.9666848949233335,38.67706603341932,1.618033988749895,0.38196601125010515
-0.28099999999999997,0.8392213978194131,-0.2773165656644358,0.8838535128345008,-0.3304450606061761,8.39221397819413,-2.7731656566443577,8.838535128345008,1.0523959948271823e-05,10523.959948271824,10523959.948271824,-4.97782081340633,37.697938660633696,1.618033988749895,0.38196601125010515
-0.27999999999999997,0.838944561689229,-0.2763556485641137,0.8832895460047201,-0.32940871326189536,8.38944561689229,-2.763556485641137,8.832895460047201,1.0258442496738499e-05,10258.442496738498,10258442.496738499,-4.988918571623645,36.746827040062136,1.618033988749895,0.38196601125010515
-0.27899999999999997,0.8386686866144034,-0.27539445510816607,0.8827271785845568,-0.3283709759331754,8.386686866144034,-2.7539445510816605,8.827271785845568,1.0000502996335075e-05,10000.502996335075,10000502.996335074,-4.999978155696102,35.82286044268264,1.618033988749895,0.38196601125010515
-0.27799999999999997,0.8383937728708108,-0.2744329862577863,0.8821664141957112,-0.32733185185533814,8.383937728708108,-2.7443298625778625,8.821664141957111,9.749906439722366e-06,9749.906439722366,9749906.439722367,-5.010999551779131,34.92519704732705,1.618033988749895,0.38196601125010515
-0.27699999999999997,0.8381198207333654,-0.2734712429744431,0.8816072564584048,-0.32629134427957124,8.381198207333654,-2.7347124297444307,8.816072564584047,9.506425606597811e-06,9506.425606597812,9506425.606597811,-5.021982746062807,34.053022926816766,1.618033988749895,0.38196601125010515
-0.27599999999999997,0.837846830476019,-0.2725092262198797,0.881049708991308,-0.325249456472915,8.37846830476019,-2.725092262198797,8.81049708991308,9.269840791065286e-06,9269.840791065286,9269840.791065287,-5.032927724771962,33.205551071372554,1.618033988749895,0.38196601125010515
-0.27499999999999997,0.8375748023717621,-0.2715469369561128,0.8804937754114696,-0.32420619171824755,8.37574802371762,-2.715469369561128,8.804937754114695,9.039939539014435e-06,9039.939539014435,9039939.539014434,-5.043834474166252,32.38202044787953,1.618033988749895,0.38196601125010515
-0.27399999999999997,0.8373037366926225,-0.2705843761454316,0.8799394593342436,-0.32316155331427143,8.373037366926225,-2.7058437614543163,8.799394593342434,8.816516395124681e-06,8816.516395124681,8816516.395124681,-5.054702980540251,31.581695093628735,1.618033988749895,0.38196601125010515
-0.27299999999999996,0.837033633709666,-0.2696215447503968,0.8793867643732179,-0.3221155445754978,8.37033633709666,-2.6962154475039677,8.79386764373218,8.59937265912741e-06,8599.37265912741,8599372.65912741,-5.065533230223513,30.803863243222445,1.618033988749895,0.38196601125010515
-0.27199999999999996,0.8367644936929955,-0.26865844373383974,0.8788356941401413,-0.3210681688322319,8.367644936929954,-2.6865844373383974,8.788356941401412,8.388316150971464e-06,8388.316150971465,8388316.150971464,-5.076325209580693,30.047836487372148,1.618033988749895,0.38196601125010515
-0.27099999999999996,0.8364963169117512,-0.2676950740588613,0.8782862522448499,-0.32001942943055733,8.36496316911751,-2.676950740588613,8.782862522448498,8.183160984554749e-06,8183.160984554749,8183160.984554749,-5.087078905011598,29.312948962381192,1.618033988749895,0.38196601125010515
-0.26999999999999996,0.8362291036341095,-0.2667314366888311,0.8777384422951944,-0.3189693297323205,8.362291036341094,-2.6673143668883106,8.777384422951943,7.983727349694149e-06,7983.727349694149,7983727.349694149,-5.097794302951296,28.598556569137934,1.618033988749895,0.38196601125010515
-0.26899999999999996,0.835962854127284,-0.26576753258738645,0.8771922678969658,-0.31791787311511405,8.359628541272839,-2.657675325873864,8.771922678969657,7.789841302022283e-06,7789.841302022282,7789841.302022283,-5.10847138987019,27.904036220503674,1.618033988749895,0.38196601125010515
-0.26799999999999996,0.8356975686575239,-0.26480336271843136,0.8766477326538215,-0.3168650629722606,8.356975686575238,-2.6480336271843132,8.766477326538213,7.601334560509484e-06,7601.334560509484,7601334.560509484,-5.119110152274107,27.228785116014972,1.618033988749895,0.38196601125010515
-0.26699999999999996,0.8354332474901148,-0.2638389280461356,0.8761048401672105,-0.3158109027127957,8.354332474901147,-2.638389280461356,8.761048401672104,7.418044312322841e-06,7418.0443123228415,7418044.312322841,-5.129710576704388,26.57222004286805,1.618033988749895,0.38196601125010515
-0.26599999999999996,0.835169890889378,-0.26287422953493383,0.8755635940362988,-0.3147553957614508,8.351698908893779,-2.6287422953493382,8.755635940362987,7.239813024744456e-06,7239.813024744456,7239813.024744456,-5.140272649737976,25.933776702190087,1.618033988749895,0.38196601125010515
-0.26499999999999996,0.8349074991186698,-0.26190926814952437,0.8750239978578936,-0.31369854555863536,8.349074991186697,-2.6190926814952435,8.750239978578936,7.066488263882769e-06,7066.4882638827685,7066488.263882768,-5.15079635798751,25.312909059644007,1.618033988749895,0.38196601125010515
-0.26399999999999996,0.834646072440382,-0.26094404485486866,0.8744860552263685,-0.31264035556041947,8.34646072440382,-2.6094404485486864,8.744860552263685,6.897922519920803e-06,6897.922519920803,6897922.519920804,-5.161281688101396,24.709088719449177,1.618033988749895,0.38196601125010515
-0.26299999999999996,0.8343856111159413,-0.2599785606161898,0.8739497697335864,-0.3115808292385146,8.343856111159413,-2.599785606161898,8.739497697335864,6.733973038654748e-06,6733.973038654748,6733973.038654748,-5.171728626763925,24.12180432093478,1.618033988749895,0.38196601125010515
-0.26199999999999996,0.8341261154058092,-0.25901281639897195,0.8734151449688246,-0.3105199700802559,8.341261154058092,-2.590128163989719,8.734151449688245,6.57450165908765e-06,6574.501659087649,6574501.65908765,-5.18213716069533,23.550560956783215,1.618033988749895,0.38196601125010515
-0.26099999999999995,0.833867585569481,-0.25804681316895933,0.8728821845186965,-0.3094577815885828,8.33867585569481,-2.580468131689593,8.728821845186964,6.419374656849439e-06,6419.374656849439,6419374.656849439,-5.192507276651908,22.994879612144082,1.618033988749895,0.38196601125010515
-0.25999999999999995,0.8336100218654868,-0.25708055189215506,0.8723508919670756,-0.3083942672820195,8.336100218654868,-2.5708055189215506,8.723508919670756,6.26846259322641e-06,6268.46259322641,6268462.5932264095,-5.202838961426094,22.45429662384177,1.618033988749895,0.38196601125010515
-0.25899999999999995,0.8333534245513902,-0.2561140335348203,0.8718212708950182,-0.3073294306946555,8.333534245513901,-2.561140335348203,8.718212708950182,6.121640169589611e-06,6121.64016958961,6121640.169589611,-5.21313220184656,21.928363158922558,1.618033988749895,0.38196601125010515
-0.25799999999999995,0.8330977938837885,-0.25514725906347335,0.8712933248806848,-0.3062632753761255,8.330977938837885,-2.5514725906347335,8.712933248806847,5.978786087020521e-06,5978.786087020521,5978786.087020521,-5.223386984778298,21.41664471181891,1.618033988749895,0.38196601125010515
-0.25699999999999995,0.8328431301183123,-0.2541802294448886,0.8707670574992628,-0.3051958048915889,8.328431301183123,-2.541802294448886,8.707670574992626,5.8397829109402096e-06,5839.782910940209,5839782.910940209,-5.233603297122725,20.918720619436808,1.618033988749895,0.38196601125010515
-0.25599999999999995,0.8325894335096254,-0.2532129456460956,0.8702424723228874,-0.30412702282170895,8.325894335096255,-2.5321294564609556,8.702424723228873,5.704516940555855e-06,5704.5169405558545,5704516.940555855,-5.243781125817773,20.434183593499355,1.618033988749895,0.38196601125010515
-0.25499999999999995,0.8323367043114245,-0.252245408634378,0.8697195729205638,-0.3030569327626319,8.323367043114244,-2.52245408634378,8.697195729205637,5.572878082945329e-06,5572.878082945329,5572878.082945329,-5.253920457837978,19.962639269504432,1.618033988749895,0.38196601125010515
-0.25399999999999995,0.8320849427764385,-0.25127761937727283,0.8691983628580869,-0.3019855383259653,8.320849427764385,-2.512776193772728,8.69198362858087,5.444759731607578e-06,5444.759731607578,5444759.731607578,-5.26402128019458,19.503705771679293,1.618033988749895,0.38196601125010515
-0.25299999999999995,0.8318341491564292,-0.2503095788425692,0.8686788456979627,-0.3009128431387561,8.318341491564292,-2.503095788425692,8.686788456979627,5.320058649313512e-06,5320.0586493135115,5320058.649313512,-5.274083579935624,19.057013293340063,1.618033988749895,0.38196601125010515
-0.25199999999999995,0.8315843237021899,-0.24934128799830763,0.8681610249993279,-0.29983885084346856,8.315843237021898,-2.493412879983076,8.681610249993279,5.198674855098161e-06,5198.674855098161,5198674.855098161,-5.284107344146043,18.622203692085666,1.618033988749895,0.38196601125010515
-0.25099999999999995,0.8313354666635463,-0.2483727478127788,0.8676449043178704,-0.2987635650979617,8.313354666635462,-2.4837274781277876,8.676449043178703,5.080511515240987e-06,5080.511515240987,5080511.515240987,-5.294092559947765,18.198930099277778,1.618033988749895,0.38196601125010515
-0.24999999999999994,0.8310875782893552,-0.24740395925452288,0.8671304872057485,-0.29768698957546635,8.310875782893552,-2.4740395925452288,8.671304872057485,4.965474838087327e-06,4965.474838087327,4965474.838087327,-5.304039214499792,17.786856543280074,1.618033988749895,0.38196601125010515
-0.24899999999999994,0.8308406588275052,-0.2464349232923283,0.8666177772115102,-0.29660912796456174,8.308406588275052,-2.464349232923283,8.666177772115102,4.853473972569075e-06,4853.473972569075,4853473.972569075,-5.3139472949983295,17.38565758594859,1.618033988749895,0.38196601125010515
-0.248,0.8305947085249156,-0.24546564089523104,0.8661067778800118,-0.2955299839691523,8.305947085249155,-2.45465640895231,8.661067778800117,4.744420910289367e-06,4744.420910289367,4744420.910289368,-5.3238167886768615,16.995017971888696,1.618033988749895,0.38196601125010515
-0.247,0.8303497276275367,-0.24449611303251328,0.8655974927523369,-0.29444956130844296,8.303497276275365,-2.4449611303251326,8.655974927523369,4.638230391039615e-06,4638.230391039615,4638230.391039615,-5.333647682806245,16.614632290007094,1.618033988749895,0.38196601125010515
-0.246,0.8301057163803492,-0.24352634067370285,0.8650899253657143,-0.29336786371691553,8.301057163803492,-2.4352634067370285,8.650899253657142,4.534819811623132e-06,4534.8198116231315,4534819.811623132,-5.343439964694836,16.244204646908422,1.618033988749895,0.38196601125010515
-0.245,0.8298626750273647,-0.24255632478857206,0.8645840792534366,-0.2922848949443036,8.298626750273646,-2.4255632478857203,8.645840792534365,4.434109137865033e-06,4434.1091378650335,4434109.137865033,-5.35319362168855,15.883448351705367,1.618033988749895,0.38196601125010515
-0.244,0.8296206038116242,-0.24158606634713667,0.8640799579447767,-0.29120065875556755,8.29620603811624,-2.4158606634713666,8.640799579447766,4.336020819690586e-06,4336.020819690586,4336020.819690586,-5.362908641171001,15.532085611820342,1.618033988749895,0.38196601125010515
-0.243,0.829379502975199,-0.24061556631965508,0.863577564964906,-0.2901151589308691,8.29379502975199,-2.4061556631965506,8.635775649649059,4.240479709161541e-06,4240.479709161541,4240479.709161541,-5.372585010563574,15.189847239382962,1.618033988749895,0.38196601125010515
-0.242,0.82913937275919,-0.2396448256766272,0.8630769038348113,-0.2890283992655456,8.291393727591899,-2.3964482567662717,8.630769038348113,4.147412981361471e-06,4147.412981361471,4147412.981361471,-5.382222717325542,14.856472367832916,1.618033988749895,0.38196601125010515
-0.241,0.8289002134037274,-0.23867384538879366,0.8625779780712111,-0.2879403835700839,8.289002134037274,-2.3867384538879364,8.62577978071211,4.056750058027025e-06,4056.7500580270253,4056750.0580270253,-5.391821748954165,14.531708178359073,1.618033988749895,0.38196601125010515
-0.24,0.8286620251479704,-0.23770262642713458,0.862080791186472,-0.28685111567009375,8.286620251479704,-2.3770262642713456,8.62080791186472,3.968422533825404e-06,3968.422533825404,3968422.5338254045,-5.401382092984785,14.215309635817572,1.618033988749895,0.38196601125010515
-0.239,0.8284248082301073,-0.2367311697628689,0.8615853466885254,-0.28576059940628107,8.284248082301072,-2.367311697628689,8.615853466885254,3.8823641051816e-06,3882.3641051816,3882364.1051815995,-5.410903736990943,13.907039233783458,1.618033988749895,0.38196601125010515
-0.238,0.8281885628873551,-0.23575947636745317,0.8610916480807825,-0.2846688386344206,8.28188562887355,-2.357594763674532,8.610916480807825,3.798510501563722e-06,3798.510501563722,3798510.501563722,-5.420386668584464,13.606666748407463,1.618033988749895,0.38196601125010515
-0.237,0.8279532893559589,-0.23478754721258074,0.8605996988620505,-0.28357583722532853,8.279532893559589,-2.3478754721258075,8.605996988620504,3.716799419136887e-06,3716.799419136887,3716799.419136887,-5.429830875415575,13.313969000757194,1.618033988749895,0.38196601125010515
-0.236,0.8277189878711925,-0.23381538327018064,0.8601095025264474,-0.28248159906483433,8.277189878711924,-2.3381538327018063,8.601095025264472,3.6371704567006988e-06,3637.1704567006987,3637170.456700699,-5.439236345173,13.028729627338418,1.618033988749895,0.38196601125010515
-0.235,0.827485658667357,-0.23284298551241678,0.8596210625633165,-0.2813861280537526,8.27485658667357,-2.328429855124168,8.596210625633164,3.559565053827567e-06,3559.5650538275668,3559565.053827567,-5.448603065584075,12.750738858499972,1.618033988749895,0.38196601125010515
-0.23399999999999999,0.8272533019777819,-0.23187035491168678,0.859134382457142,-0.28028942810785457,8.272533019777818,-2.3187035491168677,8.59134382457142,3.483926431123027e-06,3483.9264311230268,3483926.431123027,-5.457931024414848,12.479793304439896,1.618033988749895,0.38196601125010515
-0.23299999999999998,0.8270219180348237,-0.23089749244062122,0.8586494656874628,-0.2791915031578386,8.270219180348237,-2.308974924406212,8.586494656874628,3.410199532531642e-06,3410.199532531642,3410199.532531642,-5.467220209470182,12.215695748539067,1.618033988749895,0.38196601125010515
-0.23199999999999998,0.8267915070698665,-0.22992439907208245,0.8581663157287865,-0.27809235714930136,8.267915070698665,-2.299243990720824,8.581663157287865,3.3383309696150686e-06,3338.3309696150686,3338330.9696150688,-5.476470608593861,11.958254947759341,1.618033988749895,0.38196601125010515
-0.23099999999999998,0.8265620693133211,-0.22895107577916377,0.8576849360505032,-0.2769919940427079,8.26562069313321,-2.2895107577916374,8.576849360505031,3.268268967731651e-06,3268.2689677316507,3268268.967731651,-5.485682209668708,11.707285439853147,1.618033988749895,0.38196601125010515
-0.22999999999999998,0.8263336049946252,-0.22797752353518838,0.8572053301167991,-0.27589041781336154,8.26333604994625,-2.2797752353518836,8.57205330116799,3.1999633140497797e-06,3199.9633140497795,3199963.31404978,-5.494855000616679,11.462607357141845,1.618033988749895,0.38196601125010515
-0.22899999999999998,0.8261061143422432,-0.22700374331370846,0.8567275013865701,-0.2747876324513732,8.261061143422431,-2.2700374331370843,8.5672750138657,3.133365307329163e-06,3133.365307329163,3133365.307329163,-5.503988969398973,11.224046246626925,1.618033988749895,0.38196601125010515
-0.22799999999999998,0.8258795975836657,-0.22602973608850413,0.856251453313334,-0.27368364196163136,8.258795975836657,-2.260297360885041,8.562514533133339,3.068427709407198e-06,3068.427709407198,3068427.7094071982,-5.51308410401615,10.99143289620904,1.618033988749895,0.38196601125010515
-0.22699999999999998,0.8256540549454094,-0.22505550283358258,0.8557771893451437,-0.2725784503637698,8.256540549454094,-2.2505550283358255,8.557771893451436,3.005104698329835e-06,3005.104698329835,3005104.698329835,-5.522140392508225,10.764603166797817,1.618033988749895,0.38196601125010515
-0.22599999999999998,0.8254294866530171,-0.22408104452317693,0.8553047129244999,-0.2714720616921371,8.25429486653017,-2.240810445231769,8.553047129244998,2.9433518230682267e-06,2943.3518230682266,2943351.8230682267,-5.531157822954795,10.543397830102084,1.618033988749895,0.38196601125010515
-0.22499999999999998,0.8252058929310567,-0.22310636213174542,0.8548340274882629,-0.2703644799957642,8.252058929310566,-2.231063621317454,8.548340274882628,2.883125959765215e-06,2883.1259597652147,2883125.959765215,-5.540136383475131,10.327662411900166,1.618033988749895,0.38196601125010515
-0.22399999999999998,0.8249832740031223,-0.22213145663397038,0.8543651364675646,-0.2692557093383322,8.249832740031223,-2.2213145663397036,8.543651364675645,2.8243852694571787e-06,2824.3852694571788,2824385.2694571787,-5.549076062228294,10.117247040595064,1.618033988749895,0.38196601125010515
-0.22299999999999998,0.8247616300918327,-0.22115632900475723,0.8538980432877203,-0.26814575379814004,8.247616300918326,-2.211563290047572,8.538980432877203,2.7670891572191966e-06,2767.0891572191967,2767089.1572191967,-5.557976847413253,9.912006300868102,1.618033988749895,0.38196601125010515
-0.22199999999999998,0.8245409614188316,-0.2201809802192335,0.8534327513681401,-0.2670346174680714,8.245409614188315,-2.2018098021923347,8.5343275136814,2.7111982326832785e-06,2711.1982326832785,2711198.2326832786,-5.566838727268992,9.711799092251052,1.618033988749895,0.38196601125010515
-0.22099999999999997,0.8243212682047878,-0.2192054112527479,0.8529692641222403,-0.2659223044555612,8.243212682047877,-2.1920541125274786,8.529692641222402,2.6566742718812555e-06,2656.6742718812557,2656674.2718812553,-5.575661690074615,9.516488492443326,1.618033988749895,0.38196601125010515
-0.21999999999999997,0.8241025506693945,-0.2182296230808693,0.852507584957354,-0.26480881888256225,8.241025506693944,-2.1822962308086926,8.52507584957354,2.6034801803655907e-06,2603.4801803655905,2603480.180365591,-5.5844457241494645,9.325941625206818,1.618033988749895,0.38196601125010515
-0.21899999999999997,0.8238848090313693,-0.2172536166793858,0.8520477172746427,-0.26369416488551123,8.238848090313692,-2.172536166793858,8.520477172746427,2.5515799575633395e-06,2551.5799575633396,2551579.9575633393,-5.593190817853224,9.14002953267802,1.618033988749895,0.38196601125010515
-0.21799999999999997,0.8236680435084537,-0.21627739302430374,0.8515896644690054,-0.2625783466152939,8.236680435084537,-2.1627739302430373,8.515896644690054,2.5009386623197904e-06,2500.9386623197906,2500938.6623197906,-5.601896959586056,8.958627051941683,1.618033988749895,0.38196601125010515
-0.21699999999999997,0.8234522543174131,-0.2153009530918467,0.8511334299289901,-0.261461368237211,8.23452254317413,-2.153009530918467,8.511334299289901,2.4515223795904444e-06,2451.5223795904444,2451522.3795904443,-5.610564137788688,8.781612695717975,1.618033988749895,0.38196601125010515
-0.21599999999999997,0.8232374416740369,-0.21432429785845447,0.8506790170367039,-0.26034323393094255,8.232374416740369,-2.1432429785845444,8.506790170367038,2.403298188240852e-06,2403.2981882408517,2403298.1882408517,-5.6191923409425355,8.60886853701808,1.618033988749895,0.38196601125010515
-0.21499999999999997,0.8230236057931376,-0.21334742830078227,0.850226429167722,-0.25922394789051284,8.230236057931375,-2.1334742830078226,8.50226429167722,2.3562341299156985e-06,2356.2341299156988,2356234.1299156984,-5.627781557569814,8.440280097629971,1.618033988749895,0.38196601125010515
-0.21399999999999997,0.8228107468885512,-0.21237034539569952,0.849775669690998,-0.25810351432425427,8.228107468885511,-2.123703453956995,8.49775669690998,2.3102991789398965e-06,2310.2991789398966,2310299.1789398966,-5.6363317762336616,8.275736240300928,1.618033988749895,0.38196601125010515
-0.21299999999999997,0.8225988651731364,-0.21139305012028908,0.8493267419687731,-0.25698193745477166,8.225988651731363,-2.1139305012028906,8.493267419687731,2.2654632132157914e-06,2265.4632132157913,2265463.2132157916,-5.64484298553825,8.115129064488258,1.618033988749895,0.38196601125010515
-0.21199999999999997,0.822387960858775,-0.21041554345184615,0.8488796493564855,-0.25585922151890533,8.22387960858775,-2.104155434518461,8.488796493564855,2.221696986081815e-06,2221.696986081815,2221696.986081815,-5.6533151741288945,7.958353805554007,1.618033988749895,0.38196601125010515
-0.21099999999999997,0.8221780341563711,-0.2094378263678773,0.8484343952026793,-0.25473537076769437,8.221780341563711,-2.094378263678773,8.484343952026792,2.178972099099181e-06,2178.972099099181,2178972.099099181,-5.661748330692176,7.805308737284023,1.618033988749895,0.38196601125010515
-0.20999999999999996,0.8219690852758518,-0.20845989984609953,0.8479909828489135,-0.2536103894663394,8.219690852758518,-2.084598998460995,8.479909828489134,2.1372609757345815e-06,2137.2609757345817,2137260.9757345817,-5.670142443956051,7.655895077616589,1.618033988749895,0.38196601125010515
-0.20899999999999996,0.8217611144261656,-0.20748176486443928,0.8475494156296707,-0.2524842818941651,8.217611144261655,-2.0748176486443928,8.475494156296707,2.096536835907758e-06,2096.536835907758,2096536.835907758,-5.678497502689969,7.510016897469128,1.618033988749895,0.38196601125010515
-0.20799999999999996,0.8215541218152835,-0.20650342240103148,0.8471096968722649,-0.25135705234458217,8.215541218152834,-2.0650342240103146,8.471096968722648,2.0567736713741178e-06,2056.773671374118,2056773.6713741177,-5.686813495705006,7.367581032556129,1.618033988749895,0.38196601125010515
-0.20699999999999996,0.8213481076501981,-0.20552487343421846,0.8466718298967509,-0.2502287051250491,8.21348107650198,-2.0552487343421846,8.466718298967509,2.0179462219138525e-06,2017.9462219138525,2017946.2219138525,-5.69509041185395,7.228496998096049,1.618033988749895,0.38196601125010515
-0.20599999999999996,0.8211430721369234,-0.20454611894254915,0.8462358180158318,-0.24909924455703333,8.211430721369233,-2.0454611894254913,8.462358180158317,1.9800299522992812e-06,1980.0299522992811,1980029.9522992813,-5.703328240031444,7.092676906305897,1.618033988749895,0.38196601125010515
-0.20499999999999996,0.820939015480495,-0.20356715990477794,0.8458016645347665,-0.24796867497597277,8.209390154804948,-2.035671599047779,8.458016645347664,1.943001030014158e-06,1943.0010300141582,1943001.0300141582,-5.7115269691741,6.960035386589436,1.618033988749895,0.38196601125010515
-0.20399999999999996,0.8207359378849695,-0.2025879972998638,0.8453693727512784,-0.2468370007312359,8.207359378849693,-2.025879972998638,8.453693727512784,1.9068363036989409e-06,1906.8363036989408,1906836.303698941,-5.719686588260606,6.830489508325852,1.618033988749895,0.38196601125010515
-0.20299999999999996,0.8205338395534245,-0.20160863210696922,0.8449389459554627,-0.24570422618608234,8.205338395534245,-2.016086321069692,8.449389459554627,1.8715132822971134e-06,1871.5132822971134,1871513.2822971134,-5.7278070863118495,6.703958706169672,1.618033988749895,0.38196601125010515
-0.20199999999999996,0.8203327206879585,-0.20062906530545935,0.8445103874296931,-0.24457035571762284,8.203327206879583,-2.0062906530545934,8.44510387429693,1.8370101148785752e-06,1837.0101148785752,1837010.114878575,-5.735888452391058,6.580364707776013,1.618033988749895,0.38196601125010515
-0.20099999999999996,0.82013258148969,-0.19964929787490088,0.8440837004485302,-0.2434353937167788,8.201325814896899,-1.9964929787490087,8.440837004485301,1.8033055711172899e-06,1803.30557111729,1803305.5711172898,-5.743930675603874,6.459631463869453,1.618033988749895,0.38196601125010515
-0.19999999999999996,0.8199334221587584,-0.19866933079506116,0.8436588882786278,-0.2422993445882416,8.199334221587584,-1.9866933079506115,8.436588882786276,1.7703790224002832e-06,1770.3790224002832,1770379.0224002833,-5.751933745098521,6.341685080574454,1.618033988749895,0.38196601125010515
-0.19899999999999995,0.819735242894323,-0.19768916504590722,0.8432359541786407,-0.24116221275043134,8.19735242894323,-1.9768916504590721,8.432359541786406,1.738210423547187e-06,1738.210423547187,1738210.4235471871,-5.759897650065884,6.226453753932843,1.618033988749895,0.38196601125010515
-0.19799999999999995,0.819538043894563,-0.1967088016076047,0.8428149013991308,-0.2400240026354556,8.195380438945628,-1.9670880160760469,8.428149013991307,1.7067802951189735e-06,1706.7802951189735,1706780.2951189736,-5.767822379739663,6.113867706531816,1.618033988749895,0.38196601125010515
-0.19699999999999995,0.8193418253566773,-0.19572824146051698,0.8423957331824742,-0.23888471868906755,8.193418253566772,-1.9572824146051697,8.423957331824742,1.676069706296358e-06,1676.069706296358,1676069.706296358,-5.775707923396471,6.003859126172574,1.618033988749895,0.38196601125010515
-0.19599999999999995,0.8191465874768847,-0.1947474855852041,0.8419784527627681,-0.23774436537062377,8.191465874768847,-1.947474855852041,8.41978452762768,1.6460602583083114e-06,1646.0602583083114,1646060.2583083115,-5.783554270355963,5.896362106509493,1.618033988749895,0.38196601125010515
-0.19499999999999995,0.8189523304504228,-0.19376653496242188,0.8415630633657362,-0.2366029471530419,8.189523304504227,-1.9376653496242187,8.415630633657361,1.6167340683921e-06,1616.7340683921,1616734.0683921,-5.791361409980963,5.791312589593289,1.618033988749895,0.38196601125010515
-0.19399999999999995,0.8187590544715487,-0.19278539057312083,0.8411495682086363,-0.23546046852275754,8.187590544715487,-1.9278539057312083,8.411495682086363,1.5880737542670449e-06,1588.073754267045,1588073.7542670448,-5.799129331677575,5.6886483102543846,1.618033988749895,0.38196601125010515
-0.19299999999999995,0.8185667597335383,-0.19180405339844528,0.840737970500166,-0.23431693397968145,8.185667597335383,-1.9180405339844526,8.40737970500166,1.56006241910456e-06,1560.06241910456,1560062.4191045598,-5.806858024895308,5.58830874226399,1.618033988749895,0.38196601125010515
-0.19199999999999995,0.8183754464286864,-0.1908225244197323,0.8403282734403688,-0.23317234803715564,8.183754464286864,-1.9082252441973229,8.403282734403687,1.5326836369777647e-06,1532.6836369777648,1532683.6369777648,-5.814547479127205,5.490235046213078,1.618033988749895,0.38196601125010515
-0.19099999999999995,0.8181851147483064,-0.1898408046185108,0.8399204802205401,-0.2320267152219097,8.181851147483062,-1.8984080461851078,8.3992048022054,1.505921438774663e-06,1505.9214387746629,1505921.438774663,-5.82219768390995,5.394370019051898,1.618033988749895,0.38196601125010515
-0.18999999999999995,0.8179957648827297,-0.18885889497650052,0.8395145940231337,-0.2308800400740166,8.179957648827298,-1.888588949765005,8.395145940231336,1.47976029855923e-06,1479.76029855923,1479760.29855923,-5.829808628824004,5.300658045233946,1.618033988749895,0.38196601125010515
-0.18899999999999995,0.8178073970213063,-0.187876796475611,0.8391106180216663,-0.22973232714684808,8.178073970213063,-1.87876796475611,8.391106180216662,1.4541851203653977e-06,1454.1851203653978,1454185.1203653978,-5.837380303493736,5.209045049410621,1.618033988749895,0.38196601125010515
-0.18799999999999994,0.8176200113524041,-0.18689451009794064,0.8387085553806249,-0.2285835810070295,8.176200113524041,-1.8689451009794062,8.38708555380625,1.4291812254096897e-06,1429.1812254096897,1429181.2254096896,-5.844912697587515,5.1194784506255315,1.618033988749895,0.38196601125010515
-0.18699999999999994,0.8174336080634086,-0.18591203682577578,0.8383084092553712,-0.22743380623439516,8.174336080634085,-1.8591203682577577,8.38308409255371,1.4047343397081028e-06,1404.7343397081029,1404734.3397081029,-5.852405800817876,5.031907117956854,1.618033988749895,0.38196601125010515
-0.18599999999999994,0.8172481873407232,-0.1849293776415896,0.8379101827920481,-0.22628300742194207,8.172481873407232,-1.8492937764158959,8.379101827920481,1.3808305820843267e-06,1380.8305820843268,1380830.5820843268,-5.859859602941591,4.946281327561506,1.618033988749895,0.38196601125010515
-0.18499999999999994,0.8170637493697686,-0.18394653352804116,0.8375138791274845,-0.22513118917578454,8.170637493697685,-1.8394653352804116,8.375138791274845,1.3574564525556298e-06,1357.4564525556298,1357456.45255563,-5.867274093759848,4.862552721072157,1.618033988749895,0.38196601125010515
-0.18399999999999994,0.8168802943349827,-0.18296350546797452,0.8371195013891013,-0.22397835611510744,8.168802943349826,-1.829635054679745,8.371195013891013,1.3345988210845133e-06,1334.5988210845132,1334598.8210845133,-5.874649263118334,4.780674265304467,1.618033988749895,0.38196601125010515
-0.183,0.8166978224198205,-0.1819802944444177,0.8367270526948161,-0.22282451287212007,8.166978224198203,-1.819802944444177,8.36727052694816,1.312244916683463e-06,1312.244916683463,1312244.9166834631,-5.881985100907391,4.70060021322915,1.618033988749895,0.38196601125010515
-0.182,0.8165163338067539,-0.1809969014405816,0.8363365361529497,-0.2216696640920087,8.165163338067538,-1.8099690144058158,8.363365361529496,1.2903823168616032e-06,1290.3823168616032,1290382.3168616032,-5.889281597062096,4.622286066168775,1.618033988749895,0.38196601125010515
-0.181,0.8163358286772716,-0.1800133274398591,0.83594795486213,-0.22051381443288967,8.163358286772716,-1.800133274398591,8.3594795486213,1.2689989374013622e-06,1268.9989374013621,1268998.9374013622,-5.896538741562441,4.545688537176697,1.618033988749895,0.38196601125010515
-0.18,0.8161563072118786,-0.17902957342582418,0.8355613119111984,-0.21935696856576167,8.161563072118785,-1.7902957342582417,8.355613119111984,1.2480830224548874e-06,1248.0830224548874,1248083.0224548874,-5.903756524433422,4.470765515561367,1.618033988749895,0.38196601125010515
-0.179,0.8159777695900965,-0.17804564038223072,0.8351766103791145,-0.2181991311744575,8.159777695900964,-1.7804564038223072,8.351766103791144,1.227623134949243e-06,1227.623134949243,1227623.134949243,-5.910934935745167,4.397476032516735,1.618033988749895,0.38196601125010515
-0.178,0.8158002159904627,-0.17706152929301175,0.8347938533348611,-0.21704030695559626,8.158002159904626,-1.7706152929301173,8.34793853334861,1.207608147290381e-06,1207.608147290381,1207608.147290381,-5.918073965613068,4.325780227822893,1.618033988749895,0.38196601125010515
-0.177,0.815623646590531,-0.17607724114227824,0.83441304383735,-0.2158805006185342,8.156236465905309,-1.7607724114227823,8.344130438373499,1.1880272323560541e-06,1188.0272323560541,1188027.232356054,-5.925173604197912,4.255639317581728,1.618033988749895,0.38196601125010515
-0.176,0.8154480615668706,-0.17509277691431824,0.8340341849353262,-0.21471971688531608,8.154480615668705,-1.7509277691431824,8.340341849353262,1.168869854768263e-06,1168.869854768263,1168869.854768263,-5.932233841705992,4.187015562953914,1.618033988749895,0.38196601125010515
-0.175,0.8152734610950666,-0.17410813759359595,0.833657279667274,-0.21355796049062575,8.152734610950665,-1.7410813759359594,8.336572796672739,1.1501257624359468e-06,1150.1257624359469,1150125.7624359468,-5.939254668389251,4.119872239863926,1.618033988749895,0.38196601125010515
-0.174,0.8150998453497195,-0.17312332416475054,0.8332823310613215,-0.21239523618173647,8.150998453497195,-1.7312332416475054,8.332823310613215,1.1317849783593034e-06,1131.7849783593033,1131784.9783593034,-5.946236074545379,4.054173609642251,1.618033988749895,0.38196601125010515
-0.173,0.8149272145044448,-0.17213833761259542,0.8329093421351458,-0.2112315487184611,8.149272145044447,-1.721383376125954,8.329093421351457,1.1138377926869004e-06,1113.8377926869005,1113837.7926869004,-5.953178050517975,3.9898848905731183,1.618033988749895,0.38196601125010515
-0.172,0.8147555687318737,-0.171153178922117,0.8325383158958782,-0.2100669028731014,8.147555687318736,-1.71153178922117,8.325383158958783,1.0962747550176875e-06,1096.2747550176875,1096274.7550176876,-5.960080586696647,3.926972230319493,1.618033988749895,0.38196601125010515
-0.17099999999999999,0.8145849082036517,-0.17016784907847396,0.8321692553400095,-0.208901303430398,8.145849082036516,-1.7016784907847395,8.321692553400094,1.0790866669396648e-06,1079.0866669396648,1079086.6669396649,-5.966943673517154,3.865402679195795,1.618033988749895,0.38196601125010515
-0.16999999999999998,0.8144152330904393,-0.169182349066996,0.8318021634532946,-0.20773475518747894,8.144152330904392,-1.6918234906699599,8.318021634532945,1.062264574797723e-06,1062.2645747977228,1062264.574797723,-5.9737673014615105,3.805144164261539,1.618033988749895,0.38196601125010515
-0.16899999999999998,0.8142465435619117,-0.16819667987318307,0.8314370432106584,-0.20656726295380845,8.142465435619117,-1.6819667987318305,8.314370432106584,1.0457997626830681e-06,1045.7997626830681,1045799.7626830682,-5.980551461058138,3.746165464208709,1.618033988749895,0.38196601125010515
-0.16799999999999998,0.8140788397867585,-0.1672108424827043,0.8310738975761004,-0.20539883155113556,8.140788397867585,-1.6721084248270428,8.310738975761003,1.0296837456371952e-06,1029.6837456371952,1029683.7456371952,-5.987296142881977,3.6884361850176752,1.618033988749895,0.38196601125010515
-0.16699999999999998,0.8139121219326834,-0.16622483788139694,0.8307127295026,-0.20422946581344192,8.139121219326833,-1.6622483788139693,8.307127295026,1.0139082630634057e-06,1013.9082630634057,1013908.2630634056,-5.9940013375546215,3.631926736356549,1.618033988749895,0.38196601125010515
-0.16599999999999998,0.813746390166404,-0.1652386670552656,0.8303535419320222,-0.20305917058688977,8.13746390166404,-1.652386670552656,8.303535419320221,9.984652723392126e-07,998.4652723392127,998465.2723392126,-6.000667035744436,3.5766083087001457,1.618033988749895,0.38196601125010515
-0.16499999999999998,0.8135816446536523,-0.16425233099048095,0.829996337795022,-0.20188795072976895,8.135816446536523,-1.6425233099048093,8.29996337795022,9.833469426231276e-07,983.3469426231276,983346.9426231276,-6.007293228166692,3.5224528511452355,1.618033988749895,0.38196601125010515
-0.16399999999999998,0.8134178855591738,-0.163265830673379,0.8296411200109514,-0.20071581111244433,8.134178855591738,-1.6326583067337899,8.296411200109514,9.685456488496457e-07,968.5456488496458,968545.6488496457,-6.013879905583685,3.4694330498999477,1.618033988749895,0.38196601125010515
-0.16299999999999998,0.8132551130467275,-0.16227916709045997,0.8292878914877625,-0.1995427566173025,8.132551130467274,-1.6227916709045997,8.292878914877624,9.540539659062917e-07,954.0539659062916,954053.9659062916,-6.0204270588048745,3.417522307425332,1.618033988749895,0.38196601125010515
-0.16199999999999998,0.8130933272790859,-0.1612923412283874,0.8289366551219154,-0.19836879213869807,8.130933272790859,-1.6129234122838738,8.289366551219153,9.398646629870526e-07,939.8646629870526,939864.6629870526,-6.026934678686991,3.366694722208755,1.618033988749895,0.38196601125010515
-0.16099999999999998,0.8129325284180349,-0.16030535407398702,0.828587413798282,-0.1971939225828999,8.129325284180348,-1.60305354073987,8.28587413798282,9.259706981163433e-07,925.9706981163433,925970.6981163432,-6.033402756134186,3.3169250691481684,1.618033988749895,0.38196601125010515
-0.15999999999999998,0.8127727166243731,-0.15931820661424595,0.8282401703900524,-0.19601815286803684,8.12772716624373,-1.5931820661424594,8.282401703900524,9.123652128382802e-07,912.3652128382802,912365.2128382802,-6.0398312820981435,3.2681887805285217,1.618033988749895,0.38196601125010515
-0.15899999999999997,0.8126138920579125,-0.15833089983631152,0.8278949277586406,-0.19484148792404324,8.126138920579123,-1.583308998363115,8.278949277586406,8.990415270658462e-07,899.0415270658461,899041.5270658461,-6.046220247578207,3.220461927570928,1.618033988749895,0.38196601125010515
-0.15799999999999997,0.8124560548774774,-0.15734343472749046,0.82755168875359,-0.19366393269260412,8.124560548774774,-1.5734343472749046,8.275516887535899,8.859931340848943e-07,885.9931340848943,885993.1340848943,-6.052569643621524,3.173721202536475,1.618033988749895,0.38196601125010515
-0.15699999999999997,0.8122992052409053,-0.15635581227524778,0.8272104562124798,-0.1924854921270999,8.122992052409051,-1.5635581227524777,8.272104562124797,8.73213695708173e-07,873.213695708173,873213.695708173,-6.058879461323136,3.127943901367432,1.618033988749895,0.38196601125010515
-0.15599999999999997,0.8121433433050456,-0.15536803346720585,0.8268712329608304,-0.1913061711925511,8.121433433050456,-1.5536803346720585,8.268712329608304,8.60697037574384e-07,860.697037574384,860697.037574384,-6.065149691826151,3.083107906847975,1.618033988749895,0.38196601125010515
-0.15499999999999997,0.8119884692257602,-0.15438009929114338,0.8265340218120102,-0.1901259748655624,8.119884692257601,-1.5438009929114338,8.265340218120102,8.484371445879686e-07,848.4371445879686,848437.1445879686,-6.071380326321837,3.039191672269021,1.618033988749895,0.38196601125010515
-0.15399999999999997,0.8118345831579232,-0.1533920107349945,0.8261988255671413,-0.1889449081342667,8.118345831579232,-1.5339201073499449,8.261988255671412,8.364281564949587e-07,836.4281564949588,836428.1564949588,-6.077571356049762,2.996174205580457,1.618033988749895,0.38196601125010515
-0.15299999999999997,0.8116816852554208,-0.1524037687868477,0.8258656470150063,-0.18776297599826847,8.116816852554209,-1.524037687868477,8.258656470150063,8.246643635907162e-07,824.6643635907162,824664.3635907163,-6.083722772297911,2.954035054015807,1.618033988749895,0.38196601125010515
-0.15199999999999997,0.8115297756711508,-0.15141537443494477,0.8255344889319542,-0.18658018346858724,8.115297756711508,-1.5141537443494475,8.255344889319542,8.131402025552919e-07,813.1402025552918,813140.2025552918,-6.089834566402835,2.9127542891740488,1.618033988749895,0.38196601125010515
-0.15099999999999997,0.8113788545570227,-0.15042682866768006,0.8252053540818078,-0.18539653556760055,8.113788545570227,-1.5042682866768005,8.252053540818078,8.01850252412598e-07,801.8502524125979,801850.252412598,-6.095906729749744,2.872312492544941,1.618033988749895,0.38196601125010515
-0.14999999999999997,0.8112289220639578,-0.1494381324735992,0.82487824521577,-0.1842120373289864,8.112289220639578,-1.4943813247359918,8.2487824521577,7.907892306092335e-07,790.7892306092335,790789.2306092335,-6.101939253772668,2.8326907414629594,1.618033988749895,0.38196601125010515
-0.14899999999999997,0.8110799783418883,-0.1484492868413983,0.8245531650723303,-0.18302669379766592,8.110799783418882,-1.4844928684139829,8.245531650723303,7.799519892094625e-07,779.9519892094626,779951.9892094625,-6.107932129954566,2.7938705954773093,1.618033988749895,0.38196601125010515
-0.14799999999999996,0.810932023539758,-0.14746029275992295,0.8242301163771735,-0.18184051002974522,8.109320235397579,-1.4746029275992294,8.242301163771733,7.693335112025936e-07,769.3335112025935,769333.5112025936,-6.113885349827438,2.7558340831245642,1.618033988749895,0.38196601125010515
-0.14699999999999996,0.8107850578055219,-0.14647115121816712,0.8239091018430847,-0.18065349109245704,8.107850578055219,-1.4647115121816712,8.239091018430846,7.589289069191913e-07,758.9289069191914,758928.9069191914,-6.119798904972482,2.7185636890911593,1.618033988749895,0.38196601125010515
-0.14599999999999996,0.8106390812861455,-0.1454818632052723,0.8235901241698589,-0.1794656420641025,8.106390812861454,-1.4548186320527228,8.235901241698588,7.487334105528966e-07,748.7334105528967,748733.4105528966,-6.1256727870201955,2.68204234175418,1.618033988749895,0.38196601125010515
-0.14499999999999996,0.8104940941276053,-0.14449242971052637,0.8232731860442067,-0.17827696803399196,8.104940941276052,-1.4449242971052636,8.232731860442067,7.387423767844052e-07,738.7423767844052,738742.3767844052,-6.131506987650518,2.6462534010881,1.618033988749895,0.38196601125010515
-0.14399999999999996,0.8103500964748885,-0.1435028517233628,0.8229582901396635,-0.17708747410238598,8.103500964748886,-1.435028517233628,8.229582901396634,7.289512775045352e-07,728.9512775045351,728951.2775045352,-6.137301498592951,2.6111806469264565,1.618033988749895,0.38196601125010515
-0.14299999999999996,0.8102070884719929,-0.14251313023335943,0.822645439116497,-0.1758971653804357,8.102070884719929,-1.4251313023335943,8.22645439116497,7.193556986332924e-07,719.3556986332924,719355.6986332925,-6.143056311626669,2.576808267567413,1.618033988749895,0.38196601125010515
-0.14199999999999996,0.8100650702619262,-0.14152326623023773,0.8223346356216149,-0.17470604699012343,8.100650702619262,-1.4152326623023772,8.22334635621615,7.099513370318817e-07,709.9513370318817,709951.3370318818,-6.148771418580668,2.5431208487122494,1.618033988749895,0.38196601125010515
-0.14099999999999996,0.8099240419867068,-0.14053326070386157,0.8220258822884741,-0.17351412406420222,8.099240419867067,-1.4053326070386156,8.22025882288474,7.007339975049044e-07,700.7339975049043,700733.9975049044,-6.154446811333886,2.5101033627269205,1.618033988749895,0.38196601125010515
-0.13999999999999996,0.8097840037873628,-0.13954311464423644,0.8217191817369885,-0.17232140174613572,8.097840037873627,-1.3954311464423643,8.217191817369885,6.916995898899369e-07,691.699589889937,691699.589889937,-6.160082481815305,2.477741158216618,1.618033988749895,0.38196601125010515
-0.13899999999999996,0.8096449558039327,-0.13855282904150829,0.821414536573439,-0.17112788519003738,8.096449558039327,-1.3855282904150827,8.214145365734389,6.828441262316859e-07,682.8441262316859,682844.1262316859,-6.165678422004109,2.446019949903293,1.618033988749895,0.38196601125010515
-0.13799999999999996,0.8095068981754642,-0.13756240488596264,0.8211119493903806,-0.16993357956060973,8.095068981754642,-1.3756240488596263,8.211119493903805,6.741637180382946e-07,674.1637180382946,674163.7180382946,-6.171234623929788,2.414925808797457,1.618033988749895,0.38196601125010515
-0.13699999999999996,0.8093698310400149,-0.13657184316802357,0.8208114227665534,-0.16873849003308292,8.093698310400148,-1.3657184316802355,8.208114227665533,6.656545736171467e-07,665.6545736171468,665654.5736171467,-6.176751079672268,2.384445152654749,1.618033988749895,0.38196601125010515
-0.13599999999999995,0.8092337545346521,-0.1355811448782527,0.8205129592667915,-0.16754262179315335,8.09233754534652,-1.355811448782527,8.205129592667914,6.573129954877963e-07,657.3129954877962,657312.9954877963,-6.1822277813620365,2.3545647367087748,1.618033988749895,0.38196601125010515
-0.13499999999999995,0.8090986687954521,-0.13459031100734825,0.8202165614419324,-0.16634598003692178,8.090986687954521,-1.3459031100734824,8.202165614419323,6.491353778696324e-07,649.1353778696324,649135.3778696323,-6.187664721180269,2.3252716446716577,1.618033988749895,0.38196601125010515
-0.13399999999999995,0.8089645739575008,-0.13359934254614403,0.8199222318287281,-0.16514856997083127,8.089645739575007,-1.3359934254614403,8.199222318287282,6.411182042420602e-07,641.1182042420602,641118.2042420602,-6.19306189135893,2.2965532799943484,1.618033988749895,0.38196601125010515
-0.13299999999999995,0.8088314701548929,-0.13260824048560838,0.8196299729497539,-0.1639503968116048,8.088314701548928,-1.3260824048560838,8.19629972949754,6.332580449748418e-07,633.2580449748418,633258.0449748419,-6.19841928418094,2.268397357378255,1.618033988749895,0.38196601125010515
-0.13199999999999995,0.8086993575207323,-0.1316170058168433,0.8193397873133198,-0.16275146578618258,8.086993575207323,-1.3161700581684328,8.193397873133197,6.255515550266737e-07,625.5515550266737,625551.5550266737,-6.203736891980263,2.240791894531303,1.618033988749895,0.38196601125010515
-0.13099999999999995,0.8085682361871316,-0.1306256395310834,0.8190516774133813,-0.16155178213165913,8.085682361871315,-1.3062563953108337,8.190516774133812,6.179954717097726e-07,617.9954717097726,617995.4717097726,-6.209014707142031,2.2137252041604456,1.618033988749895,0.38196601125010515
-0.12999999999999995,0.808438106285212,-0.1296341426196948,0.8187656457294499,-0.16035135109522,8.084381062852119,-1.296341426196948,8.187656457294498,6.105866125184665e-07,610.5866125184665,610586.6125184665,-6.214252722102694,2.1871858861934483,1.618033988749895,0.38196601125010515
-0.12899999999999995,0.8083089679451035,-0.12864251607417443,0.8184816947265056,-0.15915017793407832,8.083089679451035,-1.2864251607417443,8.184816947265055,6.033218730200046e-07,603.3218730200047,603321.8730200046,-6.219450929350109,2.161162820223545,1.618033988749895,0.38196601125010515
-0.12799999999999995,0.8081808212959445,-0.12765076088614868,0.8181998268549072,-0.15794826791541094,8.081808212959444,-1.2765076088614868,8.181998268549071,5.961982248054998e-07,596.1982248054998,596198.2248054998,-6.2246093214236895,2.135645158169497,1.618033988749895,0.38196601125010515
-0.12699999999999995,0.8080536664658815,-0.1266588780473727,0.8179200445503052,-0.15674562631629443,8.080536664658814,-1.2665887804737268,8.179200445503051,5.892127134993842e-07,589.2127134993842,589212.7134993842,-6.229727890914505,2.110622317145254,1.618033988749895,0.38196601125010515
-0.12599999999999995,0.8079275035820693,-0.1256668685497292,0.8176423502335538,-0.15554225842364078,8.079275035820693,-1.256668685497292,8.176423502335538,5.823624568254713e-07,582.3624568254713,582362.4568254713,-6.234806630465418,2.086083972532381,1.618033988749895,0.38196601125010515
-0.12499999999999994,0.807802332770671,-0.12467473338522764,0.8173667463106238,-0.15433816953413262,8.07802332770671,-1.2467473338522763,8.173667463106238,5.75644642728012e-07,575.644642728012,575644.6427280119,-6.239845532771195,2.062020051249485,1.618033988749895,0.38196601125010515
-0.12399999999999994,0.8076781541568572,-0.12368247354600308,0.8170932351725143,-0.15313336495415847,8.076781541568572,-1.2368247354600308,8.170932351725142,5.690565275460397e-07,569.0565275460398,569056.5275460398,-6.244844590578644,2.0384207252125246,1.618033988749895,0.38196601125010515
-0.12299999999999994,0.8075549678648065,-0.12269009002431527,0.8168218191951677,-0.15192784999974754,8.075549678648064,-1.2269009002431526,8.168218191951677,5.625954342395029e-07,562.5954342395029,562595.4342395029,-6.249803796686701,2.015276404980628,1.618033988749895,0.38196601125010515
-0.12199999999999994,0.8074327740177052,-0.12169758381254768,0.8165525007393822,-0.15072162999650435,8.07432774017705,-1.2169758381254767,8.165525007393821,5.56258750665469e-07,556.258750665469,556258.7506654691,-6.254723143946592,1.9925777335812753,1.618033988749895,0.38196601125010515
-0.12099999999999994,0.8073115727377472,-0.12070495590320642,0.8162852821507257,-0.1495147102795429,8.073115727377472,-1.207049559032064,8.162852821507256,5.500439279031163e-07,550.0439279031162,550043.9279031163,-6.25960262526192,1.970315580510239,1.618033988749895,0.38196601125010515
-0.12,0.8071913641461338,-0.11971220728891936,0.8160201657594508,-0.14830709619342097,8.071913641461338,-1.1971220728891936,8.160201657594508,5.439484786258927e-07,543.9484786258928,543948.4786258928,-6.2644422335887935,1.9484810359004876,1.618033988749895,0.38196601125010515
-0.119,0.8070721483630735,-0.11871933896243493,0.8157571538804085,-0.1470987930920734,8.070721483630734,-1.1871933896243492,8.157571538804085,5.379699755195099e-07,537.9699755195098,537969.9755195099,-6.2692419619359585,1.9270654048552707,1.618033988749895,0.38196601125010515
-0.118,0.806953925507782,-0.11772635191662144,0.8154962488129637,-0.14588980633874632,8.069539255077819,-1.1772635191662144,8.154962488129636,5.321060497444389e-07,532.1060497444389,532106.049744439,-6.274001803364902,1.9060602019406174,1.618033988749895,0.38196601125010515
-0.11699999999999999,0.8068366956984824,-0.11673324714446584,0.8152374528409109,-0.1446801413059297,8.068366956984823,-1.1673324714446582,8.152374528409108,5.26354389441554e-07,526.3543894415541,526354.389441554,-6.278721750989962,1.8854571458323925,1.618033988749895,0.38196601125010515
-0.11599999999999999,0.8067204590524042,-0.11574002563907282,0.8149807682323891,-0.14346980337529086,8.06720459052404,-1.1574002563907282,8.14980768232389,5.207127382796094e-07,520.7127382796094,520712.73827960936,-6.283401797978474,1.8652481541132053,1.618033988749895,0.38196601125010515
-0.11499999999999999,0.8066052156857842,-0.11474668839366381,0.8147261972397986,-0.1422587979376069,8.066052156857841,-1.147466883936638,8.147261972397985,5.15178894043436e-07,515.178894043436,515178.894043436,-6.288041937550864,1.8454253382151817,1.618033988749895,0.38196601125010515
-0.11399999999999999,0.8064909657138657,-0.11375323640157596,0.8144737420997171,-0.14104713039269728,8.064909657138656,-1.1375323640157595,8.14473742099717,5.097507072615531e-07,509.7507072615531,509750.7072615531,-6.292642162980766,1.8259809985039224,1.618033988749895,0.38196601125010515
-0.11299999999999999,0.8063777092508988,-0.11275967065626119,0.8142234050328174,-0.139834806149356,8.063777092508987,-1.1275967065626118,8.142234050328174,5.044260798720598e-07,504.42607987205986,504426.07987205987,-6.297202467595146,1.806907619499586,1.618033988749895,0.38196601125010515
-0.11199999999999999,0.8062654464101398,-0.11176599215128517,0.8139751882437837,-0.13862183062528374,8.062654464101398,-1.1176599215128518,8.139751882437837,4.992029639257251e-07,499.20296392572516,499202.96392572514,-6.301722844774419,1.7881978652312187,1.618033988749895,0.38196601125010515
-0.11099999999999999,0.8061541773038515,-0.11077220188032631,0.8137290939212296,-0.13740820924701927,8.061541773038515,-1.107722018803263,8.137290939212296,4.940793603251456e-07,494.0793603251456,494079.3603251456,-6.306203287952558,1.7698445747202864,1.618033988749895,0.38196601125010515
-0.10999999999999999,0.8060439020433032,-0.1097783008371748,0.8134851242376172,-0.13619394744987123,8.060439020433032,-1.097783008371748,8.134851242376172,4.890533175989598e-07,489.05331759895984,489053.31759895984,-6.310643790617201,1.7518407575897785,1.618033988749895,0.38196601125010515
-0.10899999999999999,0.80593462073877,-0.10878429001573159,0.813243281349174,-0.13497905067784918,8.0593462073877,-1.0878429001573158,8.13243281349174,4.841229307100138e-07,484.12293071001386,484122.93071001384,-6.315044346309797,1.7341795897949315,1.618033988749895,0.38196601125010515
-0.10799999999999998,0.8058263334995331,-0.10779017041000745,0.8130035673958136,-0.13376352438359462,8.058263334995331,-1.0779017041000745,8.130035673958135,4.792863398966471e-07,479.28633989664706,479286.3398966471,-6.319404948625672,1.7168544094725924,1.618033988749895,0.38196601125010515
-0.10699999999999998,0.80571904043388,-0.10679594301412186,0.8127659845010542,-0.13254737402831165,8.0571904043388,-1.0679594301412185,8.127659845010541,4.7454172954594634e-07,474.54172954594634,474541.72954594635,-6.323725591214179,1.6998587129050948,1.618033988749895,0.38196601125010515
-0.10599999999999998,0.8056127416491036,-0.10580160882230218,0.8125305347719387,-0.1313306050816977,8.056127416491035,-1.0580160882230216,8.125305347719387,4.698873270981934e-07,469.8873270981934,469887.3270981934,-6.328006267778798,1.6831861505958752,1.618033988749895,0.38196601125010515
-0.10499999999999998,0.8055074372515026,-0.10480716882888247,0.8122972202989552,-0.13011322302187342,8.055074372515026,-1.0480716882888246,8.122972202989551,4.653214019815408e-07,465.3214019815408,465321.40198154084,-6.332246972077241,1.6668305234533678,1.618033988749895,0.38196601125010515
-0.10399999999999998,0.8054031273463815,-0.10381262402830269,0.8120660431559574,-0.12889523333531303,8.054031273463815,-1.0381262402830267,8.120660431559573,4.608422645760345e-07,460.8422645760345,460842.2645760345,-6.336447697921584,1.6507857790800242,1.618033988749895,0.38196601125010515
-0.10299999999999998,0.8052998120380502,-0.10281797541510751,0.8118370054000869,-0.12767664151677385,8.052998120380503,-1.028179754151075,8.118370054000868,4.5644826520620143e-07,456.4482652062014,456448.2652062014,-6.340608439178343,1.6350460081636562,1.618033988749895,0.38196601125010515
-0.10199999999999998,0.805197491429824,-0.10182322398394549,0.8116101090716935,-0.126457453069226,8.05197491429824,-1.0182322398394548,8.116101090716935,4.521377931612843e-07,452.1377931612843,452137.7931612843,-6.3447291897686195,1.6196054409678122,1.618033988749895,0.38196601125010515
-0.10099999999999998,0.8050961656240234,-0.10082837072956798,0.8113853561942588,-0.12523767350378168,8.050961656240233,-1.0082837072956796,8.113853561942587,4.4790927574242936e-07,447.9092757424294,447909.27574242937,-6.3488099436681935,1.6044584439187033,1.618033988749895,0.38196601125010515
-0.09999999999999998,0.8049958347219742,-0.09983341664682813,0.8111627487743179,-0.12401730833962406,8.049958347219741,-0.9983341664682812,8.11162748774318,4.437611773360095e-07,443.7611773360095,443761.17733600945,-6.352850694907628,1.5895995162857481,1.618033988749895,0.38196601125010515
-0.09899999999999998,0.8048964988240075,-0.09883836273067996,0.8109422888013837,-0.12279636310393642,8.048964988240074,-0.9883836273067995,8.109422888013837,4.396919985123243e-07,439.6919985123243,439691.9985123243,-6.356851437572387,1.5750232869530223,1.618033988749895,0.38196601125010515
-0.09799999999999998,0.8047981580294591,-0.09784320997617729,0.8107239782478698,-0.12157484333183055,8.047981580294591,-0.9784320997617729,8.107239782478697,4.357002751489991e-07,435.7002751489991,435700.27514899906,-6.360812165802932,1.5607245112791788,1.618033988749895,0.38196601125010515
-0.09699999999999998,0.8047008124366696,-0.0968479593784728,0.8105078190690145,-0.12035275456627527,8.047008124366695,-0.968479593784728,8.105078190690143,4.3178457757833324e-07,431.78457757833326,431784.57757833326,-6.364732873794847,1.5466980680431615,1.618033988749895,0.38196601125010515
-0.09599999999999997,0.8046044621429848,-0.09585261193281701,0.8102938132028068,-0.11913010235802449,8.046044621429846,-0.95852611932817,8.102938132028067,4.279435097579773e-07,427.9435097579773,427943.5097579773,-6.368613555798916,1.5329389564734819,1.618033988749895,0.38196601125010515
-0.09499999999999997,0.8045091072447548,-0.09485716863455727,0.81008196256991,-0.11790689226554522,8.045091072447548,-0.9485716863455727,8.1008196256991,4.241757084641941e-07,424.1757084641941,424175.7084641941,-6.372454206121271,1.5194422933583946,1.618033988749895,0.38196601125010515
-0.09399999999999997,0.8044147478373347,-0.0938616304791368,0.8098722690735897,-0.1166831298549453,8.044147478373347,-0.9386163047913679,8.098722690735896,4.204798425072025e-07,420.47984250720253,420479.8425072025,-6.3762548191234405,1.5062033102351766,1.618033988749895,0.38196601125010515
-0.09299999999999997,0.8043213840150838,-0.09286599846209367,0.8096647345996375,-0.11545882069990088,8.043213840150838,-0.9286599846209367,8.096647345996374,4.1685461196780627e-07,416.85461196780625,416854.61196780624,-6.3800153892225095,1.4932173506556499,1.618033988749895,0.38196601125010515
-0.09199999999999997,0.8042290158713659,-0.09187027357905982,0.8094593610163001,-0.1142339703815837,8.042290158713659,-0.9187027357905981,8.094593610163,4.132987474548842e-07,413.2987474548842,413298.74745488423,-6.383735910891184,1.4804798675264337,1.618033988749895,0.38196601125010515
-0.09099999999999997,0.8041376434985491,-0.09087445682576005,0.8092561501742057,-0.11300858448858826,8.04137643498549,-0.9087445682576004,8.092561501742056,4.098110093830355e-07,409.81100938303547,409811.0093830355,-6.387416378657916,1.4679864205213924,1.618033988749895,0.38196601125010515
-0.08999999999999997,0.8040472669880058,-0.08987854919801101,0.8090551039062919,-0.11178266861685851,8.040472669880057,-0.89878549198011,8.090551039062918,4.0639018726988605e-07,406.39018726988604,406390.187269886,-6.391056787106989,1.455732673564514,1.618033988749895,0.38196601125010515
-0.08899999999999997,0.8039578864301126,-0.08888255169172028,0.8088562240277348,-0.11055622836961469,8.039578864301125,-0.8888255169172028,8.088562240277348,4.030350990524749e-07,403.0350990524749,403035.0990524749,-6.394657130878632,1.443714392381132,1.618033988749895,0.38196601125010515
-0.08799999999999997,0.8038695019142499,-0.08788646530288527,0.8086595123358777,-0.10932926935727967,8.038695019142498,-0.8788646530288526,8.086595123358777,3.997445904222024e-07,399.7445904222024,399744.59042220237,-6.398217404669116,1.431927442115641,1.618033988749895,0.38196601125010515
-0.08699999999999997,0.8037821135288022,-0.08689029102759227,0.8084649706101606,-0.10810179719740516,8.037821135288022,-0.8689029102759227,8.084649706101606,3.965175341778363e-07,396.5175341778363,396517.5341778363,-6.401737603230848,1.4203677850138954,1.618033988749895,0.38196601125010515
-0.08599999999999997,0.8036957213611581,-0.08589402986201548,0.8082726006120516,-0.10687381751459785,8.036957213611581,-0.8589402986201548,8.082726006120517,3.933528295960638e-07,393.3528295960638,393352.8295960638,-6.405217721372474,1.4090314781684596,1.618033988749895,0.38196601125010515
-0.08499999999999996,0.8036103254977096,-0.08489768280241598,0.808082404084976,-0.10564533594044512,8.036103254977096,-0.8489768280241597,8.080824040849759,3.902494018190913e-07,390.2494018190913,390249.4018190913,-6.40865775395899,1.3979146713249264,1.618033988749895,0.38196601125010515
-0.08399999999999996,0.8035259260238525,-0.08390125084514077,0.807894382754249,-0.10441635811344085,8.035259260238524,-0.8390125084514077,8.078943827542489,3.8720620125888733e-07,387.20620125888735,387206.2012588873,-6.412057695911812,1.387013604747852,1.618033988749895,0.38196601125010515
-0.08299999999999996,0.8034425230239863,-0.0829047349866217,0.8077085383270074,-0.10318688967891064,8.034425230239863,-0.8290473498662169,8.077085383270074,3.8422220301752964e-07,384.22220301752964,384222.2030175296,-6.415417542208891,1.3763246071443773,1.618033988749895,0.38196601125010515
-0.08199999999999996,0.8033601165815142,-0.08190813622337455,0.8075248724921426,-0.10195693628893714,8.033601165815142,-0.8190813622337454,8.075248724921424,3.8129640632326826e-07,381.2964063232683,381296.40632326825,-6.418737287884811,1.3658440936441467,1.618033988749895,0.38196601125010515
-0.08099999999999996,0.8032787067788423,-0.08091145555199801,0.8073433869202326,-0.10072650360228515,8.032787067788423,-0.80911455551998,8.073433869202326,3.784278339818797e-07,378.4278339818797,378427.8339818797,-6.422016928030875,1.355568563834,1.618033988749895,0.38196601125010515
-0.07999999999999996,0.8031982936973806,-0.07991469396917265,0.8071640832634775,-0.09949559728432635,8.031982936973806,-0.7991469396917265,8.071640832634776,3.7561553184286773e-07,375.6155318428677,375615.5318428677,-6.425256457795205,1.3454945998458483,1.618033988749895,0.38196601125010515
-0.07899999999999996,0.8031188774175422,-0.07891785247165999,0.8069869631556336,-0.09826422300696405,8.03118877417542,-0.7891785247165998,8.069869631556335,3.728585682801425e-07,372.8585682801425,372858.5682801425,-6.428455872382827,1.3356188644964102,1.618033988749895,0.38196601125010515
-0.07799999999999996,0.8030404580187432,-0.07792093205630142,0.8068120282119471,-0.09703238644855763,8.030404580187431,-0.7792093205630142,8.06812028211947,3.701560336867552e-07,370.15603368675517,370156.03368675517,-6.431615167055773,1.3259380994772991,1.618033988749895,0.38196601125010515
-0.07699999999999996,0.8029630355794033,-0.0769239337200173,0.8066392800290919,-0.09580009329384684,8.029630355794032,-0.7692393372001729,8.066392800290918,3.675070399833434e-07,367.5070399833434,367507.0399833434,-6.434734337133162,1.316449123594222,1.618033988749895,0.38196601125010515
-0.07599999999999996,0.8028866101769445,-0.07592685845980586,0.8064687201851044,-0.09456734923387586,8.028866101769445,-0.7592685845980586,8.064687201851044,3.649107201398844e-07,364.9107201398844,364910.7201398844,-6.437813377991312,1.3071488310538482,1.618033988749895,0.38196601125010515
-0.07499999999999996,0.8028111818877925,-0.0749297072727423,0.8063003502393219,-0.09333415996591722,8.028111818877925,-0.749297072727423,8.063003502393219,3.6236622771045884e-07,362.3662277104588,362366.22771045886,-6.440852285063797,1.2980341897972856,1.618033988749895,0.38196601125010515
-0.07399999999999995,0.8027367507873756,-0.0739324811559777,0.8061341717323192,-0.09210053119339558,8.027367507873755,-0.7393248115597769,8.061341717323192,3.598727363805985e-07,359.8727363805985,359872.7363805985,-6.4438510538415645,1.2891022398786305,1.618033988749895,0.38196601125010515
-0.07299999999999995,0.8026633169501248,-0.07293518110673812,0.8059701861858473,-0.09086646862581127,8.026633169501247,-0.7293518110673811,8.059701861858471,3.5742943952695997e-07,357.42943952696,357429.43952695996,-6.446809679873013,1.280350091887673,1.618033988749895,0.38196601125010515
-0.07199999999999995,0.8025908804494739,-0.07193780812232349,0.8058083951027725,-0.08963197797866362,8.025908804494739,-0.7193780812232349,8.058083951027724,3.55035549788966e-07,355.035549788966,355035.549788966,-6.4497281587640725,1.2717749254154709,1.618033988749895,0.38196601125010515
-0.07099999999999995,0.8025194413578595,-0.07094036320010674,0.8056487999670165,-0.0883970649733743,8.025194413578594,-0.7094036320010674,8.056487999670164,3.5269029865209074e-07,352.69029865209075,352690.2986520907,-6.452606486178299,1.2633739875616334,1.618033988749895,0.38196601125010515
-0.06999999999999995,0.8024489997467205,-0.06994284733753271,0.8054914022434961,-0.08716173533721021,8.024489997467205,-0.6994284733753271,8.05491402243496,3.503929360425056e-07,350.3929360425056,350392.9360425056,-6.455444657836959,1.2551445914822998,1.618033988749895,0.38196601125010515
-0.06899999999999995,0.8023795556864987,-0.06894526153211718,0.8053362033780643,-0.08592599480320644,8.023795556864986,-0.6894526153211717,8.053362033780642,3.4814272993277957e-07,348.14272993277956,348142.72993277956,-6.458242669519116,1.247084114977715,1.618033988749895,0.38196601125010515
-0.06799999999999995,0.802311109246638,-0.06794760678144585,0.8051832047974526,-0.08468984911008894,8.02311109246638,-0.6794760678144585,8.051832047974527,3.459389659583619e-07,345.9389659583619,345938.9659583619,-6.461000517061698,1.239189999118432,1.618033988749895,0.38196601125010515
-0.06699999999999995,0.8022436604955849,-0.0669498840831734,0.8050324079092132,-0.08345330400219704,8.022436604955848,-0.6694988408317339,8.050324079092132,3.437809470445278e-07,343.7809470445278,343780.9470445278,-6.463718196359605,1.2314597469089903,1.618033988749895,0.38196601125010515
-0.06599999999999995,0.8021772095007883,-0.06595209443502244,0.8048838141016613,-0.08221636522940587,8.021772095007883,-0.6595209443502243,8.048838141016613,3.4166799304357946e-07,341.6679930435795,341667.99304357945,-6.466395703365774,1.2238909219883318,1.618033988749895,0.38196601125010515
-0.06499999999999995,0.8021117563286989,-0.06495423883478255,0.8047374247438204,-0.08097903854704858,8.021117563286989,-0.6495423883478254,8.047374247438203,3.395994403819894e-07,339.5994403819894,339599.4403819894,-6.46903303409126,1.2164811473658317,1.618033988749895,0.38196601125010515
-0.06399999999999995,0.8020473010447701,-0.06395631828030923,0.8045932411853658,-0.0797413297158383,8.0204730104477,-0.6395631828030923,8.045932411853657,3.375746417172599e-07,337.5746417172599,337574.6417172599,-6.471630184605315,1.2092281041921316,1.618033988749895,0.38196601125010515
-0.06299999999999994,0.8019838437134571,-0.06295833376952296,0.8044512647565703,-0.07850324450179012,8.01983843713457,-0.6295833376952296,8.044512647565702,3.3559296560423573e-07,335.5929656042357,335592.9656042357,-6.474187151035476,1.2021295305638373,1.618033988749895,0.38196601125010515
-0.061999999999999944,0.8019213843982171,-0.06196028630040818,0.8043114967682494,-0.07726478867614286,8.01921384398217,-0.6196028630040817,8.043114967682493,3.3365379617064715e-07,333.6537961706471,333653.79617064714,-6.476703929567637,1.1951832203612789,1.618033988749895,0.38196601125010515
-0.06099999999999994,0.8018599231615097,-0.060962176871012255,0.8041739385117095,-0.07602596801528055,8.018599231615097,-0.6096217687101225,8.041739385117094,3.3175653280165307e-07,331.75653280165307,331756.5328016531,-6.479180516446119,1.1883870221185107,1.618033988749895,0.38196601125010515
-0.05999999999999994,0.8017994600647959,-0.05996400647944454,0.8040385912586938,-0.07478678830065397,8.017994600647958,-0.5996400647944453,8.040385912586938,3.2990058983314354e-07,329.90058983314356,329900.5898331435,-6.481616907973751,1.1817388379246896,1.618033988749895,0.38196601125010515
-0.05899999999999994,0.8017399951685388,-0.058965776123875345,0.8039054562613315,-0.07354725531870189,8.017399951685388,-0.5896577612387535,8.039054562613314,3.2808539625359065e-07,328.08539625359066,328085.39625359065,-6.484013100511952,1.1752366223560722,1.618033988749895,0.38196601125010515
-0.05799999999999994,0.8016815285322034,-0.05796748680253493,0.8037745347520859,-0.07230737486077227,8.016815285322034,-0.5796748680253493,8.03774534752086,3.2631039541425906e-07,326.31039541425906,326310.39541425905,-6.486369090480785,1.168878381437958,1.618033988749895,0.38196601125010515
-0.05699999999999994,0.8016240602142563,-0.056969139513712554,0.8036458279437045,-0.07106715272304323,8.016240602142561,-0.5696913951371255,8.036458279437046,3.245750447475312e-07,324.57504474753125,324575.04474753124,-6.488684874359057,1.1626621716357022,1.618033988749895,0.38196601125010515
-0.05599999999999994,0.8015675902721656,-0.05597073525575541,0.8035193370291697,-0.06982659470644392,8.015675902721656,-0.5597073525575541,8.035193370291696,3.228788154931976e-07,322.87881549319764,322878.81549319765,-6.490960448684362,1.1565860988742565,1.618033988749895,0.38196601125010515
-0.05499999999999994,0.8015121187624016,-0.05497227502706767,0.8033950631816489,-0.06858570661657522,8.015121187624015,-0.5497227502706766,8.033950631816488,3.212211924324784e-07,321.2211924324784,321221.1924324784,-6.493195810053164,1.1506483175854072,1.618033988749895,0.38196601125010515
-0.05399999999999994,0.8014576457404357,-0.05397375982610949,0.803273007554448,-0.0673444942636304,8.014576457404356,-0.5397375982610949,8.03273007554448,3.1960167362961617e-07,319.6016736296162,319601.67362961615,-6.495390955120863,1.1448470297821343,1.618033988749895,0.38196601125010515
-0.052999999999999936,0.8014041712607407,-0.05297519065139598,0.8031531712809621,-0.0661029634623155,8.014041712607407,-0.5297519065139598,8.03153171280962,3.18019770180832e-07,318.019770180832,318019.770180832,-6.49754588060188,1.139180484159343,1.618033988749895,0.38196601125010515
-0.051999999999999935,0.8013516953767912,-0.05197656850149623,0.8030355554746305,-0.06486112003176973,8.013516953767912,-0.5197656850149622,8.030355554746304,3.1647500597053196e-07,316.475005970532,316475.00597053196,-6.499660583269697,1.1336469752205718,1.618033988749895,0.38196601125010515
-0.050999999999999934,0.8013002181410632,-0.05097789437503231,0.8029201612288904,-0.06361896979548558,8.013002181410632,-0.5097789437503231,8.029201612288904,3.1496691743451695e-07,314.966917434517,314966.91743451694,-6.501735059956938,1.1282448424297837,1.618033988749895,0.38196601125010515
-0.04999999999999993,0.8012497396050338,-0.04997916927067826,0.8028069896171318,-0.06237651858122897,8.012497396050337,-0.4997916927067826,8.028069896171317,3.1349505333007635e-07,313.49505333007636,313495.05333007633,-6.503769307555436,1.1229724693878185,1.618033988749895,0.38196601125010515
-0.04899999999999993,0.8012002598191815,-0.04898039418715911,0.8026960416926531,-0.06113377222095912,8.012002598191815,-0.4898039418715911,8.02696041692653,3.1205897451281734e-07,312.0589745128174,312058.97451281734,-6.505763323016287,1.1178282830329707,1.618033988749895,0.38196601125010515
-0.04799999999999993,0.8011517788329863,-0.047981570123249856,0.8025873184886181,-0.05989073655074843,8.011517788329861,-0.47981570123249856,8.02587318488618,3.106582537200421e-07,310.65825372004207,310658.25372004206,-6.507717103349913,1.112810752865024,1.618033988749895,0.38196601125010515
-0.04699999999999993,0.8011042966949289,-0.04698269807777447,0.8024808210180129,-0.058647417410702146,8.011042966949288,-0.4698269807777447,8.024808210180128,3.09292475360536e-07,309.292475360536,309292.475360536,-6.509630645626142,1.1079183901922511,1.618033988749895,0.38196601125010515
-0.04599999999999993,0.8010578134524916,-0.04598377904960493,0.8023765502736042,-0.05740382064487795,8.010578134524916,-0.4598377904960492,8.023765502736042,3.0796123531065526e-07,307.96123531065524,307961.23531065526,-6.511503946974243,1.103149747400977,1.618033988749895,0.38196601125010515
-0.04499999999999993,0.8010123291521576,-0.044984814037660165,0.8022745072278985,-0.056159952101205425,8.010123291521575,-0.44984814037660165,8.022745072278985,3.0666414071652095e-07,306.66414071652093,306664.14071652095,-6.513337004583002,1.0985034172470178,1.618033988749895,0.38196601125010515
-0.04399999999999993,0.8009678438394112,-0.043985804040905116,0.8021746928331013,-0.05491581763140541,8.009678438394111,-0.43985804040905113,8.021746928331012,3.0540080980222934e-07,305.40080980222933,305400.80980222934,-6.515129815700772,1.0939780321686694,1.618033988749895,0.38196601125010515
-0.04299999999999993,0.8009243575587378,-0.04298675005834969,0.8020771080210779,-0.05367142309090924,8.009243575587378,-0.4298675005834969,8.020771080210778,3.041708716839202e-07,304.1708716839202,304170.8716839202,-6.516882377635535,1.0895722636206802,1.618033988749895,0.38196601125010515
-0.041999999999999926,0.8008818703536235,-0.04198765308904778,0.8019817537033149,-0.05242677433877788,8.008818703536233,-0.41987653089047783,8.019817537033148,3.0297396618960145e-07,302.97396618960147,302973.96618960146,-6.518594687754949,1.085284821428845,1.618033988749895,0.38196601125010515
-0.040999999999999925,0.8008403822665555,-0.040988514132096296,0.8018886307708819,-0.05118187723762097,8.008403822665555,-0.40988514132096293,8.018886307708819,3.0180974368457155e-07,301.8097436845716,301809.7436845715,-6.520266743486424,1.0811144531646486,1.618033988749895,0.38196601125010515
-0.039999999999999925,0.8007998933390221,-0.039989334186634085,0.8017977400943954,-0.049936737653515674,8.00799893339022,-0.39989334186634085,8.017977400943954,3.006778649023867e-07,300.6778649023867,300677.86490238673,-6.521898542317135,1.0770599435397727,1.618033988749895,0.38196601125010515
-0.038999999999999924,0.800760403611512,-0.03899011425184102,0.8017090825239809,-0.04869136145592562,8.00760403611512,-0.3899011425184102,8.017090825239809,2.9957800078115897e-07,299.57800078115895,299578.000781159,-6.523490081794132,1.0731201138196982,1.618033988749895,0.38196601125010515
-0.03799999999999992,0.8007219131235151,-0.037990855326936954,0.8016226588892398,-0.04744575451761951,8.007219131235152,-0.3799085532693695,8.016226588892398,2.985098323052057e-07,298.5098323052057,298509.8323052057,-6.5250413595243275,1.069293821256477,1.618033988749895,0.38196601125010515
-0.03699999999999992,0.8006844219135218,-0.03699155841118073,0.8015384699992125,-0.04619992271458981,8.006844219135218,-0.36991558411180725,8.015384699992124,2.97473050351802e-07,297.473050351802,297473.05035180197,-6.526552373174601,1.0655799585397834,1.618033988749895,0.38196601125010515
-0.03599999999999992,0.8006479300190232,-0.03599222450386917,0.8014565166423464,-0.044953871925971264,8.006479300190232,-0.3599222450386917,8.014565166423463,2.96467355543063e-07,296.467355543063,296467.35554306296,-6.528023120471813,1.0619774532663395,1.618033988749895,0.38196601125010515
-0.03499999999999992,0.8006124374765115,-0.03499285460433611,0.8013767995864625,-0.0437076080339593,8.006124374765115,-0.3499285460433611,8.013767995864624,2.954924581027682e-07,295.4924581027682,295492.4581027682,-6.529453599202861,1.0584852674270466,1.618033988749895,0.38196601125010515
-0.03399999999999992,0.8005779443214789,-0.03399344971195137,0.8012993195787227,-0.04246113692372845,8.005779443214788,-0.3399344971195137,8.012993195787226,2.9454807771806086e-07,294.5480777180609,294548.0777180609,-6.53084380721474,1.055102396911576,1.618033988749895,0.38196601125010515
-0.03299999999999992,0.8005444505884187,-0.03299401082611974,0.8012240773455995,-0.04121446448335052,8.005444505884187,-0.32994010826119735,8.012240773455995,2.9363394340595973e-07,293.6339434059597,293633.94340595976,-6.532193742414568,1.051827871030201,1.618033988749895,0.38196601125010515
-0.03199999999999992,0.8005119563108246,-0.031994538946280036,0.8011510735928453,-0.039967596603712845,8.005119563108245,-0.3199453894628003,8.011510735928452,2.9274979338453963e-07,292.74979338453966,292749.7933845396,-6.533503402769642,1.048660752052352,1.618033988749895,0.38196601125010515
-0.030999999999999917,0.800480461521191,-0.03099503507190405,0.8010803090054627,-0.0387205391784363,8.00480461521191,-0.3099503507190405,8.010803090054626,2.918953749487438e-07,291.8953749487438,291895.3749487438,-6.534772786307472,1.0456001347617632,1.618033988749895,0.38196601125010515
-0.029999999999999916,0.8004499662510125,-0.029995500202495577,0.8010117842476757,-0.03747329810379343,8.004499662510124,-0.29995500202495573,8.010117842476756,2.910704443507118e-07,291.0704443507118,291070.4443507118,-6.536001891115834,1.0426451460277937,1.618033988749895,0.38196601125010515
-0.028999999999999915,0.8004204705307845,-0.0289959353375894,0.8009454999629027,-0.03622587927862623,8.004204705307844,-0.289959353375894,8.009454999629027,2.9027476668457705e-07,290.27476668457706,290274.76668457704,-6.537190715342797,1.039794944392761,1.618033988749895,0.38196601125010515
-0.027999999999999914,0.8003919743900026,-0.027996341476750303,0.8008814567737285,-0.034978288604264135,8.003919743900026,-0.279963414767503,8.008814567737284,2.895081157756157e-07,289.5081157756157,289508.1157756157,-6.538339257196777,1.03704871967486,1.618033988749895,0.38196601125010515
-0.026999999999999913,0.8003644778571631,-0.026996719619572063,0.8008196552818788,-0.03373053198444175,8.003644778571632,-0.2699671961957206,8.008196552818788,2.8877027407372665e-07,288.7702740737266,288770.2740737267,-6.539447514946557,1.0344056925865974,1.618033988749895,0.38196601125010515
-0.025999999999999912,0.8003379809597624,-0.025997070765676453,0.8007600960681948,-0.032482615325216554,8.003379809597623,-0.2599707076567645,8.007600960681946,2.880610325511139e-07,288.0610325511139,288061.0325511139,-6.540515486921344,1.0318651143682798,1.618033988749895,0.38196601125010515
-0.02499999999999991,0.8003124837242974,-0.024997395914712242,0.800702779692609,-0.031234544534886558,8.003124837242973,-0.24997395914712242,8.007027796926089,2.8738019060416936e-07,287.38019060416934,287380.19060416933,-6.54154317151078,1.0294262664365448,1.618033988749895,0.38196601125010515
-0.02399999999999991,0.8002879861762655,-0.0239976960663542,0.8006477066941212,-0.029986325523907894,8.002879861762654,-0.239976960663542,8.006477066941212,2.867275559594231e-07,286.7275559594231,286727.5559594231,-6.542530567164995,1.027088460047469,1.618033988749895,0.38196601125010515
-0.02300000000000002,0.800264488340164,-0.022997972220302202,0.8005948775907764,-0.028737964204812474,8.002644883401638,-0.229979722203022,8.005948775907763,2.8610294458355153e-07,286.1029445835515,286102.94458355155,-6.543477672394642,1.0248510359742038,1.618033988749895,0.38196601125010515
-0.02200000000000002,0.8002419902394908,-0.021998225376279792,0.8005442928796426,-0.02748946649212486,8.002419902394907,-0.2199822537627979,8.005442928796425,2.8550618059737706e-07,285.50618059737707,285506.18059737707,-6.544384485770911,1.0227133641989161,1.618033988749895,0.38196601125010515
-0.02100000000000002,0.8002204918967442,-0.020998456534033837,0.8004959530367901,-0.026240838302280512,8.002204918967442,-0.20998456534033835,8.0049595303679,2.8493709619376965e-07,284.93709619376966,284937.09619376966,-6.545251005925572,1.0206748436187005,1.618033988749895,0.38196601125010515
-0.020000000000000018,0.8001999933334223,-0.019998666693333098,0.8004498585172716,-0.024992085553542587,8.001999933334222,-0.19998666693333098,8.004498585172716,2.843955315594424e-07,284.3955315594424,284395.5315594424,-6.546077231551,1.018734901765445,1.618033988749895,0.38196601125010515
-0.019000000000000017,0.8001804945700237,-0.018998856853967332,0.8004060097551025,-0.023743214165919343,8.001804945700236,-0.1899885685396733,8.004060097551024,2.8388133480054973e-07,283.8813348005497,283881.3348005497,-6.546863161400209,1.0168929945393144,1.618033988749895,0.38196601125010515
-0.018000000000000016,0.8001619956260473,-0.017999028015746293,0.8003644071632434,-0.02249423006108137,8.001619956260472,-0.17999028015746293,8.003644071632433,2.8339436187208335e-07,283.3943618720834,283394.36187208333,-6.547608794286864,1.0151486059558392,1.618033988749895,0.38196601125010515
-0.017000000000000015,0.8001444965199919,-0.016999181178498742,0.800325051133582,-0.02124513916227881,8.001444965199918,-0.1699918117849874,8.00325051133582,2.829344765109704e-07,282.9344765109704,282934.4765109704,-6.548314129085321,1.013501247906267,1.618033988749895,0.38196601125010515
-0.016000000000000014,0.8001279972693567,-0.01599931734207143,0.8002879420369171,-0.019995947394258456,8.001279972693567,-0.15999317342071429,8.00287942036917,2.825015501728706e-07,282.50155017287057,282501.5501728706,-6.5489791647306435,1.0119504599311628,1.618033988749895,0.38196601125010515
-0.015000000000000013,0.8001124978906409,-0.014999437506328104,0.8002530802229424,-0.018746660683180857,8.001124978906407,-0.14999437506328103,8.002530802229423,2.8209546197261137e-07,282.09546197261136,282095.4619726114,-6.549603900218635,1.0104958090070406,1.618033988749895,0.38196601125010515
-0.014000000000000012,0.8000979983993438,-0.013999542671148524,0.8002204660202322,-0.0174972849565374,8.000979983993437,-0.13999542671148524,8.002204660202322,2.8171609862824253e-07,281.71609862824255,281716.0986282425,-6.550188334605839,1.009136889345962,1.618033988749895,0.38196601125010515
-0.013000000000000012,0.8000844988099651,-0.012999633836427441,0.8001900997362279,-0.01624782614306729,8.00084498809965,-0.1299963383642744,8.001900997362279,2.813633544086355e-07,281.3633544086355,281363.3544086355,-6.5507324670095795,1.0078733222078315,1.618033988749895,0.38196601125010515
-0.01200000000000001,0.8000719991360042,-0.011999712002073604,0.8001619816572236,-0.014998290172674539,8.000719991360041,-0.11999712002073604,8.001619816572235,2.810371310846311e-07,281.0371310846311,281037.1310846311,-6.551236296607979,1.0067047557254014,1.618033988749895,0.38196601125010515
-0.01100000000000001,0.8000604993899608,-0.010999778168008765,0.8001361120483558,-0.013748682976344915,8.000604993899607,-0.10999778168008764,8.001361120483557,2.807373378837037e-07,280.7373378837037,280737.3378837037,-6.551699822639961,1.0056308647418757,1.618033988749895,0.38196601125010515
-0.010000000000000009,0.8000499995833348,-0.009999833334166673,0.8001124911535908,-0.01249901048606284,8.000499995833348,-0.09999833334166673,8.001124911535907,2.804638914480776e-07,280.4638914480776,280463.89144807763,-6.552123044405273,1.0046513506608767,1.618033988749895,0.38196601125010515
-0.009000000000000008,0.8000404997266258,-0.008999878500492083,0.8000911191957156,-0.011249278634728297,8.000404997266259,-0.08999878500492083,8.000911191957156,2.802167157963054e-07,280.21671579630544,280216.7157963054,-6.552505961264507,1.0037659413088162,1.618033988749895,0.38196601125010515
-0.008000000000000007,0.8000319998293337,-0.00799991466693974,0.800071996376327,-0.009999493356073653,8.000319998293337,-0.07999914666939739,8.000719963763268,2.799957422882546e-07,279.99574228825463,279995.7422882546,-6.552848572639122,1.0029743908094728,1.618033988749895,0.38196601125010515
-0.007000000000000006,0.8000244998999585,-0.006999942833473397,0.8000551228758245,-0.008749660584580505,8.000244998999584,-0.06999942833473397,8.000551228758244,2.7980090959353056e-07,279.80090959353055,279800.9095935306,-6.553150878011421,1.0022764794708803,1.618033988749895,0.38196601125010515
-0.006000000000000005,0.8000179999460001,-0.005999964000064805,0.800040498853402,-0.007499786255396494,8.00017999946,-0.059999640000648044,8.000404988534019,2.796321636632308e-07,279.6321636632308,279632.1636632308,-6.553412876924603,1.001672013684148,1.618033988749895,0.38196601125010515
-0.0050000000000000044,0.8000124999739584,-0.0049999791666927125,0.8000281244470411,-0.006249876304252082,8.000124999739583,-0.04999979166692712,8.00028124447041,2.794894577050997e-07,279.4894577050997,279489.4577050997,-6.553634568982746,1.0011608258344624,1.618033988749895,0.38196601125010515
-0.0040000000000000036,0.8000079999893334,-0.00399998933334187,0.8000179997735051,-0.00499993666737733,8.000079999893334,-0.039999893333418704,8.00017999773505,2.793727521620113e-07,279.3727521620113,279372.7521620113,-6.553815953850832,1.0007427742240107,1.618033988749895,0.38196601125010515
-0.0030000000000000027,0.800004499996625,-0.0029999955000020277,0.8000101249283349,-0.003749973281418647,8.00004499996625,-0.029999955000020277,8.000101249283349,2.792820146937995e-07,279.2820146937995,279282.0146937995,-6.553957031254734,1.0004177430068946,1.618033988749895,0.38196601125010515
-0.0020000000000000018,0.8000019999993334,-0.001999998666666935,0.8000044999858439,-0.0024999920833555433,8.000019999993334,-0.01999998666666935,8.000044999858439,2.7921722016238597e-07,279.21722016238596,279217.22016238596,-6.554057800981246,1.0001856421358557,1.618033988749895,0.38196601125010515
-0.0010000000000000009,0.8000004999999584,-0.0009999998333333425,0.8000011249991152,-0.0012499990104173618,8.000004999999582,-0.009999998333333425,8.000011249991152,2.791783506202402e-07,279.17835062024017,279178.3506202402,-6.554118262878075,1.0000464073209399,1.618033988749895,0.38196601125010515
0.0,0.8,0.0,0.8,0.0,8.0,0.0,8.0,2.7916539530214507e-07,279.1653953021451,279165.39530214504,-6.554138416853837,1.0,1.618033988749895,0.38196601125010515
0.0010000000000000009,0.8000004999999584,0.0009999998333333425,0.8000011249991152,0.0012499990104173618,8.000004999999582,0.009999998333333425,8.000011249991152,2.791783506202402e-07,279.17835062024017,279178.3506202402,-6.554118262878075,1.0000464073209399,1.618033988749895,0.38196601125010515
0.0020000000000000018,0.8000019999993334,0.001999998666666935,0.8000044999858439,0.0024999920833555433,8.000019999993334,0.01999998666666935,8.000044999858439,2.7921722016238597e-07,279.21722016238596,279217.22016238596,-6.554057800981246,1.0001856421358557,1.618033988749895,0.38196601125010515
0.0030000000000000027,0.800004499996625,0.0029999955000020277,0.8000101249283349,0.003749973281418647,8.00004499996625,0.029999955000020277,8.000101249283349,2.792820146937995e-07,279.2820146937995,279282.0146937995,-6.553957031254734,1.0004177430068946,1.618033988749895,0.38196601125010515
0.0040000000000000036,0.8000079999893334,0.00399998933334187,0.8000179997735051,0.00499993666737733,8.000079999893334,0.039999893333418704,8.00017999773505,2.793727521620113e-07,279.3727521620113,279372.7521620113,-6.553815953850832,1.0007427742240107,1.618033988749895,0.38196601125010515
0.0050000000000000044,0.8000124999739584,0.0049999791666927125,0.8000281244470411,0.006249876304252082,8.000124999739583,0.04999979166692712,8.00028124447041,2.794894577050997e-07,279.4894577050997,279489.4577050997,-6.553634568982746,1.0011608258344624,1.618033988749895,0.38196601125010515
0.006000000000000005,0.8000179999460001,0.005999964000064805,0.800040498853402,0.007499786255396494,8.00017999946,0.059999640000648044,8.000404988534019,2.796321636632308e-07,279.6321636632308,279632.1636632308,-6.553412876924603,1.001672013684148,1.618033988749895,0.38196601125010515
0.007000000000000006,0.8000244998999585,0.006999942833473397,0.8000551228758245,0.008749660584580505,8.000244998999584,0.06999942833473397,8.000551228758244,2.7980090959353056e-07,279.80090959353055,279800.9095935306,-6.553150878011421,1.0022764794708803,1.618033988749895,0.38196601125010515
0.008000000000000007,0.8000319998293337,0.00799991466693974,0.800071996376327,0.009999493356073653,8.000319998293337,0.07999914666939739,8.000719963763268,2.799957422882546e-07,279.99574228825463,279995.7422882546,-6.552848572639122,1.0029743908094728,1.618033988749895,0.38196601125010515
0.009000000000000008,0.8000404997266258,0.008999878500492083,0.8000911191957156,0.011249278634728297,8.000404997266259,0.08999878500492083,8.000911191957156,2.802167157963054e-07,280.21671579630544,280216.7157963054,-6.552505961264507,1.0037659413088162,1.618033988749895,0.38196601125010515
0.010000000000000009,0.8000499995833348,0.009999833334166673,0.8001124911535908,0.01249901048606284,8.000499995833348,0.09999833334166673,8.001124911535907,2.804638914480776e-07,280.4638914480776,280463.89144807763,-6.552123044405273,1.0046513506608767,1.618033988749895,0.38196601125010515
0.01100000000000001,0.8000604993899608,0.010999778168008765,0.8001361120483558,0.013748682976344915,8.000604993899607,0.10999778168008764,8.001361120483557,2.807373378837037e-07,280.7373378837037,280737.3378837037,-6.551699822639961,1.0056308647418757,1.618033988749895,0.38196601125010515
0.01200000000000001,0.8000719991360042,0.011999712002073604,0.8001619816572236,0.014998290172674539,8.000719991360041,0.11999712002073604,8.001619816572235,2.810371310846311e-07,281.0371310846311,281037.1310846311,-6.551236296607979,1.0067047557254014,1.618033988749895,0.38196601125010515
0.013000000000000012,0.8000844988099651,0.012999633836427441,0.8001900997362279,0.01624782614306729,8.00084498809965,0.1299963383642744,8.001900997362279,2.813633544086355e-07,281.3633544086355,281363.3544086355,-6.5507324670095795,1.0078733222078315,1.618033988749895,0.38196601125010515
0.014000000000000012,0.8000979983993438,0.013999542671148524,0.8002204660202322,0.0174972849565374,8.000979983993437,0.13999542671148524,8.002204660202322,2.8171609862824253e-07,281.71609862824255,281716.0986282425,-6.550188334605839,1.009136889345962,1.618033988749895,0.38196601125010515
0.015000000000000013,0.8001124978906409,0.014999437506328104,0.8002530802229424,0.018746660683180857,8.001124978906407,0.14999437506328103,8.002530802229423,2.8209546197261137e-07,282.09546197261136,282095.4619726114,-6.549603900218635,1.0104958090070406,1.618033988749895,0.38196601125010515
0.016000000000000014,0.8001279972693567,0.01599931734207143,0.8002879420369171,0.019995947394258456,8.001279972693567,0.15999317342071429,8.00287942036917,2.825015501728706e-07,282.50155017287057,282501.5501728706,-6.5489791647306435,1.0119504599311628,1.618033988749895,0.38196601125010515
0.017000000000000015,0.8001444965199919,0.016999181178498742,0.800325051133582,0.02124513916227881,8.001444965199918,0.1699918117849874,8.00325051133582,2.829344765109704e-07,282.9344765109704,282934.4765109704,-6.548314129085321,1.013501247906267,1.618033988749895,0.38196601125010515
0.018000000000000016,0.8001619956260473,0.017999028015746293,0.8003644071632434,0.02249423006108137,8.001619956260472,0.17999028015746293,8.003644071632433,2.8339436187208335e-07,283.3943618720834,283394.36187208333,-6.547608794286864,1.0151486059558392,1.618033988749895,0.38196601125010515
0.019000000000000017,0.8001804945700237,0.018998856853967332,0.8004060097551025,0.023743214165919343,8.001804945700236,0.1899885685396733,8.004060097551024,2.8388133480054973e-07,283.8813348005497,283881.3348005497,-6.546863161400209,1.0168929945393144,1.618033988749895,0.38196601125010515
0.020000000000000018,0.8001999933334223,0.019998666693333098,0.8004498585172716,0.024992085553542587,8.001999933334222,0.19998666693333098,8.004498585172716,2.843955315594424e-07,284.3955315594424,284395.5315594424,-6.546077231551,1.018734901765445,1.618033988749895,0.38196601125010515
0.02100000000000002,0.8002204918967442,0.020998456534033837,0.8004959530367901,0.026240838302280512,8.002204918967442,0.20998456534033835,8.0049595303679,2.8493709619376965e-07,284.93709619376966,284937.09619376966,-6.545251005925572,1.0206748436187005,1.618033988749895,0.38196601125010515
0.02200000000000002,0.8002419902394908,0.021998225376279792,0.8005442928796426,0.02748946649212486,8.002419902394907,0.2199822537627979,8.005442928796425,2.8550618059737706e-07,285.50618059737707,285506.18059737707,-6.544384485770911,1.0227133641989161,1.618033988749895,0.38196601125010515
0.02300000000000002,0.800264488340164,0.022997972220302202,0.8005948775907764,0.028737964204812474,8.002644883401638,0.229979722203022,8.005948775907763,2.8610294458355153e-07,286.1029445835515,286102.94458355155,-6.543477672394642,1.0248510359742038,1.618033988749895,0.38196601125010515
0.02400000000000002,0.8002879861762655,0.02399769606635431,0.8006477066941212,0.029986325523908033,8.002879861762654,0.2399769606635431,8.006477066941212,2.867275559594231e-07,286.7275559594231,286727.5559594231,-6.542530567164995,1.027088460047469,1.618033988749895,0.38196601125010515
0.025000000000000022,0.8003124837242974,0.024997395914712353,0.800702779692609,0.031234544534886697,8.003124837242973,0.24997395914712353,8.007027796926089,2.8738019060416936e-07,287.38019060416934,287380.19060416933,-6.54154317151078,1.0294262664365448,1.618033988749895,0.38196601125010515
0.026000000000000023,0.8003379809597624,0.025997070765676564,0.8007600960681948,0.03248261532521669,8.003379809597623,0.2599707076567656,8.007600960681946,2.880610325511139e-07,288.0610325511139,288061.0325511139,-6.540515486921344,1.0318651143682798,1.618033988749895,0.38196601125010515
0.027000000000000024,0.8003644778571631,0.026996719619572174,0.8008196552818788,0.03373053198444189,8.003644778571632,0.26996719619572174,8.008196552818788,2.8877027407372665e-07,288.7702740737266,288770.2740737267,-6.539447514946557,1.0344056925865974,1.618033988749895,0.38196601125010515
0.028000000000000025,0.8003919743900026,0.027996341476750414,0.8008814567737285,0.034978288604264274,8.003919743900026,0.27996341476750414,8.008814567737284,2.895081157756157e-07,289.5081157756157,289508.1157756157,-6.538339257196777,1.03704871967486,1.618033988749895,0.38196601125010515
0.029000000000000026,0.8004204705307845,0.028995935337589512,0.8009454999629027,0.03622587927862637,8.004204705307844,0.2899593533758951,8.009454999629027,2.9027476668457705e-07,290.27476668457706,290274.76668457704,-6.537190715342797,1.039794944392761,1.618033988749895,0.38196601125010515
0.030000000000000027,0.8004499662510125,0.029995500202495688,0.8010117842476757,0.037473298103793566,8.004499662510124,0.29995500202495684,8.010117842476756,2.910704443507118e-07,291.0704443507118,291070.4443507118,-6.536001891115834,1.0426451460277937,1.618033988749895,0.38196601125010515
0.031000000000000028,0.800480461521191,0.03099503507190416,0.8010803090054627,0.03872053917843644,8.00480461521191,0.3099503507190416,8.010803090054626,2.918953749487438e-07,291.8953749487438,291895.3749487438,-6.534772786307472,1.0456001347617632,1.618033988749895,0.38196601125010515
0.03200000000000003,0.8005119563108246,0.03199453894628015,0.8011510735928453,0.03996759660371298,8.005119563108245,0.31994538946280143,8.011510735928452,2.9274979338453963e-07,292.74979338453966,292749.7933845396,-6.533503402769642,1.048660752052352,1.618033988749895,0.38196601125010515
0.03300000000000003,0.8005444505884187,0.03299401082611985,0.8012240773455995,0.04121446448335066,8.005444505884187,0.32994010826119846,8.012240773455995,2.9363394340595973e-07,293.6339434059597,293633.94340595976,-6.532193742414568,1.051827871030201,1.618033988749895,0.38196601125010515
0.03400000000000003,0.8005779443214789,0.03399344971195148,0.8012993195787227,0.04246113692372859,8.005779443214788,0.3399344971195148,8.012993195787226,2.9454807771806086e-07,294.5480777180609,294548.0777180609,-6.53084380721474,1.055102396911576,1.618033988749895,0.38196601125010515
0.03500000000000003,0.8006124374765115,0.034992854604336224,0.8013767995864625,0.04370760803395944,8.006124374765115,0.3499285460433622,8.013767995864624,2.954924581027682e-07,295.4924581027682,295492.4581027682,-6.529453599202861,1.0584852674270466,1.618033988749895,0.38196601125010515
0.03600000000000003,0.8006479300190232,0.03599222450386928,0.8014565166423464,0.0449538719259714,8.006479300190232,0.3599222450386928,8.014565166423463,2.96467355543063e-07,296.467355543063,296467.35554306296,-6.528023120471813,1.0619774532663395,1.618033988749895,0.38196601125010515
0.03700000000000003,0.8006844219135218,0.03699155841118084,0.8015384699992125,0.04619992271458995,8.006844219135218,0.36991558411180836,8.015384699992124,2.97473050351802e-07,297.473050351802,297473.05035180197,-6.526552373174601,1.0655799585397834,1.618033988749895,0.38196601125010515
0.038000000000000034,0.8007219131235151,0.037990855326937065,0.8016226588892398,0.04744575451761965,8.007219131235152,0.3799085532693706,8.016226588892398,2.985098323052057e-07,298.5098323052057,298509.8323052057,-6.5250413595243275,1.069293821256477,1.618033988749895,0.38196601125010515
0.039000000000000035,0.800760403611512,0.03899011425184113,0.8017090825239809,0.04869136145592576,8.00760403611512,0.3899011425184113,8.017090825239809,2.9957800078115897e-07,299.57800078115895,299578.000781159,-6.523490081794132,1.0731201138196982,1.618033988749895,0.38196601125010515
0.040000000000000036,0.8007998933390221,0.039989334186634196,0.8017977400943954,0.04993673765351581,8.00799893339022,0.39989334186634196,8.017977400943954,3.006778649023867e-07,300.6778649023867,300677.86490238673,-6.521898542317135,1.0770599435397727,1.618033988749895,0.38196601125010515
0.041000000000000036,0.8008403822665555,0.04098851413209641,0.8018886307708819,0.05118187723762111,8.008403822665555,0.40988514132096404,8.018886307708819,3.0180974368457155e-07,301.8097436845716,301809.7436845715,-6.520266743486424,1.0811144531646486,1.618033988749895,0.38196601125010515
0.04200000000000004,0.8008818703536235,0.041987653089047894,0.8019817537033149,0.05242677433877802,8.008818703536233,0.41987653089047894,8.019817537033148,3.0297396618960145e-07,302.97396618960147,302973.96618960146,-6.518594687754949,1.085284821428845,1.618033988749895,0.38196601125010515
0.04300000000000004,0.8009243575587378,0.0429867500583498,0.8020771080210779,0.05367142309090938,8.009243575587378,0.429867500583498,8.020771080210778,3.041708716839202e-07,304.1708716839202,304170.8716839202,-6.516882377635535,1.0895722636206802,1.618033988749895,0.38196601125010515
0.04400000000000004,0.8009678438394112,0.04398580404090523,0.8021746928331013,0.05491581763140555,8.009678438394111,0.43985804040905224,8.021746928331012,3.0540080980222934e-07,305.40080980222933,305400.80980222934,-6.515129815700772,1.0939780321686694,1.618033988749895,0.38196601125010515
0.04500000000000004,0.8010123291521576,0.044984814037660276,0.8022745072278985,0.056159952101205564,8.010123291521575,0.44984814037660276,8.022745072278985,3.0666414071652095e-07,306.66414071652093,306664.14071652095,-6.513337004583002,1.0985034172470178,1.618033988749895,0.38196601125010515
0.04600000000000004,0.8010578134524916,0.04598377904960504,0.8023765502736042,0.05740382064487809,8.010578134524916,0.45983779049605034,8.023765502736042,3.0796123531065526e-07,307.96123531065524,307961.23531065526,-6.511503946974243,1.103149747400977,1.618033988749895,0.38196601125010515
0.04700000000000004,0.8011042966949289,0.04698269807777458,0.8024808210180129,0.058647417410702285,8.011042966949288,0.4698269807777458,8.024808210180128,3.09292475360536e-07,309.292475360536,309292.475360536,-6.509630645626142,1.1079183901922511,1.618033988749895,0.38196601125010515
0.04800000000000004,0.8011517788329863,0.04798157012324997,0.8025873184886181,0.05989073655074857,8.011517788329861,0.47981570123249967,8.02587318488618,3.106582537200421e-07,310.65825372004207,310658.25372004206,-6.507717103349913,1.112810752865024,1.618033988749895,0.38196601125010515
0.049000000000000044,0.8012002598191815,0.04898039418715922,0.8026960416926531,0.06113377222095926,8.012002598191815,0.4898039418715922,8.02696041692653,3.1205897451281734e-07,312.0589745128174,312058.97451281734,-6.505763323016287,1.1178282830329707,1.618033988749895,0.38196601125010515
0.050000000000000044,0.8012497396050338,0.04997916927067837,0.8028069896171318,0.062376518581229105,8.012497396050337,0.4997916927067837,8.028069896171317,3.1349505333007635e-07,313.49505333007636,313495.05333007633,-6.503769307555436,1.1229724693878185,1.618033988749895,0.38196601125010515
0.051000000000000045,0.8013002181410632,0.05097789437503242,0.8029201612288904,0.06361896979548572,8.013002181410632,0.5097789437503242,8.029201612288904,3.1496691743451695e-07,314.966917434517,314966.91743451694,-6.501735059956938,1.1282448424297837,1.618033988749895,0.38196601125010515
0.052000000000000046,0.8013516953767912,0.05197656850149634,0.8030355554746305,0.06486112003176987,8.013516953767912,0.5197656850149633,8.030355554746304,3.1647500597053196e-07,316.475005970532,316475.00597053196,-6.499660583269697,1.1336469752205718,1.618033988749895,0.38196601125010515
0.05300000000000005,0.8014041712607407,0.05297519065139609,0.8031531712809621,0.06610296346231564,8.014041712607407,0.5297519065139609,8.03153171280962,3.18019770180832e-07,318.019770180832,318019.770180832,-6.49754588060188,1.139180484159343,1.618033988749895,0.38196601125010515
0.05400000000000005,0.8014576457404357,0.0539737598261096,0.803273007554448,0.06734449426363054,8.014576457404356,0.539737598261096,8.03273007554448,3.1960167362961617e-07,319.6016736296162,319601.67362961615,-6.495390955120863,1.1448470297821343,1.618033988749895,0.38196601125010515
0.05500000000000005,0.8015121187624017,0.05497227502706778,0.8033950631816491,0.06858570661657534,8.015121187624016,0.5497227502706777,8.03395063181649,3.212211924324807e-07,321.22119243248073,321221.19243248075,-6.493195810053161,1.1506483175854156,1.618033988749895,0.38196601125010515
0.05600000000000005,0.8015675902721657,0.05597073525575552,0.8035193370291697,0.06982659470644405,8.015675902721657,0.5597073525575552,8.035193370291696,3.228788154931976e-07,322.87881549319764,322878.81549319765,-6.490960448684362,1.1565860988742565,1.618033988749895,0.38196601125010515
0.05700000000000005,0.8016240602142563,0.056969139513712665,0.8036458279437045,0.07106715272304337,8.016240602142561,0.5696913951371266,8.036458279437046,3.245750447475312e-07,324.57504474753125,324575.04474753124,-6.488684874359057,1.1626621716357022,1.618033988749895,0.38196601125010515
0.05800000000000005,0.8016815285322034,0.057967486802535044,0.8037745347520859,0.0723073748607724,8.016815285322034,0.5796748680253504,8.03774534752086,3.2631039541425906e-07,326.31039541425906,326310.39541425905,-6.486369090480785,1.168878381437958,1.618033988749895,0.38196601125010515
0.05900000000000005,0.8017399951685388,0.058965776123875456,0.8039054562613315,0.07354725531870203,8.017399951685388,0.5896577612387546,8.039054562613314,3.2808539625359065e-07,328.08539625359066,328085.39625359065,-6.484013100511952,1.1752366223560722,1.618033988749895,0.38196601125010515
0.06000000000000005,0.8017994600647959,0.05996400647944465,0.8040385912586939,0.0747867883006541,8.017994600647958,0.5996400647944464,8.040385912586938,3.2990058983314354e-07,329.90058983314356,329900.5898331435,-6.481616907973751,1.1817388379246896,1.618033988749895,0.38196601125010515
0.061000000000000054,0.8018599231615097,0.060962176871012366,0.8041739385117095,0.07602596801528069,8.018599231615097,0.6096217687101236,8.041739385117094,3.3175653280165307e-07,331.75653280165307,331756.5328016531,-6.479180516446119,1.1883870221185107,1.618033988749895,0.38196601125010515
0.062000000000000055,0.8019213843982171,0.06196028630040829,0.8043114967682494,0.077264788676143,8.01921384398217,0.6196028630040828,8.043114967682493,3.3365379617064715e-07,333.6537961706471,333653.79617064714,-6.476703929567637,1.1951832203612789,1.618033988749895,0.38196601125010515
0.06300000000000006,0.8019838437134571,0.06295833376952308,0.8044512647565703,0.07850324450179026,8.01983843713457,0.6295833376952307,8.044512647565702,3.3559296560423573e-07,335.5929656042357,335592.9656042357,-6.474187151035476,1.2021295305638373,1.618033988749895,0.38196601125010515
0.06400000000000006,0.8020473010447701,0.06395631828030934,0.8045932411853658,0.07974132971583844,8.0204730104477,0.6395631828030934,8.045932411853657,3.375746417172599e-07,337.5746417172599,337574.6417172599,-6.471630184605315,1.2092281041921316,1.618033988749895,0.38196601125010515
0.06500000000000006,0.8021117563286989,0.06495423883478266,0.8047374247438204,0.08097903854704872,8.021117563286989,0.6495423883478265,8.047374247438203,3.395994403819894e-07,339.5994403819894,339599.4403819894,-6.46903303409126,1.2164811473658317,1.618033988749895,0.38196601125010515
0.06600000000000006,0.8021772095007883,0.06595209443502255,0.8048838141016613,0.08221636522940601,8.021772095007883,0.6595209443502255,8.048838141016613,3.4166799304357946e-07,341.6679930435795,341667.99304357945,-6.466395703365774,1.2238909219883318,1.618033988749895,0.38196601125010515
0.06700000000000006,0.8022436604955849,0.0669498840831735,0.8050324079092132,0.08345330400219717,8.022436604955848,0.6694988408317349,8.050324079092132,3.437809470445278e-07,343.7809470445278,343780.9470445278,-6.463718196359605,1.2314597469089903,1.618033988749895,0.38196601125010515
0.06800000000000006,0.802311109246638,0.06794760678144596,0.8051832047974526,0.08468984911008907,8.02311109246638,0.6794760678144596,8.051832047974527,3.459389659583619e-07,345.9389659583619,345938.9659583619,-6.461000517061698,1.239189999118432,1.618033988749895,0.38196601125010515
0.06900000000000006,0.8023795556864987,0.06894526153211729,0.8053362033780643,0.08592599480320658,8.023795556864986,0.6894526153211729,8.053362033780642,3.4814272993277957e-07,348.14272993277956,348142.72993277956,-6.458242669519116,1.247084114977715,1.618033988749895,0.38196601125010515
0.07000000000000006,0.8024489997467205,0.06994284733753282,0.8054914022434961,0.08716173533721035,8.024489997467205,0.6994284733753282,8.05491402243496,3.503929360425056e-07,350.3929360425056,350392.9360425056,-6.455444657836959,1.2551445914822998,1.618033988749895,0.38196601125010515
0.07100000000000006,0.8025194413578595,0.07094036320010685,0.8056487999670165,0.08839706497337443,8.025194413578594,0.7094036320010685,8.056487999670164,3.5269029865209074e-07,352.69029865209075,352690.2986520907,-6.452606486178299,1.2633739875616334,1.618033988749895,0.38196601125010515
0.07200000000000006,0.8025908804494739,0.0719378081223236,0.8058083951027726,0.08963197797866376,8.025908804494739,0.719378081223236,8.058083951027726,3.5503554978896856e-07,355.0355497889686,355035.5497889686,-6.44972815876407,1.27177492541548,1.618033988749895,0.38196601125010515
0.07300000000000006,0.8026633169501248,0.07293518110673823,0.8059701861858473,0.09086646862581141,8.026633169501247,0.7293518110673822,8.059701861858471,3.5742943952695997e-07,357.42943952696,357429.43952695996,-6.446809679873013,1.280350091887673,1.618033988749895,0.38196601125010515
0.07400000000000007,0.8027367507873756,0.07393248115597781,0.8061341717323192,0.09210053119339572,8.027367507873755,0.739324811559778,8.061341717323192,3.598727363805985e-07,359.8727363805985,359872.7363805985,-6.4438510538415645,1.2891022398786305,1.618033988749895,0.38196601125010515
0.07500000000000007,0.8028111818877927,0.07492970727274241,0.806300350239322,0.09333415996591735,8.028111818877926,0.7492970727274241,8.063003502393219,3.6236622771045884e-07,362.3662277104588,362366.22771045886,-6.440852285063797,1.2980341897972856,1.618033988749895,0.38196601125010515
0.07600000000000007,0.8028866101769445,0.07592685845980597,0.8064687201851044,0.094567349233876,8.028866101769445,0.7592685845980597,8.064687201851044,3.649107201398844e-07,364.9107201398844,364910.7201398844,-6.437813377991312,1.3071488310538482,1.618033988749895,0.38196601125010515
0.07700000000000007,0.8029630355794033,0.0769239337200174,0.8066392800290919,0.09580009329384698,8.029630355794032,0.769239337200174,8.066392800290918,3.675070399833434e-07,367.5070399833434,367507.0399833434,-6.434734337133162,1.316449123594222,1.618033988749895,0.38196601125010515
0.07800000000000007,0.8030404580187432,0.07792093205630153,0.8068120282119471,0.09703238644855777,8.030404580187431,0.7792093205630153,8.06812028211947,3.701560336867552e-07,370.15603368675517,370156.03368675517,-6.431615167055773,1.3259380994772991,1.618033988749895,0.38196601125010515
0.07900000000000007,0.8031188774175422,0.0789178524716601,0.8069869631556336,0.09826422300696419,8.03118877417542,0.7891785247166009,8.069869631556335,3.728585682801425e-07,372.8585682801425,372858.5682801425,-6.428455872382827,1.3356188644964102,1.618033988749895,0.38196601125010515
0.08000000000000007,0.8031982936973807,0.07991469396917276,0.8071640832634778,0.09949559728432647,8.031982936973806,0.7991469396917276,8.071640832634777,3.756155318428705e-07,375.6155318428705,375615.53184287046,-6.425256457795202,1.345494599845858,1.618033988749895,0.38196601125010515
0.08100000000000007,0.8032787067788424,0.08091145555199812,0.8073433869202326,0.10072650360228527,8.032787067788423,0.8091145555199811,8.073433869202326,3.784278339818797e-07,378.4278339818797,378427.8339818797,-6.422016928030875,1.355568563834,1.618033988749895,0.38196601125010515
0.08200000000000007,0.8033601165815142,0.08190813622337466,0.8075248724921426,0.10195693628893727,8.033601165815142,0.8190813622337465,8.075248724921424,3.8129640632326826e-07,381.2964063232683,381296.40632326825,-6.418737287884811,1.3658440936441467,1.618033988749895,0.38196601125010515
0.08300000000000007,0.8034425230239863,0.0829047349866218,0.8077085383270074,0.10318688967891078,8.034425230239863,0.829047349866218,8.077085383270074,3.8422220301752964e-07,384.22220301752964,384222.2030175296,-6.415417542208891,1.3763246071443773,1.618033988749895,0.38196601125010515
0.08400000000000007,0.8035259260238525,0.08390125084514088,0.8078943827542491,0.104416358113441,8.035259260238524,0.8390125084514088,8.07894382754249,3.872062012588902e-07,387.2062012588902,387206.2012588902,-6.412057695911809,1.3870136047478623,1.618033988749895,0.38196601125010515
0.08500000000000008,0.8036103254977096,0.0848976828024161,0.808082404084976,0.10564533594044526,8.036103254977096,0.8489768280241609,8.080824040849759,3.902494018190913e-07,390.2494018190913,390249.4018190913,-6.40865775395899,1.3979146713249264,1.618033988749895,0.38196601125010515
0.08600000000000008,0.8036957213611581,0.0858940298620156,0.8082726006120516,0.10687381751459799,8.036957213611581,0.8589402986201559,8.082726006120517,3.933528295960638e-07,393.3528295960638,393352.8295960638,-6.405217721372474,1.4090314781684596,1.618033988749895,0.38196601125010515
0.08700000000000008,0.8037821135288022,0.08689029102759238,0.8084649706101606,0.1081017971974053,8.037821135288022,0.8689029102759238,8.084649706101606,3.965175341778363e-07,396.5175341778363,396517.5341778363,-6.401737603230848,1.4203677850138954,1.618033988749895,0.38196601125010515
0.08800000000000008,0.8038695019142499,0.08788646530288538,0.8086595123358777,0.10932926935727981,8.038695019142498,0.8788646530288537,8.086595123358777,3.997445904222024e-07,399.7445904222024,399744.59042220237,-6.398217404669116,1.431927442115641,1.618033988749895,0.38196601125010515
0.08900000000000008,0.8039578864301126,0.0888825516917204,0.8088562240277348,0.11055622836961483,8.039578864301125,0.8888255169172039,8.088562240277348,4.030350990524749e-07,403.0350990524749,403035.0990524749,-6.394657130878632,1.443714392381132,1.618033988749895,0.38196601125010515
0.09000000000000008,0.8040472669880058,0.08987854919801112,0.8090551039062919,0.11178266861685865,8.040472669880057,0.8987854919801112,8.090551039062918,4.0639018726988605e-07,406.39018726988604,406390.187269886,-6.391056787106989,1.455732673564514,1.618033988749895,0.38196601125010515
0.09100000000000008,0.8041376434985491,0.09087445682576016,0.8092561501742057,0.1130085844885884,8.04137643498549,0.9087445682576015,8.092561501742056,4.098110093830355e-07,409.81100938303547,409811.0093830355,-6.387416378657916,1.4679864205213924,1.618033988749895,0.38196601125010515
0.09200000000000008,0.8042290158713659,0.09187027357905993,0.8094593610163001,0.11423397038158384,8.042290158713659,0.9187027357905992,8.094593610163,4.132987474548842e-07,413.2987474548842,413298.74745488423,-6.383735910891184,1.4804798675264337,1.618033988749895,0.38196601125010515
0.09300000000000008,0.8043213840150838,0.09286599846209379,0.8096647345996375,0.115458820699901,8.043213840150838,0.9286599846209378,8.096647345996374,4.1685461196780627e-07,416.85461196780625,416854.61196780624,-6.3800153892225095,1.4932173506556499,1.618033988749895,0.38196601125010515
0.09400000000000008,0.8044147478373347,0.09386163047913691,0.8098722690735897,0.11668312985494543,8.044147478373347,0.938616304791369,8.098722690735896,4.204798425072025e-07,420.47984250720253,420479.8425072025,-6.3762548191234405,1.5062033102351766,1.618033988749895,0.38196601125010515
0.09500000000000008,0.8045091072447548,0.09485716863455738,0.81008196256991,0.11790689226554536,8.045091072447548,0.9485716863455738,8.1008196256991,4.241757084641941e-07,424.1757084641941,424175.7084641941,-6.372454206121271,1.5194422933583946,1.618033988749895,0.38196601125010515
0.09600000000000009,0.8046044621429848,0.09585261193281712,0.8102938132028068,0.11913010235802463,8.046044621429846,0.9585261193281711,8.102938132028067,4.279435097579773e-07,427.9435097579773,427943.5097579773,-6.368613555798916,1.5329389564734819,1.618033988749895,0.38196601125010515
0.09700000000000009,0.8047008124366696,0.09684795937847292,0.8105078190690145,0.12035275456627541,8.047008124366695,0.9684795937847291,8.105078190690143,4.3178457757833324e-07,431.78457757833326,431784.57757833326,-6.364732873794847,1.5466980680431615,1.618033988749895,0.38196601125010515
0.09800000000000009,0.8047981580294591,0.0978432099761774,0.8107239782478698,0.12157484333183069,8.047981580294591,0.978432099761774,8.107239782478697,4.357002751489991e-07,435.7002751489991,435700.27514899906,-6.360812165802932,1.5607245112791788,1.618033988749895,0.38196601125010515
0.09900000000000009,0.8048964988240075,0.09883836273068007,0.8109422888013837,0.12279636310393656,8.048964988240074,0.9883836273068006,8.109422888013837,4.396919985123243e-07,439.6919985123243,439691.9985123243,-6.356851437572387,1.5750232869530223,1.618033988749895,0.38196601125010515
0.10000000000000009,0.8049958347219743,0.09983341664682824,0.811162748774318,0.12401730833962418,8.049958347219743,0.9983341664682823,8.11162748774318,4.437611773360095e-07,443.7611773360095,443761.17733600945,-6.352850694907628,1.5895995162857481,1.618033988749895,0.38196601125010515
0.10100000000000009,0.8050961656240234,0.10082837072956809,0.8113853561942588,0.12523767350378182,8.050961656240233,1.0082837072956807,8.113853561942587,4.4790927574242936e-07,447.9092757424294,447909.27574242937,-6.3488099436681935,1.6044584439187033,1.618033988749895,0.38196601125010515
0.10200000000000009,0.805197491429824,0.1018232239839456,0.8116101090716935,0.12645745306922615,8.05197491429824,1.0182322398394559,8.116101090716935,4.521377931612843e-07,452.1377931612843,452137.7931612843,-6.3447291897686195,1.6196054409678122,1.618033988749895,0.38196601125010515
0.10300000000000009,0.8052998120380502,0.10281797541510762,0.8118370054000869,0.127676641516774,8.052998120380503,1.0281797541510762,8.118370054000868,4.5644826520620143e-07,456.4482652062014,456448.2652062014,-6.340608439178343,1.6350460081636562,1.618033988749895,0.38196601125010515
0.10399999999999998,0.8054031273463815,0.10381262402830269,0.8120660431559574,0.12889523333531303,8.054031273463815,1.0381262402830267,8.120660431559573,4.608422645760345e-07,460.8422645760345,460842.2645760345,-6.336447697921584,1.6507857790800242,1.618033988749895,0.38196601125010515
0.10499999999999998,0.8055074372515026,0.10480716882888247,0.8122972202989552,0.13011322302187342,8.055074372515026,1.0480716882888246,8.122972202989551,4.653214019815408e-07,465.3214019815408,465321.40198154084,-6.332246972077241,1.6668305234533678,1.618033988749895,0.38196601125010515
0.10599999999999998,0.8056127416491036,0.10580160882230218,0.8125305347719387,0.1313306050816977,8.056127416491035,1.0580160882230216,8.125305347719387,4.698873270981934e-07,469.8873270981934,469887.3270981934,-6.328006267778798,1.6831861505958752,1.618033988749895,0.38196601125010515
0.10699999999999998,0.80571904043388,0.10679594301412186,0.8127659845010542,0.13254737402831165,8.0571904043388,1.0679594301412185,8.127659845010541,4.7454172954594634e-07,474.54172954594634,474541.72954594635,-6.323725591214179,1.6998587129050948,1.618033988749895,0.38196601125010515
0.10799999999999998,0.8058263334995331,0.10779017041000745,0.8130035673958136,0.13376352438359462,8.058263334995331,1.0779017041000745,8.130035673958135,4.792863398966471e-07,479.28633989664706,479286.3398966471,-6.319404948625672,1.7168544094725924,1.618033988749895,0.38196601125010515
0.10899999999999999,0.80593462073877,0.10878429001573159,0.813243281349174,0.13497905067784918,8.0593462073877,1.0878429001573158,8.13243281349174,4.841229307100138e-07,484.12293071001386,484122.93071001384,-6.315044346309797,1.7341795897949315,1.618033988749895,0.38196601125010515
0.10999999999999999,0.8060439020433032,0.1097783008371748,0.8134851242376172,0.13619394744987123,8.060439020433032,1.097783008371748,8.134851242376172,4.890533175989598e-07,489.05331759895984,489053.31759895984,-6.310643790617201,1.7518407575897785,1.618033988749895,0.38196601125010515
0.11099999999999999,0.8061541773038515,0.11077220188032631,0.8137290939212296,0.13740820924701927,8.061541773038515,1.107722018803263,8.137290939212296,4.940793603251456e-07,494.0793603251456,494079.3603251456,-6.306203287952558,1.7698445747202864,1.618033988749895,0.38196601125010515
0.11199999999999999,0.8062654464101398,0.11176599215128517,0.8139751882437837,0.13862183062528374,8.062654464101398,1.1176599215128518,8.139751882437837,4.992029639257251e-07,499.20296392572516,499202.96392572514,-6.301722844774419,1.7881978652312187,1.618033988749895,0.38196601125010515
0.11299999999999999,0.8063777092508988,0.11275967065626119,0.8142234050328174,0.139834806149356,8.063777092508987,1.1275967065626118,8.142234050328174,5.044260798720598e-07,504.42607987205986,504426.07987205987,-6.297202467595146,1.806907619499586,1.618033988749895,0.38196601125010515
0.11399999999999999,0.8064909657138657,0.11375323640157596,0.8144737420997171,0.14104713039269728,8.064909657138656,1.1375323640157595,8.14473742099717,5.097507072615531e-07,509.7507072615531,509750.7072615531,-6.292642162980766,1.8259809985039224,1.618033988749895,0.38196601125010515
0.11499999999999999,0.8066052156857842,0.11474668839366381,0.8147261972397986,0.1422587979376069,8.066052156857841,1.147466883936638,8.147261972397985,5.15178894043436e-07,515.178894043436,515178.894043436,-6.288041937550864,1.8454253382151817,1.618033988749895,0.38196601125010515
0.11599999999999999,0.8067204590524042,0.11574002563907282,0.8149807682323891,0.14346980337529086,8.06720459052404,1.1574002563907282,8.14980768232389,5.207127382796094e-07,520.7127382796094,520712.73827960936,-6.283401797978474,1.8652481541132053,1.618033988749895,0.38196601125010515
0.11699999999999999,0.8068366956984824,0.11673324714446584,0.8152374528409109,0.1446801413059297,8.068366956984823,1.1673324714446582,8.152374528409108,5.26354389441554e-07,526.3543894415541,526354.389441554,-6.278721750989962,1.8854571458323925,1.618033988749895,0.38196601125010515
0.118,0.806953925507782,0.11772635191662144,0.8154962488129637,0.14588980633874632,8.069539255077819,1.1772635191662144,8.154962488129636,5.321060497444389e-07,532.1060497444389,532106.049744439,-6.274001803364902,1.9060602019406174,1.618033988749895,0.38196601125010515
0.119,0.8070721483630735,0.11871933896243493,0.8157571538804085,0.1470987930920734,8.070721483630734,1.1871933896243492,8.157571538804085,5.379699755195099e-07,537.9699755195098,537969.9755195099,-6.2692419619359585,1.9270654048552707,1.618033988749895,0.38196601125010515
0.12,0.8071913641461338,0.11971220728891936,0.8160201657594508,0.14830709619342097,8.071913641461338,1.1971220728891936,8.160201657594508,5.439484786258927e-07,543.9484786258928,543948.4786258928,-6.2644422335887935,1.9484810359004876,1.618033988749895,0.38196601125010515
0.121,0.8073115727377472,0.12070495590320647,0.8162852821507257,0.149514710279543,8.073115727377472,1.2070495590320647,8.162852821507256,5.500439279031163e-07,550.0439279031162,550043.9279031163,-6.25960262526192,1.970315580510239,1.618033988749895,0.38196601125010515
0.122,0.8074327740177052,0.12169758381254774,0.8165525007393822,0.15072162999650443,8.07432774017705,1.2169758381254774,8.165525007393821,5.56258750665469e-07,556.258750665469,556258.7506654691,-6.254723143946592,1.9925777335812753,1.618033988749895,0.38196601125010515
0.123,0.8075549678648065,0.12269009002431533,0.8168218191951677,0.15192784999974762,8.075549678648064,1.2269009002431532,8.168218191951677,5.625954342395029e-07,562.5954342395029,562595.4342395029,-6.249803796686701,2.015276404980628,1.618033988749895,0.38196601125010515
0.124,0.8076781541568572,0.12368247354600313,0.8170932351725143,0.15313336495415855,8.076781541568572,1.2368247354600312,8.170932351725142,5.690565275460397e-07,569.0565275460398,569056.5275460398,-6.244844590578644,2.0384207252125246,1.618033988749895,0.38196601125010515
0.125,0.807802332770671,0.12467473338522769,0.8173667463106238,0.15433816953413268,8.07802332770671,1.2467473338522768,8.173667463106238,5.75644642728012e-07,575.644642728012,575644.6427280119,-6.239845532771195,2.062020051249485,1.618033988749895,0.38196601125010515
0.126,0.8079275035820693,0.12566686854972925,0.8176423502335538,0.15554225842364086,8.079275035820693,1.2566686854972924,8.176423502335538,5.823624568254713e-07,582.3624568254713,582362.4568254713,-6.234806630465418,2.086083972532381,1.618033988749895,0.38196601125010515
0.127,0.8080536664658815,0.12665887804737275,0.8179200445503052,0.15674562631629452,8.080536664658814,1.2665887804737275,8.179200445503051,5.892127134993842e-07,589.2127134993842,589212.7134993842,-6.229727890914505,2.110622317145254,1.618033988749895,0.38196601125010515
0.128,0.8081808212959445,0.12765076088614874,0.8181998268549072,0.157948267915411,8.081808212959444,1.2765076088614873,8.181998268549071,5.961982248054998e-07,596.1982248054998,596198.2248054998,-6.2246093214236895,2.135645158169497,1.618033988749895,0.38196601125010515
0.129,0.8083089679451035,0.12864251607417448,0.8184816947265056,0.15915017793407837,8.083089679451035,1.2864251607417447,8.184816947265055,6.033218730200046e-07,603.3218730200047,603321.8730200046,-6.219450929350109,2.161162820223545,1.618033988749895,0.38196601125010515
0.13,0.808438106285212,0.12963414261969486,0.8187656457294499,0.16035135109522006,8.084381062852119,1.2963414261969486,8.187656457294498,6.105866125184665e-07,610.5866125184665,610586.6125184665,-6.214252722102694,2.1871858861934483,1.618033988749895,0.38196601125010515
0.131,0.8085682361871316,0.13062563953108344,0.8190516774133813,0.16155178213165922,8.085682361871315,1.3062563953108344,8.190516774133812,6.179954717097726e-07,617.9954717097726,617995.4717097726,-6.209014707142031,2.2137252041604456,1.618033988749895,0.38196601125010515
0.132,0.8086993575207323,0.13161700581684335,0.8193397873133198,0.16275146578618266,8.086993575207323,1.3161700581684335,8.193397873133197,6.255515550266737e-07,625.5515550266737,625551.5550266737,-6.203736891980263,2.240791894531303,1.618033988749895,0.38196601125010515
0.133,0.8088314701548929,0.13260824048560843,0.8196299729497539,0.16395039681160486,8.088314701548928,1.3260824048560842,8.19629972949754,6.332580449748418e-07,633.2580449748418,633258.0449748419,-6.19841928418094,2.268397357378255,1.618033988749895,0.38196601125010515
0.134,0.8089645739575008,0.13359934254614408,0.8199222318287281,0.16514856997083135,8.089645739575007,1.3359934254614407,8.199222318287282,6.411182042420602e-07,641.1182042420602,641118.2042420602,-6.19306189135893,2.2965532799943484,1.618033988749895,0.38196601125010515
0.135,0.8090986687954521,0.1345903110073483,0.8202165614419326,0.16634598003692183,8.090986687954521,1.345903110073483,8.202165614419325,6.49135377869637e-07,649.1353778696371,649135.377869637,-6.187664721180266,2.3252716446716746,1.618033988749895,0.38196601125010515
0.136,0.8092337545346521,0.13558114487825276,0.8205129592667915,0.1675426217931534,8.09233754534652,1.3558114487825275,8.205129592667914,6.573129954877963e-07,657.3129954877962,657312.9954877963,-6.1822277813620365,2.3545647367087748,1.618033988749895,0.38196601125010515
0.137,0.8093698310400149,0.13657184316802362,0.8208114227665534,0.168738490033083,8.093698310400148,1.3657184316802362,8.208114227665533,6.656545736171467e-07,665.6545736171468,665654.5736171467,-6.176751079672268,2.384445152654749,1.618033988749895,0.38196601125010515
0.138,0.8095068981754642,0.1375624048859627,0.8211119493903806,0.16993357956060978,8.095068981754642,1.3756240488596267,8.211119493903805,6.741637180382946e-07,674.1637180382946,674163.7180382946,-6.171234623929788,2.414925808797457,1.618033988749895,0.38196601125010515
0.139,0.8096449558039327,0.13855282904150834,0.821414536573439,0.17112788519003744,8.096449558039327,1.3855282904150834,8.214145365734389,6.828441262316859e-07,682.8441262316859,682844.1262316859,-6.165678422004109,2.446019949903293,1.618033988749895,0.38196601125010515
0.14,0.8097840037873629,0.1395431146442365,0.8217191817369888,0.17232140174613578,8.09784003787363,1.3954311464423648,8.217191817369887,6.91699589889942e-07,691.699589889942,691699.589889942,-6.1600824818153015,2.477741158216636,1.618033988749895,0.38196601125010515
0.14100000000000001,0.8099240419867068,0.14053326070386163,0.8220258822884741,0.1735141240642023,8.099240419867067,1.4053326070386163,8.22025882288474,7.007339975049044e-07,700.7339975049043,700733.9975049044,-6.154446811333886,2.5101033627269205,1.618033988749895,0.38196601125010515
0.14200000000000002,0.8100650702619262,0.14152326623023778,0.8223346356216149,0.17470604699012351,8.100650702619262,1.4152326623023777,8.22334635621615,7.099513370318817e-07,709.9513370318817,709951.3370318818,-6.148771418580668,2.5431208487122494,1.618033988749895,0.38196601125010515
0.14300000000000002,0.8102070884719929,0.1425131302333595,0.822645439116497,0.1758971653804358,8.102070884719929,1.4251313023335948,8.22645439116497,7.193556986332924e-07,719.3556986332924,719355.6986332925,-6.143056311626669,2.576808267567413,1.618033988749895,0.38196601125010515
0.14400000000000002,0.8103500964748885,0.14350285172336286,0.8229582901396635,0.17708747410238604,8.103500964748886,1.4350285172336286,8.229582901396634,7.289512775045352e-07,728.9512775045351,728951.2775045352,-6.137301498592951,2.6111806469264565,1.618033988749895,0.38196601125010515
0.14500000000000002,0.8104940941276053,0.14449242971052642,0.8232731860442067,0.17827696803399204,8.104940941276052,1.444924297105264,8.232731860442067,7.387423767844052e-07,738.7423767844052,738742.3767844052,-6.131506987650518,2.6462534010881,1.618033988749895,0.38196601125010515
0.14600000000000002,0.8106390812861455,0.14548186320527234,0.8235901241698589,0.1794656420641026,8.106390812861454,1.4548186320527234,8.235901241698588,7.487334105528966e-07,748.7334105528967,748733.4105528966,-6.1256727870201955,2.68204234175418,1.618033988749895,0.38196601125010515
0.14700000000000002,0.8107850578055219,0.14647115121816717,0.8239091018430847,0.1806534910924571,8.107850578055219,1.4647115121816716,8.239091018430846,7.589289069191913e-07,758.9289069191914,758928.9069191914,-6.119798904972482,2.7185636890911593,1.618033988749895,0.38196601125010515
0.14800000000000002,0.810932023539758,0.147460292759923,0.8242301163771735,0.18184051002974527,8.109320235397579,1.47460292759923,8.242301163771733,7.693335112025936e-07,769.3335112025935,769333.5112025936,-6.113885349827438,2.7558340831245642,1.618033988749895,0.38196601125010515
0.14900000000000002,0.8110799783418883,0.14844928684139835,0.8245531650723303,0.183026693797666,8.110799783418882,1.4844928684139835,8.245531650723303,7.799519892094625e-07,779.9519892094626,779951.9892094625,-6.107932129954566,2.7938705954773093,1.618033988749895,0.38196601125010515
0.15000000000000002,0.8112289220639578,0.14943813247359924,0.82487824521577,0.18421203732898647,8.112289220639578,1.4943813247359923,8.2487824521577,7.907892306092335e-07,790.7892306092335,790789.2306092335,-6.101939253772668,2.8326907414629594,1.618033988749895,0.38196601125010515
0.15100000000000002,0.8113788545570227,0.15042682866768012,0.8252053540818078,0.18539653556760063,8.113788545570227,1.5042682866768011,8.252053540818078,8.01850252412598e-07,801.8502524125979,801850.252412598,-6.095906729749744,2.872312492544941,1.618033988749895,0.38196601125010515
0.15200000000000002,0.8115297756711508,0.15141537443494482,0.8255344889319542,0.18658018346858732,8.115297756711508,1.5141537443494482,8.255344889319542,8.131402025552919e-07,813.1402025552918,813140.2025552918,-6.089834566402835,2.9127542891740488,1.618033988749895,0.38196601125010515
0.15300000000000002,0.8116816852554208,0.15240376878684775,0.8258656470150063,0.18776297599826855,8.116816852554209,1.5240376878684774,8.258656470150063,8.246643635907162e-07,824.6643635907162,824664.3635907163,-6.083722772297911,2.954035054015807,1.618033988749895,0.38196601125010515
0.15400000000000003,0.8118345831579233,0.15339201073499456,0.8261988255671414,0.18894490813426673,8.118345831579234,1.5339201073499455,8.261988255671413,8.364281564949649e-07,836.4281564949649,836428.1564949648,-6.077571356049759,2.9961742055804788,1.618033988749895,0.38196601125010515
0.15500000000000003,0.8119884692257602,0.15438009929114344,0.8265340218120102,0.19012597486556249,8.119884692257601,1.5438009929114342,8.265340218120102,8.484371445879686e-07,848.4371445879686,848437.1445879686,-6.071380326321837,3.039191672269021,1.618033988749895,0.38196601125010515
0.15600000000000003,0.8121433433050456,0.1553680334672059,0.8268712329608304,0.19130617119255117,8.121433433050456,1.553680334672059,8.268712329608304,8.60697037574384e-07,860.697037574384,860697.037574384,-6.065149691826151,3.083107906847975,1.618033988749895,0.38196601125010515
0.15700000000000003,0.8122992052409053,0.1563558122752478,0.8272104562124798,0.19248549212709995,8.122992052409051,1.563558122752478,8.272104562124797,8.73213695708173e-07,873.213695708173,873213.695708173,-6.058879461323136,3.127943901367432,1.618033988749895,0.38196601125010515
0.15800000000000003,0.8124560548774774,0.15734343472749052,0.82755168875359,0.19366393269260418,8.124560548774774,1.573434347274905,8.275516887535899,8.859931340848943e-07,885.9931340848943,885993.1340848943,-6.052569643621524,3.173721202536475,1.618033988749895,0.38196601125010515
0.15900000000000003,0.8126138920579125,0.15833089983631157,0.8278949277586406,0.1948414879240433,8.126138920579123,1.5833089983631157,8.278949277586406,8.990415270658462e-07,899.0415270658461,899041.5270658461,-6.046220247578207,3.220461927570928,1.618033988749895,0.38196601125010515
0.16000000000000003,0.8127727166243731,0.159318206614246,0.8282401703900524,0.1960181528680369,8.12772716624373,1.59318206614246,8.282401703900524,9.123652128382802e-07,912.3652128382802,912365.2128382802,-6.0398312820981435,3.2681887805285217,1.618033988749895,0.38196601125010515
0.16100000000000003,0.8129325284180349,0.16030535407398708,0.828587413798282,0.19719392258289994,8.129325284180348,1.6030535407398707,8.28587413798282,9.259706981163433e-07,925.9706981163433,925970.6981163432,-6.033402756134186,3.3169250691481684,1.618033988749895,0.38196601125010515
0.16200000000000003,0.813093327279086,0.16129234122838745,0.8289366551219155,0.19836879213869812,8.130933272790859,1.6129234122838745,8.289366551219155,9.398646629870594e-07,939.8646629870593,939864.6629870593,-6.026934678686988,3.3666947222087793,1.618033988749895,0.38196601125010515
0.16300000000000003,0.8132551130467275,0.16227916709046003,0.8292878914877625,0.19954275661730256,8.132551130467274,1.6227916709046002,8.292878914877624,9.540539659062917e-07,954.0539659062916,954053.9659062916,-6.0204270588048745,3.417522307425332,1.618033988749895,0.38196601125010515
0.16400000000000003,0.8134178855591738,0.16326583067337905,0.8296411200109514,0.2007158111124444,8.134178855591738,1.6326583067337903,8.296411200109514,9.685456488496457e-07,968.5456488496458,968545.6488496457,-6.013879905583685,3.4694330498999477,1.618033988749895,0.38196601125010515
0.16500000000000004,0.8135816446536523,0.164252330990481,0.829996337795022,0.201887950729769,8.135816446536523,1.64252330990481,8.29996337795022,9.833469426231276e-07,983.3469426231276,983346.9426231276,-6.007293228166692,3.5224528511452355,1.618033988749895,0.38196601125010515
0.16600000000000004,0.813746390166404,0.16523866705526566,0.8303535419320222,0.20305917058688985,8.13746390166404,1.6523866705526564,8.303535419320221,9.984652723392126e-07,998.4652723392127,998465.2723392126,-6.000667035744436,3.5766083087001457,1.618033988749895,0.38196601125010515
0.16700000000000004,0.8139121219326834,0.166224837881397,0.8307127295026,0.204229465813442,8.139121219326833,1.66224837881397,8.307127295026,1.0139082630634057e-06,1013.9082630634057,1013908.2630634056,-5.9940013375546215,3.631926736356549,1.618033988749895,0.38196601125010515
0.16800000000000004,0.8140788397867585,0.16721084248270435,0.8310738975761004,0.20539883155113564,8.140788397867585,1.6721084248270435,8.310738975761003,1.0296837456371952e-06,1029.6837456371952,1029683.7456371952,-5.987296142881977,3.6884361850176752,1.618033988749895,0.38196601125010515
0.16900000000000004,0.8142465435619118,0.16819667987318312,0.8314370432106585,0.2065672629538085,8.142465435619117,1.6819667987318312,8.314370432106584,1.0457997626830681e-06,1045.7997626830681,1045799.7626830682,-5.980551461058138,3.746165464208709,1.618033988749895,0.38196601125010515
0.17000000000000004,0.8144152330904394,0.16918234906699606,0.8318021634532947,0.20773475518747897,8.144152330904394,1.6918234906699605,8.318021634532947,1.0622645747977308e-06,1062.2645747977308,1062264.5747977307,-5.973767301461507,3.805144164261567,1.618033988749895,0.38196601125010515
0.17100000000000004,0.8145849082036517,0.17016784907847401,0.8321692553400095,0.2089013034303981,8.145849082036516,1.70167849078474,8.321692553400094,1.0790866669396648e-06,1079.0866669396648,1079086.6669396649,-5.966943673517154,3.865402679195795,1.618033988749895,0.38196601125010515
0.17200000000000004,0.8147555687318737,0.17115317892211707,0.8325383158958782,0.21006690287310148,8.147555687318736,1.7115317892211706,8.325383158958783,1.0962747550176875e-06,1096.2747550176875,1096274.7550176876,-5.960080586696647,3.926972230319493,1.618033988749895,0.38196601125010515
0.17300000000000004,0.8149272145044448,0.17213833761259548,0.8329093421351458,0.21123154871846114,8.149272145044447,1.7213833761259547,8.329093421351457,1.1138377926869004e-06,1113.8377926869005,1113837.7926869004,-5.953178050517975,3.9898848905731183,1.618033988749895,0.38196601125010515
0.17400000000000004,0.8150998453497195,0.1731233241647506,0.8332823310613215,0.21239523618173656,8.150998453497195,1.7312332416475058,8.332823310613215,1.1317849783593034e-06,1131.7849783593033,1131784.9783593034,-5.946236074545379,4.054173609642251,1.618033988749895,0.38196601125010515
0.17500000000000004,0.8152734610950666,0.174108137593596,0.8336572796672741,0.21355796049062584,8.152734610950665,1.74108137593596,8.33657279667274,1.1501257624359557e-06,1150.1257624359557,1150125.7624359557,-5.939254668389247,4.119872239863958,1.618033988749895,0.38196601125010515
0.17600000000000005,0.8154480615668706,0.1750927769143183,0.8340341849353262,0.21471971688531613,8.154480615668705,1.7509277691431828,8.340341849353262,1.168869854768263e-06,1168.869854768263,1168869.854768263,-5.932233841705992,4.187015562953914,1.618033988749895,0.38196601125010515
0.17700000000000005,0.815623646590531,0.1760772411422783,0.83441304383735,0.21588050061853425,8.156236465905309,1.760772411422783,8.344130438373499,1.1880272323560541e-06,1188.0272323560541,1188027.232356054,-5.925173604197912,4.255639317581728,1.618033988749895,0.38196601125010515
0.17800000000000005,0.8158002159904627,0.1770615292930118,0.8347938533348611,0.2170403069555963,8.158002159904626,1.770615292930118,8.34793853334861,1.207608147290381e-06,1207.608147290381,1207608.147290381,-5.918073965613068,4.325780227822893,1.618033988749895,0.38196601125010515
0.17900000000000005,0.8159777695900965,0.17804564038223078,0.8351766103791146,0.21819913117445758,8.159777695900964,1.7804564038223076,8.351766103791146,1.2276231349492516e-06,1227.6231349492516,1227623.1349492515,-5.910934935745163,4.397476032516766,1.618033988749895,0.38196601125010515
0.18000000000000005,0.8161563072118786,0.17902957342582423,0.8355613119111984,0.21935696856576173,8.161563072118785,1.7902957342582422,8.355613119111984,1.2480830224548874e-06,1248.0830224548874,1248083.0224548874,-5.903756524433422,4.470765515561367,1.618033988749895,0.38196601125010515
0.18100000000000005,0.8163358286772716,0.18001332743985915,0.83594795486213,0.22051381443288975,8.163358286772716,1.8001332743985914,8.3594795486213,1.2689989374013622e-06,1268.9989374013621,1268998.9374013622,-5.896538741562441,4.545688537176697,1.618033988749895,0.38196601125010515
0.18200000000000005,0.8165163338067539,0.18099690144058164,0.8363365361529497,0.22166966409200878,8.165163338067538,1.8099690144058163,8.363365361529496,1.2903823168616032e-06,1290.3823168616032,1290382.3168616032,-5.889281597062096,4.622286066168775,1.618033988749895,0.38196601125010515
0.18300000000000005,0.8166978224198205,0.18198029444441777,0.8367270526948162,0.22282451287212013,8.166978224198203,1.8198029444441777,8.367270526948161,1.3122449166834726e-06,1312.2449166834726,1312244.9166834725,-5.881985100907388,4.700600213229184,1.618033988749895,0.38196601125010515
0.18400000000000005,0.8168802943349827,0.18296350546797463,0.8371195013891013,0.22397835611510755,8.168802943349826,1.8296350546797462,8.371195013891013,1.3345988210845133e-06,1334.5988210845132,1334598.8210845133,-5.874649263118334,4.780674265304467,1.618033988749895,0.38196601125010515
0.18500000000000005,0.8170637493697686,0.18394653352804127,0.8375138791274845,0.22513118917578467,8.170637493697685,1.8394653352804127,8.375138791274845,1.3574564525556298e-06,1357.4564525556298,1357456.45255563,-5.867274093759848,4.862552721072157,1.618033988749895,0.38196601125010515
0.18600000000000005,0.8172481873407232,0.1849293776415897,0.8379101827920481,0.2262830074219422,8.172481873407232,1.849293776415897,8.379101827920481,1.3808305820843267e-06,1380.8305820843268,1380830.5820843268,-5.859859602941591,4.946281327561506,1.618033988749895,0.38196601125010515
0.18700000000000006,0.8174336080634086,0.1859120368257759,0.8383084092553712,0.2274338062343953,8.174336080634085,1.8591203682577588,8.38308409255371,1.4047343397081028e-06,1404.7343397081029,1404734.3397081029,-5.852405800817876,5.031907117956854,1.618033988749895,0.38196601125010515
0.18800000000000006,0.8176200113524041,0.18689451009794075,0.8387085553806249,0.22858358100702963,8.176200113524041,1.8689451009794074,8.38708555380625,1.4291812254096897e-06,1429.1812254096897,1429181.2254096896,-5.844912697587515,5.1194784506255315,1.618033988749895,0.38196601125010515
0.18900000000000006,0.8178073970213063,0.18787679647561112,0.8391106180216663,0.22973232714684821,8.178073970213063,1.878767964756111,8.391106180216662,1.4541851203653977e-06,1454.1851203653978,1454185.1203653978,-5.837380303493736,5.209045049410621,1.618033988749895,0.38196601125010515
0.19000000000000006,0.8179957648827297,0.18885889497650063,0.8395145940231337,0.23088004007401675,8.179957648827298,1.8885889497650061,8.395145940231336,1.47976029855923e-06,1479.76029855923,1479760.29855923,-5.829808628824004,5.300658045233946,1.618033988749895,0.38196601125010515
0.19100000000000006,0.8181851147483064,0.1898408046185109,0.8399204802205402,0.23202671522190985,8.181851147483062,1.898408046185109,8.399204802205402,1.5059214387746742e-06,1505.9214387746742,1505921.4387746742,-5.822197683909947,5.394370019051938,1.618033988749895,0.38196601125010515
0.19200000000000006,0.8183754464286865,0.1908225244197324,0.8403282734403689,0.23317234803715575,8.183754464286865,1.908225244197324,8.403282734403689,1.5326836369777758e-06,1532.6836369777757,1532683.6369777757,-5.814547479127201,5.490235046213118,1.618033988749895,0.38196601125010515
0.19300000000000006,0.8185667597335383,0.1918040533984454,0.840737970500166,0.2343169339796816,8.185667597335383,1.9180405339844537,8.40737970500166,1.56006241910456e-06,1560.06241910456,1560062.4191045598,-5.806858024895308,5.58830874226399,1.618033988749895,0.38196601125010515
0.19400000000000006,0.8187590544715487,0.19278539057312094,0.8411495682086363,0.23546046852275768,8.187590544715487,1.9278539057312094,8.411495682086363,1.5880737542670449e-06,1588.073754267045,1588073.7542670448,-5.799129331677575,5.6886483102543846,1.618033988749895,0.38196601125010515
0.19500000000000006,0.8189523304504228,0.193766534962422,0.8415630633657362,0.23660294715304203,8.189523304504227,1.9376653496242198,8.415630633657361,1.6167340683921e-06,1616.7340683921,1616734.0683921,-5.791361409980963,5.791312589593289,1.618033988749895,0.38196601125010515
0.19600000000000006,0.8191465874768847,0.19474748558520422,0.8419784527627682,0.2377443653706239,8.191465874768847,1.947474855852042,8.419784527627682,1.6460602583083234e-06,1646.0602583083235,1646060.2583083233,-5.78355427035596,5.896362106509536,1.618033988749895,0.38196601125010515
0.19700000000000006,0.8193418253566774,0.1957282414605171,0.8423957331824744,0.23888471868906766,8.193418253566774,1.9572824146051708,8.423957331824743,1.6760697062963704e-06,1676.0697062963704,1676069.7062963704,-5.775707923396468,6.003859126172618,1.618033988749895,0.38196601125010515
0.19800000000000006,0.819538043894563,0.19670880160760482,0.8428149013991308,0.24002400263545573,8.195380438945628,1.967088016076048,8.428149013991307,1.7067802951189735e-06,1706.7802951189735,1706780.2951189736,-5.767822379739663,6.113867706531816,1.618033988749895,0.38196601125010515
0.19900000000000007,0.819735242894323,0.19768916504590733,0.8432359541786407,0.24116221275043148,8.19735242894323,1.9768916504590732,8.432359541786406,1.738210423547187e-06,1738.210423547187,1738210.4235471871,-5.759897650065884,6.226453753932843,1.618033988749895,0.38196601125010515
0.20000000000000007,0.8199334221587584,0.19866933079506127,0.8436588882786278,0.2422993445882417,8.199334221587584,1.9866933079506126,8.436588882786276,1.7703790224002832e-06,1770.3790224002832,1770379.0224002833,-5.751933745098521,6.341685080574454,1.618033988749895,0.38196601125010515
0.20100000000000007,0.82013258148969,0.199649297874901,0.8440837004485302,0.24343539371677894,8.201325814896899,1.9964929787490098,8.440837004485301,1.8033055711172899e-06,1803.30557111729,1803305.5711172898,-5.743930675603874,6.459631463869453,1.618033988749895,0.38196601125010515
0.20200000000000007,0.8203327206879585,0.20062906530545946,0.8445103874296931,0.24457035571762298,8.203327206879583,2.0062906530545943,8.44510387429693,1.8370101148785752e-06,1837.0101148785752,1837010.114878575,-5.735888452391058,6.580364707776013,1.618033988749895,0.38196601125010515
0.20300000000000007,0.8205338395534246,0.20160863210696933,0.8449389459554628,0.24570422618608245,8.205338395534246,2.016086321069693,8.449389459554627,1.8715132822971134e-06,1871.5132822971134,1871513.2822971134,-5.7278070863118495,6.703958706169672,1.618033988749895,0.38196601125010515
0.20400000000000007,0.8207359378849696,0.2025879972998639,0.8453693727512787,0.24683700073123602,8.207359378849695,2.0258799729986388,8.453693727512785,1.9068363036989548e-06,1906.836303698955,1906836.3036989549,-5.719686588260602,6.830489508325901,1.618033988749895,0.38196601125010515
0.20500000000000007,0.820939015480495,0.20356715990477806,0.8458016645347666,0.2479686749759729,8.209390154804948,2.0356715990477805,8.458016645347666,1.943001030014172e-06,1943.001030014172,1943001.0300141722,-5.711526969174097,6.960035386589487,1.618033988749895,0.38196601125010515
0.20600000000000007,0.8211430721369234,0.20454611894254926,0.8462358180158318,0.24909924455703347,8.211430721369233,2.0454611894254926,8.462358180158317,1.9800299522992812e-06,1980.0299522992811,1980029.9522992813,-5.703328240031444,7.092676906305897,1.618033988749895,0.38196601125010515
0.20700000000000007,0.8213481076501981,0.20552487343421857,0.846671829896751,0.2502287051250492,8.21348107650198,2.0552487343421855,8.46671829896751,2.017946221913867e-06,2017.9462219138668,2017946.221913867,-5.695090411853947,7.228496998096101,1.618033988749895,0.38196601125010515
0.20800000000000007,0.8215541218152835,0.2065034224010316,0.847109696872265,0.25135705234458233,8.215541218152834,2.065034224010316,8.47109696872265,2.056773671374132e-06,2056.7736713741324,2056773.6713741322,-5.686813495705003,7.36758103255618,1.618033988749895,0.38196601125010515
0.20900000000000007,0.8217611144261656,0.2074817648644394,0.8475494156296707,0.2524842818941653,8.217611144261655,2.0748176486443937,8.475494156296707,2.096536835907758e-06,2096.536835907758,2096536.835907758,-5.678497502689969,7.510016897469128,1.618033988749895,0.38196601125010515
0.21000000000000008,0.8219690852758518,0.20845989984609964,0.8479909828489135,0.25361038946633957,8.219690852758518,2.0845989984609963,8.479909828489134,2.1372609757345815e-06,2137.2609757345817,2137260.9757345817,-5.670142443956051,7.655895077616589,1.618033988749895,0.38196601125010515
0.21100000000000008,0.8221780341563713,0.20943782636787742,0.8484343952026794,0.2547353707676945,8.221780341563711,2.094378263678774,8.484343952026792,2.178972099099181e-06,2178.972099099181,2178972.099099181,-5.661748330692176,7.805308737284023,1.618033988749895,0.38196601125010515
0.21200000000000008,0.822387960858775,0.21041554345184627,0.8488796493564855,0.25585922151890544,8.22387960858775,2.1041554345184625,8.488796493564855,2.221696986081815e-06,2221.696986081815,2221696.986081815,-5.6533151741288945,7.958353805554007,1.618033988749895,0.38196601125010515
0.21300000000000008,0.8225988651731364,0.2113930501202892,0.8493267419687731,0.25698193745477177,8.225988651731363,2.113930501202892,8.493267419687731,2.2654632132157914e-06,2265.4632132157913,2265463.2132157916,-5.64484298553825,8.115129064488258,1.618033988749895,0.38196601125010515
0.21400000000000008,0.8228107468885512,0.21237034539569963,0.849775669690998,0.2581035143242544,8.228107468885511,2.1237034539569963,8.49775669690998,2.3102991789398965e-06,2310.2991789398966,2310299.1789398966,-5.6363317762336616,8.275736240300928,1.618033988749895,0.38196601125010515
0.21500000000000008,0.8230236057931377,0.21334742830078238,0.8502264291677222,0.2592239478905129,8.230236057931377,2.1334742830078235,8.502264291677221,2.356234129915724e-06,2356.2341299157238,2356234.129915724,-5.627781557569809,8.440280097630062,1.618033988749895,0.38196601125010515
0.21600000000000008,0.823237441674037,0.21432429785845458,0.8506790170367041,0.26034323393094266,8.23237441674037,2.1432429785845457,8.50679017036704,2.403298188240878e-06,2403.298188240878,2403298.1882408783,-5.619192340942531,8.608868537018175,1.618033988749895,0.38196601125010515
0.21700000000000008,0.8234522543174132,0.2153009530918468,0.8511334299289902,0.2614613682372111,8.234522543174132,2.153009530918468,8.511334299289901,2.4515223795904444e-06,2451.5223795904444,2451522.3795904443,-5.610564137788688,8.781612695717975,1.618033988749895,0.38196601125010515
0.21800000000000008,0.8236680435084537,0.21627739302430385,0.8515896644690054,0.26257834661529406,8.236680435084537,2.162773930243038,8.515896644690054,2.5009386623197904e-06,2500.9386623197906,2500938.6623197906,-5.601896959586056,8.958627051941683,1.618033988749895,0.38196601125010515
0.21900000000000008,0.8238848090313693,0.21725361667938592,0.8520477172746427,0.26369416488551134,8.238848090313692,2.172536166793859,8.520477172746427,2.5515799575633395e-06,2551.5799575633396,2551579.9575633393,-5.593190817853224,9.14002953267802,1.618033988749895,0.38196601125010515
0.22000000000000008,0.8241025506693945,0.2182296230808694,0.8525075849573541,0.2648088188825624,8.241025506693944,2.182296230808694,8.525075849573541,2.6034801803656097e-06,2603.4801803656096,2603480.18036561,-5.584445724149461,9.325941625206887,1.618033988749895,0.38196601125010515
0.22100000000000009,0.8243212682047878,0.219205411252748,0.8529692641222403,0.2659223044555613,8.243212682047877,2.19205411252748,8.529692641222402,2.6566742718812555e-06,2656.6742718812557,2656674.2718812553,-5.575661690074615,9.516488492443326,1.618033988749895,0.38196601125010515
0.2220000000000001,0.8245409614188316,0.2201809802192336,0.8534327513681401,0.2670346174680715,8.245409614188315,2.201809802192336,8.5343275136814,2.7111982326832785e-06,2711.1982326832785,2711198.2326832786,-5.566838727268992,9.711799092251052,1.618033988749895,0.38196601125010515
0.2230000000000001,0.8247616300918327,0.22115632900475735,0.8538980432877203,0.2681457537981402,8.247616300918326,2.2115632900475735,8.538980432877203,2.7670891572191966e-06,2767.0891572191967,2767089.1572191967,-5.557976847413253,9.912006300868102,1.618033988749895,0.38196601125010515
0.2240000000000001,0.8249832740031223,0.2221314566339705,0.8543651364675646,0.2692557093383323,8.249832740031223,2.221314566339705,8.543651364675645,2.8243852694571787e-06,2824.3852694571788,2824385.2694571787,-5.549076062228294,10.117247040595064,1.618033988749895,0.38196601125010515
0.2250000000000001,0.8252058929310567,0.22310636213174553,0.854834027488263,0.27036447999576435,8.252058929310566,2.231063621317455,8.54834027488263,2.8831259597652365e-06,2883.1259597652365,2883125.9597652364,-5.540136383475128,10.327662411900244,1.618033988749895,0.38196601125010515
0.2260000000000001,0.8254294866530171,0.22408104452317704,0.8553047129245,0.2714720616921373,8.25429486653017,2.2408104452317703,8.553047129245,2.9433518230682475e-06,2943.3518230682475,2943351.8230682476,-5.531157822954793,10.543397830102158,1.618033988749895,0.38196601125010515
0.2270000000000001,0.8256540549454094,0.2250555028335827,0.8557771893451437,0.27257845036377,8.256540549454094,2.250555028335827,8.557771893451436,3.005104698329835e-06,3005.104698329835,3005104.698329835,-5.522140392508225,10.764603166797817,1.618033988749895,0.38196601125010515
0.2280000000000001,0.8258795975836657,0.22602973608850424,0.856251453313334,0.2736836419616315,8.258795975836657,2.2602973608850423,8.562514533133339,3.068427709407198e-06,3068.427709407198,3068427.7094071982,-5.51308410401615,10.99143289620904,1.618033988749895,0.38196601125010515
0.2290000000000001,0.8261061143422432,0.22700374331370857,0.8567275013865702,0.2747876324513734,8.261061143422431,2.2700374331370856,8.567275013865702,3.1333653073291858e-06,3133.3653073291857,3133365.307329186,-5.5039889693989705,11.224046246627006,1.618033988749895,0.38196601125010515
0.2300000000000001,0.8263336049946253,0.2279775235351885,0.8572053301167992,0.2758904178133616,8.263336049946252,2.279775235351885,8.572053301167992,3.199963314049803e-06,3199.963314049803,3199963.314049803,-5.494855000616676,11.462607357141929,1.618033988749895,0.38196601125010515
0.2310000000000001,0.8265620693133211,0.22895107577916388,0.8576849360505032,0.276991994042708,8.26562069313321,2.2895107577916387,8.576849360505031,3.268268967731651e-06,3268.2689677316507,3268268.967731651,-5.485682209668708,11.707285439853147,1.618033988749895,0.38196601125010515
0.2320000000000001,0.8267915070698665,0.22992439907208256,0.8581663157287865,0.27809235714930153,8.267915070698665,2.2992439907208255,8.581663157287865,3.3383309696150686e-06,3338.3309696150686,3338330.9696150688,-5.476470608593861,11.958254947759341,1.618033988749895,0.38196601125010515
0.23299999999999998,0.8270219180348237,0.23089749244062122,0.8586494656874628,0.2791915031578386,8.270219180348237,2.308974924406212,8.586494656874628,3.410199532531642e-06,3410.199532531642,3410199.532531642,-5.467220209470182,12.215695748539067,1.618033988749895,0.38196601125010515
0.23399999999999999,0.8272533019777819,0.23187035491168678,0.859134382457142,0.28028942810785457,8.272533019777818,2.3187035491168677,8.59134382457142,3.483926431123027e-06,3483.9264311230268,3483926.431123027,-5.457931024414848,12.479793304439896,1.618033988749895,0.38196601125010515
0.235,0.827485658667357,0.23284298551241678,0.8596210625633165,0.2813861280537526,8.27485658667357,2.328429855124168,8.596210625633164,3.559565053827567e-06,3559.5650538275668,3559565.053827567,-5.448603065584075,12.750738858499972,1.618033988749895,0.38196601125010515
0.236,0.8277189878711925,0.23381538327018064,0.8601095025264474,0.28248159906483433,8.277189878711924,2.3381538327018063,8.601095025264472,3.6371704567006988e-06,3637.1704567006987,3637170.456700699,-5.439236345173,13.028729627338418,1.618033988749895,0.38196601125010515
0.237,0.8279532893559589,0.23478754721258074,0.8605996988620505,0.28357583722532853,8.279532893559589,2.3478754721258075,8.605996988620504,3.716799419136887e-06,3716.799419136887,3716799.419136887,-5.429830875415575,13.313969000757194,1.618033988749895,0.38196601125010515
0.238,0.8281885628873551,0.23575947636745317,0.8610916480807825,0.2846688386344206,8.28188562887355,2.357594763674532,8.610916480807825,3.798510501563722e-06,3798.510501563722,3798510.501563722,-5.420386668584464,13.606666748407463,1.618033988749895,0.38196601125010515
0.239,0.8284248082301073,0.2367311697628689,0.8615853466885254,0.28576059940628107,8.284248082301072,2.367311697628689,8.615853466885254,3.8823641051816e-06,3882.3641051816,3882364.1051815995,-5.410903736990943,13.907039233783458,1.618033988749895,0.38196601125010515
0.24,0.8286620251479704,0.23770262642713458,0.862080791186472,0.28685111567009375,8.286620251479704,2.3770262642713456,8.62080791186472,3.968422533825404e-06,3968.422533825404,3968422.5338254045,-5.401382092984785,14.215309635817572,1.618033988749895,0.38196601125010515
0.241,0.8289002134037274,0.23867384538879366,0.8625779780712111,0.2879403835700839,8.289002134037274,2.3867384538879364,8.62577978071211,4.056750058027025e-06,4056.7500580270253,4056750.0580270253,-5.391821748954165,14.531708178359073,1.618033988749895,0.38196601125010515
0.242,0.82913937275919,0.2396448256766272,0.8630769038348113,0.2890283992655456,8.291393727591899,2.3964482567662717,8.630769038348113,4.147412981361471e-06,4147.412981361471,4147412.981361471,-5.382222717325542,14.856472367832916,1.618033988749895,0.38196601125010515
0.243,0.829379502975199,0.24061556631965508,0.863577564964906,0.2901151589308691,8.29379502975199,2.4061556631965506,8.635775649649059,4.240479709161541e-06,4240.479709161541,4240479.709161541,-5.372585010563574,15.189847239382962,1.618033988749895,0.38196601125010515
0.244,0.8296206038116242,0.24158606634713667,0.8640799579447767,0.29120065875556755,8.29620603811624,2.4158606634713666,8.640799579447766,4.336020819690586e-06,4336.020819690586,4336020.819690586,-5.362908641171001,15.532085611820342,1.618033988749895,0.38196601125010515
0.245,0.8298626750273647,0.24255632478857206,0.8645840792534366,0.2922848949443036,8.298626750273646,2.4255632478857203,8.645840792534365,4.434109137865033e-06,4434.1091378650335,4434109.137865033,-5.35319362168855,15.883448351705367,1.618033988749895,0.38196601125010515
0.246,0.8301057163803492,0.24352634067370285,0.8650899253657143,0.29336786371691553,8.301057163803492,2.4352634067370285,8.650899253657142,4.534819811623132e-06,4534.8198116231315,4534819.811623132,-5.343439964694836,16.244204646908422,1.618033988749895,0.38196601125010515
0.247,0.8303497276275367,0.24449611303251328,0.8655974927523369,0.29444956130844296,8.303497276275365,2.4449611303251326,8.655974927523369,4.638230391039615e-06,4638.230391039615,4638230.391039615,-5.333647682806245,16.614632290007094,1.618033988749895,0.38196601125010515
0.248,0.8305947085249156,0.24546564089523104,0.8661067778800118,0.2955299839691523,8.305947085249155,2.45465640895231,8.661067778800117,4.744420910289367e-06,4744.420910289367,4744420.910289368,-5.3238167886768615,16.995017971888696,1.618033988749895,0.38196601125010515
0.249,0.8308406588275052,0.24643492329232836,0.8666177772115102,0.29660912796456185,8.308406588275052,2.4643492329232832,8.666177772115102,4.853473972569075e-06,4853.473972569075,4853473.972569075,-5.3139472949983295,17.38565758594859,1.618033988749895,0.38196601125010515
0.25,0.8310875782893553,0.24740395925452294,0.8671304872057486,0.2976869895754664,8.310875782893552,2.474039592545229,8.671304872057485,4.965474838087327e-06,4965.474838087327,4965474.838087327,-5.304039214499792,17.786856543280074,1.618033988749895,0.38196601125010515
0.251,0.8313354666635463,0.24837274781277885,0.8676449043178704,0.29876356509796176,8.313354666635462,2.4837274781277885,8.676449043178703,5.080511515240987e-06,5080.511515240987,5080511.515240987,-5.294092559947765,18.198930099277778,1.618033988749895,0.38196601125010515
0.252,0.8315843237021899,0.24934128799830768,0.8681610249993279,0.2998388508434687,8.315843237021898,2.493412879983077,8.681610249993279,5.198674855098161e-06,5198.674855098161,5198674.855098161,-5.284107344146043,18.622203692085666,1.618033988749895,0.38196601125010515
0.253,0.8318341491564292,0.25030957884256927,0.8686788456979627,0.30091284313875616,8.318341491564292,2.5030957884256924,8.686788456979627,5.320058649313512e-06,5320.0586493135115,5320058.649313512,-5.274083579935624,19.057013293340063,1.618033988749895,0.38196601125010515
0.254,0.8320849427764385,0.2512776193772729,0.8691983628580869,0.30198553832596536,8.320849427764385,2.5127761937727287,8.69198362858087,5.444759731607578e-06,5444.759731607578,5444759.731607578,-5.26402128019458,19.503705771679293,1.618033988749895,0.38196601125010515
0.255,0.8323367043114245,0.25224540863437805,0.8697195729205639,0.30305693276263196,8.323367043114244,2.5224540863437803,8.697195729205639,5.5728780829453704e-06,5572.878082945371,5572878.08294537,-5.253920457837975,19.962639269504578,1.618033988749895,0.38196601125010515
0.256,0.8325894335096254,0.25321294564609564,0.8702424723228875,0.304127022821709,8.325894335096255,2.5321294564609564,8.702424723228875,5.704516940555894e-06,5704.5169405558945,5704516.940555895,-5.243781125817771,20.434183593499498,1.618033988749895,0.38196601125010515
0.257,0.8328431301183123,0.25418022944488866,0.8707670574992628,0.30519580489158893,8.328431301183123,2.5418022944488863,8.707670574992626,5.8397829109402096e-06,5839.782910940209,5839782.910940209,-5.233603297122725,20.918720619436808,1.618033988749895,0.38196601125010515
0.258,0.8330977938837886,0.2551472590634734,0.8712933248806849,0.3062632753761255,8.330977938837885,2.551472590634734,8.712933248806848,5.978786087020563e-06,5978.786087020563,5978786.087020563,-5.223386984778294,21.41664471181906,1.618033988749895,0.38196601125010515
0.259,0.8333534245513903,0.2561140335348204,0.8718212708950183,0.30732943069465557,8.333534245513903,2.5611403353482034,8.718212708950182,6.121640169589611e-06,6121.64016958961,6121640.169589611,-5.21313220184656,21.928363158922558,1.618033988749895,0.38196601125010515
0.26,0.8336100218654868,0.2570805518921551,0.8723508919670757,0.3083942672820196,8.336100218654868,2.570805518921551,8.723508919670756,6.26846259322641e-06,6268.46259322641,6268462.5932264095,-5.202838961426094,22.45429662384177,1.618033988749895,0.38196601125010515
0.261,0.833867585569481,0.2580468131689594,0.8728821845186965,0.30945778158858284,8.33867585569481,2.5804681316895937,8.728821845186964,6.419374656849439e-06,6419.374656849439,6419374.656849439,-5.192507276651908,22.994879612144082,1.618033988749895,0.38196601125010515
0.262,0.8341261154058092,0.259012816398972,0.8734151449688246,0.31051997008025595,8.341261154058092,2.59012816398972,8.734151449688245,6.57450165908765e-06,6574.501659087649,6574501.65908765,-5.18213716069533,23.550560956783215,1.618033988749895,0.38196601125010515
0.263,0.8343856111159413,0.25997856061618985,0.8739497697335864,0.3115808292385147,8.343856111159413,2.5997856061618982,8.739497697335864,6.733973038654748e-06,6733.973038654748,6733973.038654748,-5.171728626763925,24.12180432093478,1.618033988749895,0.38196601125010515
0.264,0.834646072440382,0.2609440448548687,0.8744860552263685,0.3126403555604195,8.34646072440382,2.609440448548687,8.744860552263685,6.897922519920803e-06,6897.922519920803,6897922.519920804,-5.161281688101396,24.709088719449177,1.618033988749895,0.38196601125010515
0.265,0.8349074991186698,0.2619092681495244,0.8750239978578936,0.31369854555863547,8.349074991186697,2.619092681495244,8.750239978578936,7.066488263882769e-06,7066.4882638827685,7066488.263882768,-5.15079635798751,25.312909059644007,1.618033988749895,0.38196601125010515
0.266,0.835169890889378,0.2628742295349339,0.8755635940362988,0.31475539576145084,8.351698908893779,2.6287422953493387,8.755635940362987,7.239813024744456e-06,7239.813024744456,7239813.024744456,-5.140272649737976,25.933776702190087,1.618033988749895,0.38196601125010515
0.267,0.8354332474901149,0.2638389280461357,0.8761048401672106,0.3158109027127957,8.354332474901149,2.6383892804613565,8.761048401672106,7.418044312322895e-06,7418.044312322894,7418044.312322895,-5.129710576704384,26.572220042868242,1.618033988749895,0.38196601125010515
0.268,0.835697568657524,0.2648033627184314,0.8766477326538216,0.3168650629722606,8.35697568657524,2.648033627184314,8.766477326538215,7.601334560509539e-06,7601.334560509539,7601334.560509539,-5.119110152274104,27.22878511601517,1.618033988749895,0.38196601125010515
0.269,0.835962854127284,0.2657675325873865,0.8771922678969658,0.3179178731151141,8.359628541272839,2.657675325873865,8.771922678969657,7.789841302022283e-06,7789.841302022282,7789841.302022283,-5.10847138987019,27.904036220503674,1.618033988749895,0.38196601125010515
0.27,0.8362291036341095,0.26673143668883115,0.8777384422951944,0.31896932973232056,8.362291036341094,2.6673143668883115,8.777384422951943,7.983727349694149e-06,7983.727349694149,7983727.349694149,-5.097794302951296,28.598556569137934,1.618033988749895,0.38196601125010515
0.271,0.8364963169117512,0.26769507405886134,0.8782862522448499,0.3200194294305574,8.36496316911751,2.6769507405886133,8.782862522448498,8.183160984554749e-06,8183.160984554749,8183160.984554749,-5.087078905011598,29.312948962381192,1.618033988749895,0.38196601125010515
0.272,0.8367644936929955,0.2686584437338398,0.8788356941401413,0.32106816883223194,8.367644936929954,2.686584437338398,8.788356941401412,8.388316150971464e-06,8388.316150971465,8388316.150971464,-5.076325209580693,30.047836487372148,1.618033988749895,0.38196601125010515
0.273,0.837033633709666,0.26962154475039685,0.8793867643732179,0.32211554457549785,8.37033633709666,2.696215447503968,8.79386764373218,8.59937265912741e-06,8599.37265912741,8599372.65912741,-5.065533230223513,30.803863243222445,1.618033988749895,0.38196601125010515
0.274,0.8373037366926225,0.2705843761454317,0.8799394593342437,0.32316155331427154,8.373037366926225,2.7058437614543167,8.799394593342436,8.816516395124746e-06,8816.516395124745,8816516.395124746,-5.054702980540248,31.581695093628966,1.618033988749895,0.38196601125010515
0.275,0.8375748023717621,0.27154693695611287,0.8804937754114696,0.32420619171824766,8.37574802371762,2.7154693695611285,8.804937754114695,9.039939539014435e-06,9039.939539014435,9039939.539014434,-5.043834474166252,32.38202044787953,1.618033988749895,0.38196601125010515
0.276,0.8378468304760192,0.2725092262198798,0.8810497089913082,0.325249456472915,8.37846830476019,2.7250922621987974,8.810497089913081,9.269840791065354e-06,9269.840791065353,9269840.791065354,-5.03292772477196,33.205551071372795,1.618033988749895,0.38196601125010515
0.277,0.8381198207333654,0.27347124297444314,0.8816072564584049,0.3262913442795713,8.381198207333654,2.734712429744431,8.816072564584049,9.506425606597918e-06,9506.425606597919,9506425.606597919,-5.021982746062802,34.05302292681715,1.618033988749895,0.38196601125010515
0.278,0.838393772870811,0.27443298625778634,0.8821664141957113,0.3273318518553382,8.383937728708108,2.7443298625778634,8.821664141957113,9.749906439722438e-06,9749.906439722437,9749906.439722437,-5.010999551779127,34.92519704732731,1.618033988749895,0.38196601125010515
0.279,0.8386686866144034,0.2753944551081661,0.8827271785845568,0.32837097593317544,8.386686866144034,2.753944551081661,8.827271785845568,1.0000502996335075e-05,10000.502996335075,10000502.996335074,-4.999978155696102,35.82286044268264,1.618033988749895,0.38196601125010515
0.28,0.8389445616892292,0.27635564856411376,0.8832895460047202,0.32940871326189536,8.38944561689229,2.7635564856411374,8.832895460047201,1.0258442496738499e-05,10258.442496738498,10258442.496738499,-4.988918571623645,36.746827040062136,1.618033988749895,0.38196601125010515
0.281,0.8392213978194131,0.27731656566443585,0.8838535128345008,0.3304450606061762,8.39221397819413,2.7731656566443585,8.838535128345008,1.0523959948271823e-05,10523.959948271824,10523959.948271824,-4.97782081340633,37.697938660633696,1.618033988749895,0.38196601125010515
0.28200000000000003,0.8394991947281192,0.27827720544821544,0.8844190754507892,0.3314800147465758,8.394991947281191,2.7827720544821544,8.844190754507892,1.0797298428346749e-05,10797.298428346749,10797298.42834675,-4.966684894923331,38.67706603341959,1.618033988749895,0.38196601125010515
0.28300000000000003,0.8397779521375505,0.2792375669548127,0.8849862302291384,0.3325135724795444,8.397779521375504,2.792375669548127,8.849862302291383,1.107870937830801e-05,11078.70937830801,11078709.37830801,-4.9555108300883,39.685109847935664,1.618033988749895,0.38196601125010515
0.28400000000000003,0.8400576697689496,0.2801976492238663,0.8855549735438327,0.3335457306174375,8.400576697689495,2.801976492238663,8.855549735438327,1.1368452908548012e-05,11368.452908548012,11368452.908548012,-4.944298632849318,40.72300184714426,1.618033988749895,0.38196601125010515
0.28500000000000003,0.8403383473425989,0.28115745129529407,0.8861253017679589,0.3345764859885283,8.403383473425988,2.8115745129529404,8.861253017679589,1.1666798115328402e-05,11666.798115328402,11666798.115328401,-4.9330483171888,41.79170596234266,1.618033988749895,0.38196601125010515
0.28600000000000003,0.8406199845778211,0.28211697220929394,0.8866972112734739,0.33560583543701933,8.40619984577821,2.821169722092939,8.866972112734738,1.1974023409777097e-05,11974.023409777097,11974023.409777097,-4.921759897123432,42.89221949166523,1.618033988749895,0.38196601125010515
0.28700000000000003,0.8409025811929786,0.2830762110063451,0.8872706984312752,0.3366337758230546,8.409025811929785,2.830762110063451,8.872706984312751,1.2290416859551161e-05,12290.416859551162,12290416.859551162,-4.910433386704062,44.02557432395606,1.618033988749895,0.38196601125010515
0.28800000000000003,0.841186136905475,0.28403516672720885,0.8878457596112681,0.3376603040227305,8.41186136905475,2.8403516672720883,8.87845759611268,1.2616276543672384e-05,12616.276543672384,12616276.543672385,-4.899068800015661,45.192838209827514,1.618033988749895,0.38196601125010515
0.28900000000000003,0.8414706514317546,0.2849938384129295,0.8884223911824355,0.3386854169281069,8.414706514317546,2.849938384129295,8.884223911824355,1.295191092107099e-05,12951.91092107099,12951910.921070991,-4.887666151177194,46.39511608182287,1.618033988749895,0.38196601125010515
0.29000000000000004,0.8417561244873029,0.2859522251048356,0.8890005895129037,0.33970911144721816,8.417561244873028,2.8595222510483556,8.890005895129036,1.3297639213384324e-05,13297.639213384324,13297639.213384325,-4.876225454341608,47.63355142564171,1.618033988749895,0.38196601125010515
0.29100000000000004,0.8420425557866469,0.28691032584454035,0.8895803509700114,0.3407313845040825,8.420425557866468,2.8691032584454033,8.895803509700114,1.3653791802594546e-05,13653.791802594546,13653791.802594546,-4.864746723695686,48.90932770452023,1.618033988749895,0.38196601125010515
0.29200000000000004,0.8423299450433552,0.28786813967394315,0.8901616719203758,0.3417522330387131,8.423299450433552,2.8786813967394314,8.901616719203757,1.402071064409805e-05,14020.71064409805,14020710.644098049,-4.853229973460032,50.22366983888965,1.618033988749895,0.38196601125010515
0.29300000000000004,0.8426182919700387,0.28882566563523027,0.8907445487299596,0.34277165400712684,8.426182919700386,2.8882566563523024,8.907445487299595,1.4398749695839398e-05,14398.749695839399,14398749.695839398,-4.841675217888949,51.57784574357938,1.618033988749895,0.38196601125010515
0.29400000000000004,0.8429075962783504,0.28978290277087587,0.8913289777641371,0.34378964438135384,8.429075962783504,2.8978290277087586,8.91328977764137,1.4788275364156864e-05,14788.275364156863,14788275.364156865,-4.830082471270392,52.973167924882965,1.618033988749895,0.38196601125010515
0.29500000000000004,0.8431978576789861,0.2907398501236428,0.89191495538776,0.34480620114944643,8.431978576789861,2.9073985012364276,8.919149553877599,1.5189666967022574e-05,15189.666967022575,15189666.967022574,-4.818451747925886,54.4109951399333,1.618033988749895,0.38196601125010515
0.29600000000000004,0.8434890758816844,0.29169650673658387,0.8925024779652233,0.3458213213154878,8.434890758816843,2.9169650673658385,8.925024779652233,1.560331721538542e-05,15603.317215385421,15603317.215385422,-4.806783062210429,55.89273412092393,1.618033988749895,0.38196601125010515
0.29700000000000004,0.8437812505952271,0.2926528716530425,0.8930915418605293,0.34683500189960004,8.437812505952271,2.9265287165304246,8.930915418605293,1.6029632713352026e-05,16029.632713352026,16029632.713352026,-4.795076428512474,57.41984136681018,1.618033988749895,0.38196601125010515
0.29800000000000004,0.8440743815274396,0.2936089439166538,0.8936821434373535,0.3478472399379521,8.440743815274395,2.936089439166538,8.936821434373535,1.6469034477982207e-05,16469.034477982208,16469034.477982208,-4.783331861253798,58.99382500527157,1.618033988749895,0.38196601125010515
0.29900000000000004,0.8443684683851909,0.29456472257134575,0.8942742790591077,0.34885803248276775,8.443684683851908,2.9456472257134574,8.942742790591076,1.6921958479494523e-05,16921.958479494522,16921958.479494523,-4.771549374889461,60.61624672778524,1.618033988749895,0.38196601125010515
0.30000000000000004,0.8446635108743941,0.2955202066613396,0.894867945089005,0.349867376602332,8.44663510874394,2.955202066613396,8.94867945089005,1.7388856202723636e-05,17388.856202723637,17388856.202723637,-4.759728983907726,62.28872380082569,1.618033988749895,0.38196601125010515
0.30100000000000005,0.8449595087000068,0.29647539523115146,0.8954631378901223,0.350875269380999,8.449595087000068,2.9647539523115145,8.954631378901222,1.7870195230699127e-05,17870.195230699126,17870195.230699126,-4.747870702829992,64.01293115630587,1.618033988749895,0.38196601125010515
0.30200000000000005,0.8452564615660312,0.2974302873255928,0.8960598538254642,0.35188170791919776,8.452564615660311,2.974302873255928,8.960598538254642,1.8366459851257167e-05,18366.45985125717,18366459.851257168,-4.735974546210717,65.79060356452439,1.618033988749895,0.38196601125010515
0.30300000000000005,0.8455543691755145,0.2983848819897716,0.8966580892580249,0.35288668933343875,8.455543691755144,2.9838488198977156,8.966580892580248,1.887815168763183e-05,18878.15168763183,18878151.68763183,-4.724040528637357,67.62353789301038,1.618033988749895,0.38196601125010515
0.30400000000000005,0.8458532312305491,0.29933917826909323,0.8972578405508512,0.35389021075631993,8.45853231230549,2.993391782690932,8.972578405508512,1.940579035401711e-05,19405.79035401711,19405790.354017112,-4.712068664730281,69.51359545481603,1.618033988749895,0.38196601125010515
0.30500000000000005,0.846153047432273,0.3002931752092616,0.8978591040671041,0.354892269336532,8.46153047432273,3.0029317520926155,8.978591040671041,1.9949914137128514e-05,19949.914137128515,19949914.137128513,-4.700058969142724,71.46270444994234,1.618033988749895,0.38196601125010515
0.30600000000000005,0.8464538174808699,0.30124687185627974,0.8984618761701199,0.35589286223886396,8.464538174808698,3.0124687185627974,8.984618761701197,2.051108070484209e-05,20511.08070484209,20511080.70484209,-4.688011456560709,73.4728625037592,1.618033988749895,0.38196601125010515
0.30700000000000005,0.8467555410755699,0.3022002672564511,0.899066153223472,0.3568919866442076,8.467555410755699,3.022002672564511,8.99066153223472,2.1089867843033396e-05,21089.867843033397,21089867.843033396,-4.675926141702959,75.54613930644055,1.618033988749895,0.38196601125010515
0.30800000000000005,0.8470582179146494,0.30315336045638047,0.8996719315910315,0.3578896397495627,8.470582179146493,3.0315336045638044,8.996719315910315,2.1686874221781872e-05,21686.874221781873,21686874.221781872,-4.663803039320867,77.68467935758953,1.618033988749895,0.38196601125010515
0.30900000000000005,0.8473618476954315,0.30410615050297457,0.9002792076370273,0.3588858187680405,8.473618476954314,3.0410615050297456,9.002792076370273,2.2302720192167897e-05,22302.720192167897,22302720.192167897,-4.651642164198401,79.89070482044995,1.618033988749895,0.38196601125010515
0.31000000000000005,0.8476664301142867,0.30505863644344355,0.9008879777261054,0.35988052092886824,8.476664301142867,3.0505863644344355,9.008879777261054,2.2938048614930278e-05,22938.048614930278,22938048.614930276,-4.639443531152059,82.16651849024507,1.618033988749895,0.38196601125010515
0.31100000000000005,0.8479719648666323,0.3060108173253015,0.90149823822339,0.36087374347739243,8.479719648666322,3.0601081732530147,9.0149823822339,2.3593525722316682e-05,23593.52572231668,23593525.722316682,-4.627207155030775,84.51450688141716,1.618033988749895,0.38196601125010515
0.31200000000000006,0.8482784516469337,0.3069626921963676,0.9021099854945411,0.36186548367508237,8.482784516469337,3.069626921963676,9.02109985494541,2.4269842014508276e-05,24269.842014508275,24269842.014508277,-4.614933050715885,86.93714343871541,1.618033988749895,0.38196601125010515
0.31300000000000006,0.8485858901487041,0.30791426010476713,0.9027232159058138,0.3628557387995327,8.48585890148704,3.0791426010476712,9.027232159058137,2.4967713192069146e-05,24967.713192069146,24967713.192069147,-4.602621233121046,89.4369918773285,1.618033988749895,0.38196601125010515
0.31400000000000006,0.8488942800645051,0.3088655200989322,0.9033379258241172,0.3638445061444664,8.48894280064505,3.088655200989322,9.03337925824117,2.5687881125926196e-05,25687.881125926197,25687881.125926197,-4.5902717171921665,92.01670965745522,1.618033988749895,0.38196601125010515
0.31500000000000006,0.8492036210859468,0.3098164712276029,0.9039541116170712,0.3648317830197368,8.492036210859467,3.098164712276029,9.039541116170712,2.6431114866453465e-05,26431.114866453463,26431114.866453465,-4.577884517907363,94.67905159895142,1.618033988749895,0.38196601125010515
0.31600000000000006,0.8495139129036882,0.3107671125398282,0.9045717696530648,0.36581756675132965,8.49513912903688,3.107671125398282,9.045717696530648,2.7198211693305653e-05,27198.211693305653,27198211.693305653,-4.565459650276886,97.42687364194478,1.618033988749895,0.38196601125010515
0.31700000000000006,0.8498251552074374,0.31171744308496685,0.9051908963013131,0.36680185468136495,8.498251552074374,3.1171744308496683,9.05190896301313,2.7989998207714016e-05,27989.998207714016,27989998.207714017,-4.552997129343053,100.26313675955433,1.618033988749895,0.38196601125010515
0.31800000000000006,0.8501373476859523,0.3126674619126884,0.9058114879319141,0.3677846441680978,8.501373476859522,3.126674619126884,9.05811487931914,2.8807331469033364e-05,28807.331469033365,28807331.469033364,-4.540496970180187,103.19091102912213,1.618033988749895,0.38196601125010515
0.31900000000000006,0.8504504900270403,0.3136171680729741,0.9064335409159047,0.3687659325859199,8.504504900270403,3.1361716807297406,9.064335409159046,2.9651100177406895e-05,29651.100177406894,29651100.177406896,-4.527959187894571,106.21337986864398,1.618033988749895,0.38196601125010515
0.32000000000000006,0.8507645819175592,0.3145665606161178,0.907057051625317,0.3697457173253599,8.507645819175591,3.145665606161178,9.07057051625317,3.052222590450135e-05,30522.225904501345,30522225.904501345,-4.5153837976243665,109.3338444453929,1.618033988749895,0.38196601125010515
0.32100000000000006,0.851079623043417,0.3155156385927272,0.9076820164332338,0.37072399579308396,8.510796230434169,3.1551563859272718,9.076820164332338,3.142166437434159e-05,31421.664374341588,31421664.37434159,-4.502770814539575,112.55572826400432,1.618033988749895,0.38196601125010515
0.32200000000000006,0.8513956130895728,0.3164644010537242,0.9083084317138436,0.37170076541189545,8.513956130895727,3.1646440105372418,9.083084317138436,3.2350406796374784e-05,32350.406796374784,32350406.796374783,-4.4901202538419565,115.88258194165303,1.618033988749895,0.38196601125010515
0.32300000000000006,0.8517125517400363,0.31741284705034656,0.9089362938424952,0.3726760236207353,8.517125517400363,3.1741284705034656,9.089362938424951,3.330948125297441e-05,33309.48125297441,33309481.25297441,-4.477432130764992,119.31808817823942,1.618033988749895,0.38196601125010515
0.32400000000000007,0.8520304386778692,0.31836097563414834,0.909565599195753,0.37364976787468085,8.520304386778692,3.1836097563414834,9.095655991957528,3.4299954143706994e-05,34299.95414370699,34299954.14370699,-4.464706460573799,122.8660669299059,1.618033988749895,0.38196601125010515
0.32500000000000007,0.8523492735851843,0.319308785857001,0.9101963441514492,0.3746219956449451,8.523492735851843,3.19308785857001,9.101963441514492,3.532293168876909e-05,35322.93168876909,35322931.68876909,-4.4519432585651035,126.53048079450724,1.618033988749895,0.38196601125010515
0.32600000000000007,0.8526690561431469,0.3202562767710944,0.9108285250887397,0.3755927044188754,8.526690561431469,3.202562767710944,9.108285250887397,3.637956149412781e-05,36379.56149412781,36379561.49412781,-4.439142540067157,130.3154406181097,1.618033988749895,0.38196601125010515
0.32700000000000007,0.8529897860319744,0.32120344742893775,0.9114621383881548,0.3765618916999522,8.529897860319743,3.212034474289377,9.114621383881548,3.7471034180991405e-05,37471.0341809914,37471034.180991404,-4.426304320439701,134.22521133192714,1.618033988749895,0.38196601125010515
0.32800000000000007,0.853311462930937,0.32215029688336044,0.912097180431654,0.3775295550077871,8.533114629309368,3.221502968833604,9.12097180431654,3.859858508236919e-05,38598.58508236919,38598585.082369186,-4.413428615073894,138.26421802957827,1.618033988749895,0.38196601125010515
0.32900000000000007,0.8536340865183577,0.32309682418751307,0.912733647602677,0.3784956918781204,8.536340865183577,3.2309682418751304,9.12733647602677,3.9763496009588544e-05,39763.49600958855,39763496.00958855,-4.400515439392264,142.43705229493753,1.618033988749895,0.38196601125010515
0.33000000000000007,0.8539576564716131,0.3240430283948684,0.9133715362861967,0.37946029986281893,8.53957656471613,3.240430283948684,9.133715362861967,4.096709709177494e-05,40967.09709177494,40967097.09177494,-4.3875648088486505,146.74847879134737,1.618033988749895,0.38196601125010515
0.33100000000000007,0.8542821724671331,0.3249889085592224,0.9140108428687699,0.3804233765298734,8.542821724671331,3.249889085592224,9.140108428687698,4.221076869142643e-05,42210.76869142643,42210768.691426426,-4.3745767389281545,151.2034421234088,1.618033988749895,0.38196601125010515
0.3320000000000001,0.8546076341804019,0.32593446373469487,0.9146515637385892,0.3813849194633947,8.546076341804017,3.2593446373469486,9.146515637385892,4.3495943399361285e-05,43495.943399361284,43495943.39936128,-4.361551245147073,155.80707398309502,1.618033988749895,0.38196601125010515
0.3330000000000001,0.8549340412859577,0.32687969297573083,0.9152936952855338,0.38234492626361144,8.549340412859577,3.268796929757308,9.152936952855338,4.4824108112454214e-05,44824.10811245421,44824108.11245421,-4.348488343052855,160.56470059242258,1.618033988749895,0.38196601125010515
0.3340000000000001,0.8552613934573935,0.327824595337101,0.9159372339012191,0.3833033945468652,8.552613934573934,3.2782459533710098,9.15937233901219,4.619680619773771e-05,46196.80619773771,46196806.19773771,-4.335388048224056,165.48185045549138,1.618033988749895,0.38196601125010515
0.3350000000000001,0.8555896903673571,0.3287691698739032,0.9165821759790473,0.3842603219456074,8.55589690367357,3.2876916987390317,9.165821759790473,4.7615639746603055e-05,47615.639746603054,47615639.74660306,-4.322250376270264,170.56426243327152,1.618033988749895,0.38196601125010515
0.3360000000000001,0.8559189316875516,0.32971341564156287,0.9172285179142576,0.3852157061083945,8.559189316875516,3.2971341564156287,9.172285179142575,4.9082271922996254e-05,49082.27192299625,49082271.92299625,-4.309075342832067,175.81789415508948,1.618033988749895,0.38196601125010515
0.3370000000000001,0.8562491170887357,0.3306573316958344,0.9178762561039743,0.38616954469988357,8.562491170887357,3.3065733169583438,9.178762561039742,5.0598429409688965e-05,50598.429409688964,50598429.409688964,-4.295862963580983,181.24893078142975,1.618033988749895,0.38196601125010515
0.3380000000000001,0.8565802462407242,0.3316009170928018,0.9185253869472563,0.3871218354008274,8.565802462407241,3.316009170928018,9.185253869472563,5.216590495687822e-05,52165.90495687822,52165904.956878215,-4.282613254219427,186.86379413328876,1.618033988749895,0.38196601125010515
0.3390000000000001,0.8569123188123877,0.3325441708888797,0.9191759068451455,0.388072575908069,8.569123188123877,3.325441708888797,9.191759068451454,5.378656003756724e-05,53786.560037567244,53786560.03756724,-4.269326230480659,192.66915220403018,1.618033988749895,0.38196601125010515
0.3400000000000001,0.8572453344716539,0.33348709214081446,0.919827812200715,0.3890217639345364,8.572453344716537,3.3348709214081445,9.19827812200715,5.5462327614380406e-05,55462.3276143804,55462327.614380404,-4.256001908128708,198.67192907040882,1.618033988749895,0.38196601125010515
0.3410000000000001,0.8575792928855069,0.3344296799056849,0.9204810994191163,0.38996939720923707,8.57579292885507,3.3442967990568486,9.204810994191162,5.719521502266021e-05,57195.21502266021,57195215.02266021,-4.24264030295836,204.8793152201294,1.618033988749895,0.38196601125010515
0.3420000000000001,0.8579141937199887,0.33537193324090325,0.921135764907627,0.3909154734772508,8.579141937199886,3.353719332409032,9.21135764907627,5.898730697494176e-05,58987.30697494176,58987306.97494176,-4.229241430795081,211.2987783141921,1.618033988749895,0.38196601125010515
0.3430000000000001,0.8582500366401982,0.3363138512042163,0.9217918050756978,0.39185999049972453,8.58250036640198,3.363138512042163,9.217918050756978,6.084076869209859e-05,60840.76869209859,60840768.69209859,-4.21580530749498,217.9380744029885,1.618033988749895,0.38196601125010515
0.3440000000000001,0.8585868213102925,0.3372554328537062,0.9224492163349985,0.3928029460538649,8.585868213102925,3.3725543285370616,9.224492163349986,6.275784916671749e-05,62757.84916671749,62757849.16671749,-4.2023319489447655,224.8052596160555,1.618033988749895,0.38196601125010515
0.3450000000000001,0.8589245473934871,0.33819667724779134,0.9231079950994647,0.3937443379329314,8.58924547393487,3.3819667724779134,9.231079950994646,6.474088456450245e-05,64740.88456450245,64740884.56450245,-4.1888213710616835,231.9087023462646,1.618033988749895,0.38196601125010515
0.3460000000000001,0.8592632145520559,0.33913758344522743,0.9237681377853433,0.39468416394622907,8.59263214552056,3.391375834452274,9.237681377853432,6.67923017697684e-05,66792.3017697684,66792301.7697684,-4.175273589793476,239.25709595015545,1.618033988749895,0.38196601125010515
0.3470000000000001,0.8596028224473317,0.3400781505051083,0.9244296408112377,0.395622421919101,8.596028224473317,3.400781505051083,9.244296408112376,6.891462208136407e-05,68914.62208136407,68914622.08136407,-4.161688621118342,246.85947198712324,1.618033988749895,0.38196601125010515
0.3480000000000001,0.8599433707397067,0.3410183774868671,0.9250925005981532,0.3965591096929204,8.599433707397067,3.4101837748686705,9.25092500598153,7.111046506565816e-05,71110.46506565817,71110465.06565815,-4.1480664810448875,254.72521402122277,1.618033988749895,0.38196601125010515
0.3490000000000001,0.8602848590886326,0.34195826345027674,0.9257567135695411,0.3974942251250824,8.602848590886326,3.4195826345027673,9.25756713569541,7.338255257351599e-05,73382.55257351599,73382552.573516,-4.134407185612069,262.86407201040413,1.618033988749895,0.38196601125010515
0.3500000000000001,0.8606272871526212,0.34289780745545145,0.9264222761513434,0.39842776608899566,8.606272871526212,3.4289780745545144,9.264222761513434,7.573371292850936e-05,75733.71292850935,75733712.92850935,-4.120710750889169,271.2861773091238,1.618033988749895,0.38196601125010515
0.3510000000000001,0.8609706545892443,0.34383700856284727,0.9270891847720365,0.3993597304740735,8.609706545892442,3.4383700856284727,9.270891847720364,7.816688529394881e-05,78166.88529394881,78166885.29394881,-4.106977192975732,280.00205831151663,1.618033988749895,0.38196601125010515
0.3520000000000001,0.8613149610551345,0.3447758658332632,0.9277574358626742,0.40029011618572524,8.613149610551345,3.447758658332632,9.277574358626742,8.068512422665372e-05,80685.12422665372,80685124.22665372,-4.093206528001525,289.02265676348225,1.618033988749895,0.38196601125010515
0.3530000000000001,0.8616602062059855,0.345714378327842,0.9284270258569317,0.4012189211453462,8.616602062059854,3.45714378327842,9.284270258569316,8.329160442575235e-05,83291.60442575236,83291604.42575236,-4.079398772126504,298.3593447733898,1.618033988749895,0.38196601125010515
0.3540000000000001,0.8620063896965521,0.3466525451080713,0.9290979511911472,0.4021461432903087,8.62006389696552,3.466525451080713,9.290979511911472,8.598962568518631e-05,85989.62568518631,85989625.68518631,-4.06555394154076,308.0239425524729,1.618033988749895,0.38196601125010515
0.3550000000000001,0.8623535111806508,0.34759036523578435,0.9297702083043653,0.403071780573952,8.623535111806508,3.4759036523578435,9.297702083043653,8.87826180589791e-05,88782.61805897909,88782618.0589791,-4.051672052464476,318.0287369173686,1.618033988749895,0.38196601125010515
0.3560000000000001,0.8627015703111602,0.3485278377731612,0.930443793638378,0.40399583096557223,8.627015703111601,3.485278377731612,9.30443793638378,9.167414724875897e-05,91674.14724875896,91674147.24875897,-4.037753121147898,328.3865005887947,1.618033988749895,0.38196601125010515
0.3570000000000001,0.8630505667400212,0.34946496178272923,0.9311187036377673,0.40491829245041144,8.630505667400211,3.4946496178272923,9.311187036377673,9.466792022346422e-05,94667.92022346423,94667920.22346422,-4.023797163871264,339.1105123219289,1.618033988749895,0.38196601125010515
0.3580000000000001,0.8634005001182373,0.35040173632736465,0.931794934749945,0.4058391630296477,8.634005001182373,3.5040173632736464,9.31794934749945,9.776779108159381e-05,97767.79108159381,97767791.08159381,-4.009804196944803,350.2145779056111,1.618033988749895,0.38196601125010515
0.3590000000000001,0.8637513700958753,0.351338160470293,0.9324724834251953,0.4067584407203833,8.637513700958753,3.51338160470293,9.324724834251953,0.00010097776716689154,100977.76716689154,100977767.16689155,-3.9957742367086557,361.7130520693717,1.618033988749895,0.38196601125010515
0.36,0.8641031763220652,0.35227423327508994,0.9331513461167136,0.4076761235556339,8.641031763220651,3.5227423327508993,9.331513461167136,0.00010430201544880019,104302.01544880019,104302015.44880019,-3.981707299532859,373.6208613388937,1.618033988749895,0.38196601125010515
0.361,0.8644559184450007,0.35320995380568315,0.9338315192806476,0.4085922095843172,8.644559184450006,3.532099538056831,9.338315192806474,0.00010774486917959397,107744.86917959397,107744869.17959397,-3.967603401817298,385.9535278825659,1.618033988749895,0.38196601125010515
0.362,0.8648095961119399,0.35414532112635194,0.9345129993761369,0.40950669687124036,8.648095961119399,3.5414532112635193,9.345129993761368,0.00011131083484062967,111310.83484062967,111310834.84062967,-3.9534625599916495,398.72719439368984,1.618033988749895,0.38196601125010515
0.363,0.865164208969205,0.35508033430172914,0.9351957828653517,0.4104195834970885,8.65164208969205,3.550803343017291,9.351957828653516,0.0001150045993907174,115004.5993907174,115004599.3907174,-3.9392847905153863,411.9586500549114,1.618033988749895,0.38196601125010515
0.364,0.8655197566621833,0.3560149923968016,0.9358798662135326,0.41133086755841214,8.655197566621831,3.560149923968016,9.358798662135325,0.00011883103783027732,118831.03783027732,118831037.83027732,-3.9250701098776912,425.66535763383075,1.618033988749895,0.38196601125010515
0.365,0.8658762388353269,0.35694929447691137,0.9365652458890288,0.41224054716761466,8.658762388353269,3.5694929447691135,9.365652458890287,0.00012279522109550278,122795.22109550278,122795221.09550278,-3.910818534597441,439.8654817607304,1.618033988749895,0.38196601125010515
0.366,0.866233655132154,0.3578832396077564,0.9372519183633364,0.4131486204529391,8.66233655132154,3.578832396077564,9.372519183633363,0.000126902424297481,126902.42429748099,126902424.29748099,-3.89653008122317,454.5779184419778,1.618033988749895,0.38196601125010515
0.367,0.866592005195248,0.3588168268553916,0.9379398801111364,0.41405508555845516,8.66592005195248,3.588168268553916,9.379398801111364,0.00013115813532189267,131158.13532189268,131158135.32189266,-3.8822047663330257,469.8223258650599,1.618033988749895,0.38196601125010515
0.368,0.8669512886662591,0.35975005528622994,0.938629127610332,0.41495994064404584,8.669512886662591,3.597500552862299,9.38629127610332,0.00013556806380564282,135568.06380564283,135568063.8056428,-3.8678426065347367,485.61915655382495,1.618033988749895,0.38196601125010515
0.369,0.8673115051859038,0.36068292396704293,0.939319657342086,0.4158631838853935,8.673115051859037,3.606829239670429,9.393196573420859,0.00014013815050755,140138.15050755,140138150.50755,-3.853443618465575,501.9896909352833,1.618033988749895,0.38196601125010515
0.37,0.8676726543939656,0.361615431964962,0.9400114657908573,0.41676481347396593,8.676726543939655,3.6161543196496195,9.400114657908572,0.0001448745770910206,144874.57709102062,144874577.0910206,-3.839007818792311,518.9560723821826,1.618033988749895,0.38196601125010515
0.371,0.8680347359292953,0.3625475783474792,0.9407045494444379,0.4176648276170023,8.680347359292952,3.625475783474792,9.407045494444379,0.00014978377633747037,149783.77633747036,149783776.33747038,-3.824535224211189,536.5413437985644,1.618033988749895,0.38196601125010515
0.372,0.8683977494298114,0.3634793621824483,0.9413989047939885,0.4185632245374983,8.683977494298114,3.6347936218244827,9.413989047939884,0.00015487244281015377,154872.44281015376,154872442.81015378,-3.810025851447893,554.7694858187309,1.618033988749895,0.38196601125010515
0.373,0.8687616945325004,0.3644107825380855,0.942094528334074,0.41946000247419163,8.687616945325004,3.6441078253808548,9.420945283340739,0.00016014754398897704,160147.54398897704,160147543.98897704,-3.7954797172575034,573.6654566933228,1.618033988749895,0.38196601125010515
0.374,0.8691265708734173,0.3653418384829706,0.9427914165626998,0.42035515968154685,8.691265708734171,3.6534183848297057,9.427914165626998,0.00016561633189784514,165616.33189784514,165616331.89784515,-3.7808968384244572,593.255233939708,1.618033988749895,0.38196601125010515
0.375,0.8694923780876858,0.36627252908604757,0.9434895659813459,0.4212486944297401,8.694923780876858,3.6627252908604757,9.434895659813458,0.0001712863552470946,171286.35524709462,171286355.2470946,-3.7662772317625404,613.5658578374612,1.618033988749895,0.38196601125010515
0.376,0.8698591158094986,0.367202853416626,0.9441889730950022,0.4221406050046435,8.698591158094985,3.6720285341662597,9.44188973095002,0.0001771654721146838,177165.4721146838,177165472.11468378,-3.7516209141148162,634.6254768537298,1.618033988749895,0.38196601125010515
0.377,0.870226783672118,0.36813281054438163,0.9448896344122021,0.42303088970780955,8.70226783672118,3.681328105443816,9.448896344122021,0.00018326186319084554,183261.86319084553,183261863.19084555,-3.7369279023536235,656.4633950869819,1.618033988749895,0.38196601125010515
0.378,0.8705953813078764,0.3690623995393574,0.9455915464450573,0.4239195468564547,8.705953813078763,3.6906239953935738,9.455915464450571,0.00018958404561217023,189584.04561217022,189584045.61217022,-3.7221982133805382,679.1101218221565,1.618033988749895,0.38196601125010515
0.379,0.870964908348176,0.36999161947196435,0.9462947057092909,0.4248065747834434,8.709649083481759,3.6999161947196435,9.462947057092908,0.00019614088741227715,196140.88741227717,196140887.41227716,-3.707431864126314,702.5974232944983,1.618033988749895,0.38196601125010515
0.38,0.8713353644234898,0.3709204694129827,0.9469991087242707,0.4256919718372712,8.713353644234898,3.7092046941298267,9.469991087242708,0.0002029416226174847,202941.62261748468,202941622.6174847,-3.69262887155089,726.9583767638456,1.618033988749895,0.38196601125010515
0.381,0.8717067491633618,0.37184894843356253,0.9477047520130425,0.4265757363820483,8.717067491633617,3.7184894843356253,9.477047520130425,0.00020999586701734647,209995.86701734646,209995867.01734647,-3.677789252643335,752.2274270063618,1.618033988749895,0.38196601125010515
0.382,0.8720790621964073,0.3727770556052249,0.9484116321023621,0.427457866797482,8.720790621964072,3.7277705560522487,9.48411632102362,0.00021731363464124392,217313.63464124393,217313634.64124393,-3.6629130244218135,778.4404453354327,1.618033988749895,0.38196601125010515
0.383,0.8724523031503132,0.37370478999986273,0.9491197455227278,0.4283383614788599,8.724523031503132,3.737047899998627,9.491197455227278,0.0002249053549737566,224905.3549737566,224905354.97375658,-3.64800020393357,805.6347912689465,1.618033988749895,0.38196601125010515
0.384,0.8728264716518388,0.3746321506897417,0.9498290888084127,0.4292172188370319,8.728264716518387,3.746321506897417,9.498290888084126,0.00023278189094311572,232781.89094311572,232781890.9431157,-3.633050808254888,833.8493769658386,1.618033988749895,0.38196601125010515
0.385,0.8732015673268153,0.37555913674750124,0.9505396584974954,0.43009443729839275,8.732015673268153,3.755591367475012,9.505396584974953,0.00024095455771864748,240954.55771864747,240954557.71864748,-3.618064854491064,863.1247345605232,1.618033988749895,0.38196601125010515
0.386,0.8735775898001473,0.3764857472461553,0.951251451131892,0.43097001530486356,8.735775898001473,3.7648574724615527,9.51251451131892,0.0002494351423548712,249435.1423548712,249435142.3548712,-3.603042359776371,893.5030865301327,1.618033988749895,0.38196601125010515
0.387,0.8739545386958124,0.3774119812590935,0.9519644632573868,0.4318439513138738,8.739545386958124,3.7741198125909348,9.519644632573868,0.00025823592432169286,258235.92432169284,258235924.32169285,-3.587983341274035,925.0284192358444,1.618033988749895,0.38196601125010515
0.388,0.8743324136368615,0.37833783786008185,0.9526786914236622,0.432716243798343,8.743324136368615,3.783378378600818,9.526786914236622,0.00026736969696205284,267369.69696205284,267369696.96205285,-3.572887816176217,957.7465597864465,1.618033988749895,0.38196601125010515
0.389,0.87471121424542,0.3792633161232639,0.9533941321843301,0.4335868912466612,8.747112142454199,3.792633161232639,9.533941321843301,0.0002768497899204037,276849.7899204037,276849789.92040366,-3.5577558017039497,991.7052563795195,1.618033988749895,0.38196601125010515
0.39,0.875090940142687,0.3801884151231614,0.9541107820969602,0.43445589216267083,8.750909401426869,3.801884151231614,9.541107820969602,0.00028669009258737584,286690.09258737584,286690092.5873758,-3.542587315107155,1026.9542622827112,1.618033988749895,0.38196601125010515
0.391,0.8754715909489368,0.38111313393467555,0.9548286377231113,0.4353232450656466,8.754715909489367,3.811131339346755,9.548286377231113,0.000296905078608357,296905.078608357,296905078.608357,-3.527382373664577,1063.5454236260623,1.618033988749895,0.38196601125010515
0.392,0.8758531662835186,0.38203747163308743,0.955547695628359,0.4361889484902767,8.758531662835185,3.8203747163308743,9.55547695628359,0.0003075098315058222,307509.8315058222,307509831.5058222,-3.512140994683779,1101.532771183905,1.618033988749895,0.38196601125010515
0.393,0.8762356657648572,0.3829614272940596,0.9562679523823256,0.43705300098664257,8.762356657648573,3.8296142729405958,9.562679523823256,0.0003185200714678308,318520.0714678308,318520071.46783084,-3.496863195501098,1140.9726163340968,1.618033988749895,0.38196601125010515
0.394,0.8766190890104529,0.3838849999936363,0.9569894045587081,0.4379154011201994,8.766190890104529,3.8388499999363628,9.56989404558708,0.00032995218335751277,329952.18335751275,329952183.3575128,-3.4815489934816357,1181.9236513909625,1.618033988749895,0.38196601125010515
0.395,0.8770034356368828,0.384808188808245,0.9577120487353064,0.4387761474717554,8.770034356368827,3.84808188808245,9.577120487353064,0.0003418232460011404,341823.2460011404,341823246.0011404,-3.466198406019222,1224.4470545182714,1.618033988749895,0.38196601125010515
0.396,0.8773887052598001,0.385730992814697,0.9584358814940519,0.43963523863745174,8.773887052598,3.8573099281469703,9.584358814940519,0.0003541510628150971,354151.0628150971,354151062.8150971,-3.4508114505363827,1268.6065994382789,1.618033988749895,0.38196601125010515
0.397,0.8777748974939352,0.38665341109018836,0.9591608994210339,0.4404926732287418,8.777748974939351,3.8665341109018834,9.591608994210338,0.00036695419383500557,366954.1938350056,366954193.8350056,-3.4353881444843335,1314.4687701634557,1.618033988749895,0.38196601125010515
0.398,0.878162011953096,0.3875754427123008,0.9598870991065279,0.4413484498723703,8.78162011953096,3.875754427123008,9.59887099106528,0.00038025198921342945,380251.98921342945,380251989.21342945,-3.41992850534293,1362.1028809888016,1.618033988749895,0.38196601125010515
0.399,0.878550048250168,0.38849708675900285,0.9606144771450223,0.44220256721035195,8.78550048250168,3.8849708675900283,9.606144771450223,0.0003940646242556694,394064.6242556694,394064624.2556694,-3.404432550620661,1411.5812019937755,1.618033988749895,0.38196601125010515
0.4,0.8789390059971149,0.3894183423086505,0.9613430301352446,0.44305502389995055,8.789390059971149,3.894183423086505,9.613430301352444,0.00040841313606671084,408413.13606671087,408413136.0667108,-3.3889002978546183,1462.979090315542,1.618033988749895,0.38196601125010515
0.40100000000000013,0.8793288848049793,0.3903392084399884,0.9620727546801879,0.443905818613657,8.793288848049793,3.903392084399884,9.620727546801879,0.0004233194618858649,423319.4618858649,423319461.8858649,-3.3733317646104615,1516.3751274677136,1.618033988749895,0.38196601125010515
0.402,0.8797196842838819,0.3912596842321502,0.9628036473871371,0.4447549500391676,8.797196842838819,3.9125968423215016,9.62803647387137,0.00043880647918938096,438806.47918938095,438806479.18938094,-3.3577269684824196,1571.8512629921552,1.618033988749895,0.38196601125010515
0.40300000000000014,0.8801114040430237,0.39217976876466054,0.9635357048676946,0.4456024168793626,8.801114040430237,3.921797687646605,9.635357048676946,0.0004548980476453824,454898.0476453824,454898047.6453824,-3.3420859270932293,1629.4929647460035,1.618033988749895,0.38196601125010515
0.404,0.8805040436906846,0.39309946111743466,0.9642689237378048,0.4464482178522828,8.805040436906845,3.9309946111743463,9.642689237378047,0.0004716190530093557,471619.0530093557,471619053.00935566,-3.3264086580941647,1689.3893761399581,1.618033988749895,0.38196601125010515
0.40500000000000014,0.8808976028342254,0.39401876037078054,0.965003300617781,0.44729235169110826,8.808976028342252,3.9401876037078054,9.650033006177809,0.0004889954530531531,488995.4530531531,488995453.05315316,-3.31069517916494,1751.6334806608309,1.618033988749895,0.38196601125010515
0.406,0.8812920810800866,0.3949376656053987,0.9657388321323275,0.4481348171441349,8.812920810800865,3.949376656053987,9.657388321323275,0.0005070543256245133,507054.3256245133,507054325.6245133,-3.294945508013771,1816.322274025835,1.618033988749895,0.38196601125010515
0.40700000000000014,0.8816874780337903,0.3958561759023844,0.9664755149105667,0.44897561297475225,8.816874780337903,3.958561759023844,9.664755149105666,0.0005258239189395186,525823.9189395186,525823918.9395186,-3.2791596623772823,1883.5569443354939,1.618033988749895,0.38196601125010515
0.40800000000000003,0.8820837932999394,0.396774290343227,0.9672133455860612,0.4498147379614193,8.820837932999392,3.9677429034322698,9.672133455860612,0.0005453337042148514,545333.7042148514,545333704.2148514,-3.2633376600205284,1953.4430606079534,1.618033988749895,0.38196601125010515
0.40900000000000014,0.8824810264822186,0.39769200800981247,0.9679523207968391,0.4506521908976427,8.824810264822185,3.9769200800981244,9.67952320796839,0.0005656144307524585,565614.4307524585,565614430.7524586,-3.2474795187369474,2026.0907700980817,1.618033988749895,0.38196601125010515
0.41000000000000003,0.8828791771833949,0.39860932798442295,0.9686924371854163,0.4514879705919515,8.828791771833949,3.9860932798442295,9.686924371854163,0.0005866981835945148,586698.1835945147,586698183.5945147,-3.2315852563483527,2101.6150048236536,1.618033988749895,0.38196601125010515
0.41100000000000014,0.8832782450053177,0.3995262493497388,0.9694336913988206,0.452322075867875,8.832782450053177,3.9952624934973877,9.694336913988206,0.0006086184438725793,608618.4438725794,608618443.8725793,-3.2156548907049065,2180.1356977424157,1.618033988749895,0.38196601125010515
0.41200000000000003,0.8836782295489191,0.40044277118883836,0.9701760800886138,0.45315450556391745,8.83678229548919,4.0044277118883835,9.701760800886138,0.0006314101519808973,631410.1519808973,631410151.9808973,-3.199688439685107,2261.7780090455417,1.618033988749895,0.38196601125010515
0.41300000000000014,0.8840791304142145,0.40135889258520036,0.9709195999109154,0.45398525853353544,8.840791304142144,4.013588925852003,9.709195999109154,0.0006551097737103337,655109.7737103337,655109773.7103337,-3.183685921195748,2346.672563056385,1.618033988749895,0.38196601125010515
0.41400000000000003,0.8844809472003031,0.40227461262270303,0.9716642475264238,0.45481433364511165,8.84480947200303,4.02274612622703,9.716642475264237,0.00067975536948608,679755.3694860799,679755369.4860799,-3.1676473531719225,2434.9556962472734,1.618033988749895,0.38196601125010515
0.41500000000000015,0.8848836795053684,0.4031899303856268,0.9724100196004389,0.455641729781932,8.848836795053684,4.031899303856267,9.72410019600439,0.0007053866668596128,705386.6668596128,705386666.8596128,-3.151572753576981,2526.7697169133794,1.618033988749895,0.38196601125010515
0.41600000000000004,0.8852873269266778,0.4041048449586535,0.973156912802884,0.4564674458421596,8.852873269266777,4.041048449586535,9.73156912802884,0.0007320451364126338,732045.1364126337,732045136.4126338,-3.135462140402534,2622.263177068669,1.618033988749895,0.38196601125010515
0.41700000000000015,0.885691889060584,0.4050193554268692,0.9739049238083266,0.457291480738811,8.85691889060584,4.0501935542686915,9.739049238083265,0.0007597740712388648,759774.0712388648,759774071.2388648,-3.1193155316684114,2721.591157158105,1.618033988749895,0.38196601125010515
0.41800000000000004,0.886097365502525,0.405933460875763,0.9746540492960002,0.4581138333997295,8.86097365502525,4.05933460875763,9.746540492960001,0.0007886186701776318,788618.6701776318,788618670.1776317,-3.103132945422648,2824.9155642091578,1.618033988749895,0.38196601125010515
0.41900000000000015,0.8865037558470245,0.40684716039123,0.975404285949825,0.4589345027675616,8.865037558470243,4.0684716039122995,9.754042859498249,0.000818626124981993,818626.124981993,818626124.981993,-3.086914399741476,2932.405444077269,1.618033988749895,0.38196601125010515
0.42000000000000004,0.8869110596876918,0.4077604530595702,0.9761556304584277,0.4597534877997293,8.869110596876917,4.077604530595702,9.761556304584277,0.0008498457116133528,849845.7116133528,849845711.6133528,-3.070659912729301,3044.237308472819,1.618033988749895,0.38196601125010515
0.42100000000000015,0.8873192766172234,0.4086733379674916,0.9769080795151631,0.46057078746840674,8.873192766172235,4.086733379674916,9.76908079515163,0.0008823288858640846,882328.8858640846,882328885.8640846,-3.054369502518678,3160.595477491493,1.618033988749895,0.38196601125010515
0.42200000000000004,0.8877284062274023,0.4095858142021089,0.9776616298181331,0.46138640076049175,8.877284062274024,4.095858142021089,9.776616298181331,0.0009161293835197997,916129.3835197997,916129383.5197997,-3.038043187270294,3281.672438406123,1.618033988749895,0.38196601125010515
0.42300000000000015,0.888138448109099,0.4104978808509463,0.9784162780702069,0.46220032667758204,8.88138448109099,4.104978808509463,9.784162780702069,0.0009513033252835746,951303.3252835746,951303325.2835746,-3.0216809851729556,3407.6692215163853,1.618033988749895,0.38196601125010515
0.42400000000000004,0.8885494018522716,0.41140953700193683,0.9791720209790401,0.4630125642359466,8.885494018522715,4.114095370019368,9.7917202097904,0.0009879093266956874,987909.3266956874,987909326.6956873,-3.0052829144435678,3538.795793892927,1.618033988749895,0.38196601125010515
0.42499999999999993,0.8889612670459663,0.4123207817434247,0.9799288552570941,0.4638231124665012,8.889612670459663,4.123207817434246,9.79928855257094,0.0010260086132941285,1026008.6132941284,1026008613.2941285,-2.9888489933271174,3675.271471894514,1.618033988749895,0.38196601125010515
0.42600000000000005,0.8893740432783181,0.4132316141641654,0.980686777621655,0.46463197041478066,8.893740432783181,4.132316141641653,9.80686777621655,0.0010656651412735707,1065665.1412735707,1065665141.2735707,-2.9723792400966564,3817.3253533812263,1.618033988749895,0.38196601125010515
0.42699999999999994,0.8897877301365508,0.4141420333533261,0.9814457847948519,0.4654391371409112,8.897877301365508,4.141420333533261,9.814457847948518,0.0011069457239135288,1106945.7239135287,1106945723.9135287,-2.9558736730532864,3965.196770593519,1.618033988749895,0.38196601125010515
0.42800000000000005,0.8902023272069776,0.4150520384004882,0.9822058735036759,0.466244611719585,8.902023272069775,4.150520384004881,9.822058735036759,0.001149920164060178,1149920.164060178,1149920164.060178,-2.939332310526126,4119.135764716116,1.618033988749895,0.38196601125010515
0.42899999999999994,0.8906178340750011,0.41596162839564627,0.982967040479997,0.46704839324003156,8.90617834075001,4.1596162839564625,9.82967040479997,0.0011946613929604806,1194661.3929604806,1194661392.9604807,-2.9227551708723354,4279.403583196549,1.618033988749895,0.38196601125010515
0.43000000000000005,0.891034250325115,0.4168708024292108,0.9837292824605832,0.46785048080599106,8.91034250325115,4.1687080242921075,9.837292824605832,0.001241245615763049,1241245.615763049,1241245615.7630491,-2.906142272477048,4446.273200944657,1.618033988749895,0.38196601125010515
0.43099999999999994,0.8914515755409026,0.41777955959200747,0.9844925961871167,0.46865087353568585,8.914515755409026,4.177795595920075,9.844925961871166,0.0012897524640151964,1289752.4640151963,1289752464.0151963,-2.8894936337534087,4620.029866593161,1.618033988749895,0.38196601125010515
0.43200000000000005,0.8918698093050391,0.4186878989752795,0.985256978406213,0.46944957056179376,8.918698093050391,4.186878989752795,9.85256978406213,0.0013402651555035985,1340265.1555035985,1340265155.5035985,-2.872809273142485,4800.97167506384,1.618033988749895,0.38196601125010515
0.43299999999999994,0.8922889511992905,0.4195958196706873,0.9860224258694352,0.47024657103141876,8.922889511992905,4.195958196706873,9.860224258694352,0.001392870661802173,1392870.661802173,1392870661.802173,-2.856089209113346,4989.410167741769,1.618033988749895,0.38196601125010515
0.43400000000000005,0.8927090008045152,0.4205033207703106,0.9867889353333137,0.47104187410606396,8.927090008045152,4.205033207703106,9.867889353333137,0.0014476598839112795,1447659.8839112795,1447659883.9112794,-2.8393334601629623,5185.670961633531,1.618033988749895,0.38196601125010515
0.43499999999999994,0.8931299577006634,0.421410401366648,0.98755650355936,0.47183547896160216,8.931299577006634,4.214104013666479,9.875565035593599,0.0015047278363898352,1504727.8363898352,1504727836.3898351,-2.8225420448162524,5390.094408947945,1.618033988749895,0.38196601125010515
0.43600000000000005,0.8935518214667784,0.4223170605526193,0.9883251273140848,0.4726273847882484,8.935518214667782,4.223170605526192,9.883251273140848,0.001564173840404425,1564173.840404425,1564173840.404425,-2.805714981626015,5603.036288618419,1.618033988749895,0.38196601125010515
0.43699999999999994,0.8939745916809962,0.42322329742156506,0.9890948033690129,0.47341759079053003,8.939745916809962,4.23223297421565,9.890948033690128,0.0016261017261395535,1626101.7261395534,1626101726.1395535,-2.7888522891729717,5824.868531357901,1.618033988749895,0.38196601125010515
0.43800000000000006,0.8943982679205471,0.4241291110672489,0.9898655285006998,0.47420609618725906,8.94398267920547,4.241291110672488,9.898655285006997,0.0016906200450375638,1690620.045037564,1690620045.0375638,-2.7719539860656828,6055.97997992473,1.618033988749895,0.38196601125010515
0.43899999999999995,0.8948228497617544,0.4250345005838567,0.990637299490745,0.47499290021150187,8.948228497617544,4.250345005838567,9.90637299490745,0.0017578422923589365,1757842.2923589365,1757842292.3589365,-2.755020090940626,6296.7771863572,1.618033988749895,0.38196601125010515
0.44000000000000006,0.8952483367800367,0.42593946506599967,0.9914101131258103,0.4757780021105511,8.952483367800367,4.2593946506599965,9.914101131258102,0.0018278871405812563,1827887.1405812562,1827887140.5812564,-2.7380506224620915,6547.685248033358,1.618033988749895,0.38196601125010515
0.44099999999999995,0.8956747285499066,0.4268440036087128,0.9921839661976319,0.4765614011458951,8.956747285499066,4.268440036087127,9.92183966197632,0.0019008786841792455,1900878.6841792455,1900878684.1792455,-2.7210455993222187,6809.148684499004,1.618033988749895,0.38196601125010515
0.44200000000000006,0.8961020246449728,0.4277481153074581,0.9929588555030374,0.4773430965931897,8.961020246449728,4.27748115307458,9.929588555030374,0.0019769466963583423,1976946.6963583424,1976946696.3583424,-2.7040050402409657,7081.632357114541,1.618033988749895,0.38196601125010515
0.44299999999999995,0.8965302246379389,0.4286517992581235,0.9937347778439576,0.4781230877422268,8.965302246379387,4.286517992581235,9.937347778439575,0.002056226898342517,2056226.8983425172,2056226898.3425171,-2.686928963966122,7365.622433672449,1.618033988749895,0.38196601125010515
0.44400000000000006,0.8969593281006051,0.42955505455702564,0.9945117300274432,0.4789013738969062,8.96959328100605,4.295550545570256,9.94511730027443,0.00213886124184904,2138861.24184904,2138861241.84904,-2.669817389273249,7661.627400251801,1.618033988749895,0.38196601125010515
0.44499999999999995,0.8973893346038678,0.4304578803009088,0.995289708865677,0.47967795437520405,8.973893346038677,4.304578803009088,9.95289708865677,0.0022249982054144395,2224998.2054144396,2224998205.4144397,-2.6526703349657104,7970.179122689218,1.618033988749895,0.38196601125010515
0.44600000000000006,0.897820243717721,0.43136027558694773,0.9960687111759887,0.4804528285091436,8.97820243717721,4.313602755869477,9.960687111759887,0.0023147931052717218,2314793.1052717217,2314793105.271722,-2.6354878198746325,8291.833960173986,1.618033988749895,0.38196601125010515
0.44699999999999995,0.898252055011255,0.4322622395127468,0.9968487337808671,0.48122599564476426,8.98252055011255,4.322622395127468,9.968487337808671,0.002408408421513893,2408408.421513893,2408408421.513893,-2.6182698628589196,8627.173933600312,1.618033988749895,0.38196601125010515
0.44800000000000006,0.8986847680526591,0.4331637711763426,0.9976297735079745,0.48199745514209164,8.98684768052659,4.331637711763426,9.976297735079745,0.002506014140318252,2506014.1403182517,2506014140.3182516,-2.6010164828052114,8976.807951450979,1.618033988749895,0.38196601125010515
0.44899999999999995,0.8991183824092198,0.43406486967620306,0.9984118271901586,0.48276720637510573,8.991183824092198,4.34064869676203,9.984118271901586,0.0026077881130449156,2607788.1130449157,2607788113.0449157,-2.5837276986278934,9341.373096126279,1.618033988749895,0.38196601125010515
0.45000000000000007,0.8995528976473232,0.4349655341112303,0.9991948916654665,0.48353524873171155,8.995528976473231,4.349655341112302,9.991948916654664,0.002713916433066559,2713916.433066559,2713916433.066559,-2.566403529269067,9721.53597378803,1.618033988749895,0.38196601125010515
0.45099999999999996,0.8999883133324538,0.4358657635807594,0.9999789637771554,0.48430158161370646,8.999883133324538,4.358657635807594,9.999789637771554,0.0028245938312300716,2824593.8312300714,2824593831.2300715,-2.5490439936985543,10117.994130945097,1.618033988749895,0.38196601125010515
0.45200000000000007,0.9004246290291961,0.4367655571845615,1.0007640403737066,0.4850662044367508,9.00424629029196,4.3676555718456145,10.007640403737065,0.002940024090898546,2940024.090898546,2940024090.8985457,-2.5316491109138846,10531.477541177737,1.618033988749895,0.38196601125010515
0.45299999999999996,0.9008618443012344,0.4376649140228426,1.0015501183088362,0.4858291166303344,9.008618443012343,4.376649140228426,10.015501183088361,0.0030604204835712606,3060420.4835712607,3060420483.5712605,-2.514218899940271,10962.750165574496,1.618033988749895,0.38196601125010515
0.45400000000000007,0.9012999587113535,0.4385638331962463,1.0023371944415074,0.4865903176377476,9.012999587113534,4.385638331962463,10.023371944415073,0.0031860062261312816,3186006.2261312813,3186006226.1312814,-2.496753379830613,11412.611590641516,1.618033988749895,0.38196601125010515
0.45499999999999996,0.9017389718214389,0.4394623138058532,1.0031252656359424,0.48734980691604723,9.017389718214389,4.394623138058532,10.031252656359424,0.003317014960825937,3317014.9608259373,3317014960.8259373,-2.479252569665475,11881.898747643418,1.618033988749895,0.38196601125010515
0.45600000000000007,0.9021788831924777,0.4403603549531831,1.0039143287616328,0.48810758393602666,9.021788831924777,4.403603549531831,10.039143287616326,0.003453691259142481,3453691.259142481,3453691259.142481,-2.461716488553095,12371.487717539263,1.618033988749895,0.38196601125010515
0.45699999999999996,0.9026196923845585,0.44125795574019455,1.0047043806933513,0.4888636481821824,9.026196923845585,4.412579557401945,10.047043806933512,0.0035962911508035864,3596291.1508035865,3596291150.8035865,-2.4441451556293408,12882.295625900424,1.618033988749895,0.38196601125010515
0.4580000000000001,0.9030613989568722,0.44215511526928725,1.0054954183111626,0.4896179991526837,9.030613989568721,4.421551152692873,10.054954183111626,0.003745082679169875,3745082.679169875,3745082679.169875,-2.426538590057736,13415.282632421235,1.618033988749895,0.38196601125010515
0.45899999999999996,0.903504002467712,0.4430518326433013,1.0062874385004332,0.4903706363593385,9.03504002467712,4.430518326433012,10.062874385004331,0.0039003464844063977,3900346.4844063977,3900346484.406398,-2.4088968110294386,13971.454019883058,1.618033988749895,0.38196601125010515
0.4600000000000001,0.9039475024744749,0.44394810696551984,1.0070804381518437,0.4911215593275626,9.039475024744748,4.439481069655198,10.070804381518435,0.0040623764158405195,4062376.4158405196,4062376415.8405194,-2.391219837763198,14551.86238768507,1.618033988749895,0.38196601125010515
0.46099999999999997,0.9043918985336604,0.4448439373396682,1.007874414161396,0.49187076759634596,9.043918985336603,4.448439373396682,10.07874414161396,0.004231480175012884,4231480.175012884,4231480175.0128837,-2.373507689505407,15157.609955320882,1.618033988749895,0.38196601125010515
0.4620000000000001,0.9048371902008728,0.4457393228699165,1.0086693634304267,0.49261826071822146,9.048371902008729,4.457393228699165,10.086693634304266,0.004407979991005634,4407979.991005634,4407979991.005633,-2.355760385530038,15789.850981475724,1.618033988749895,0.38196601125010515
0.46299999999999997,0.9052833770308204,0.44663426266087886,1.0094652828656137,0.49336403825923025,9.052833770308203,4.466342626608788,10.094652828656136,0.004592213329711935,4592213.3297119355,4592213329.711935,-2.3379779451386713,16449.794304704963,1.618033988749895,0.38196601125010515
0.4640000000000001,0.9057304585773166,0.447528755817616,1.0102621693789884,0.4941080997988909,9.057304585773165,4.475287558176159,10.102621693789883,0.004784533638802591,4784533.638802591,4784533638.802591,-2.3201603876604397,17138.706011983384,1.618033988749895,0.38196601125010515
0.46499999999999997,0.9061784343932794,0.4484228014456344,1.011060019887942,0.4948504449301647,9.061784343932793,4.484228014456344,10.11060019887942,0.004985311130234839,4985311.130234838,4985311130.2348385,-2.302307732452103,17857.91224173454,1.618033988749895,0.38196601125010515
0.4660000000000001,0.9066273040307335,0.4493163986508889,1.0118588313152388,0.49559107325942353,9.066273040307335,4.493163986508889,10.118588313152387,0.005194933602251985,5194933.602251985,5194933602.251985,-2.284419998897921,18608.80212832048,1.618033988749895,0.38196601125010515
0.46699999999999997,0.9070770670408091,0.45020954653978207,1.0126586005890201,0.4963299844064157,9.070770670408091,4.5020954653978205,10.1265860058902,0.005413807302917905,5413807.302917905,5413807302.917905,-2.2664972064097646,19392.830895313713,1.618033988749895,0.38196601125010515
0.4680000000000001,0.9075277229737433,0.45110224421916634,1.0134593246428176,0.49706717800423345,9.075277229737432,4.511022442191663,10.134593246428176,0.005642357837349035,5642357.837349036,5642357837.349035,-2.2485393744270077,20211.52310529829,1.618033988749895,0.38196601125010515
0.469,0.90797927137888,0.45199449079634385,1.0142610004155577,0.4978026536992785,9.0797927137888,4.519944907963438,10.142610004155577,0.0058810311209118084,5881031.120911809,5881031120.911808,-2.230546522416614,21066.476074323884,1.618033988749895,0.38196601125010515
0.4700000000000001,0.9084317118046712,0.4528862853790684,1.0150636248515734,0.49853641115122904,9.08431711804671,4.528862853790684,10.150636248515733,0.006130294380784183,6130294.380784184,6130294380.7841835,-2.2125186698730324,21959.363459605265,1.618033988749895,0.38196601125010515
0.471,0.9088850437986761,0.4537776270755451,1.01586719490061,0.49926845003300524,9.08885043798676,4.537776270755451,10.158671949006099,0.006390637208398551,6390637.208398552,6390637208.398551,-2.1944558363182476,22891.93902948417,1.618033988749895,0.38196601125010515
0.4720000000000001,0.9093392669075631,0.4546685149944327,1.0166717075178333,0.49999877003073606,9.09339266907563,4.546685149944327,10.166717075178333,0.006662572665425532,6662572.665425532,6662572665.425531,-2.176358041301771,23866.040625180372,1.618033988749895,0.38196601125010515
0.473,0.9097943806771087,0.45555894824484305,1.0174771596638381,0.5007273708437242,9.097943806771086,4.55558948244843,10.174771596638381,0.006946638446096808,6946638.446096808,6946638446.0968075,-2.15822530440062,24883.59432435511,1.618033988749895,0.38196601125010515
0.4740000000000001,0.9102503846521998,0.4564489259363433,1.018283548304655,0.5014542521844132,9.102503846521998,4.564489259363433,10.18283548304655,0.007243398098815849,7243398.098815848,7243398098.815848,-2.1400576452193043,25946.618817050035,1.618033988749895,0.38196601125010515
0.475,0.9107072783768319,0.45733844717895544,1.019090870411758,0.5021794137783515,9.107072783768318,4.573384471789554,10.19090870411758,0.007553442310163619,7553442.310163619,7553442310.163619,-2.121855083389817,27057.230005131583,1.618033988749895,0.38196601125010515
0.4760000000000001,0.9111650613941115,0.45822751108315873,1.0198991229620709,0.5029028553641599,9.111650613941114,4.582275110831587,10.198991229620708,0.00787739025457282,7877390.254572819,7877390254.572819,-2.1036176385716643,28217.645836966993,1.618033988749895,0.38196601125010515
0.477,0.9116237332462557,0.45911611675988895,1.0207083029379747,0.5036245766934948,9.116237332462557,4.591161167598889,10.207083029379746,0.008215891013123365,8215891.013123365,8215891013.123364,-2.0853453304518035,29430.19138969992,1.618033988749895,0.38196601125010515
0.4780000000000001,0.9120832934745926,0.46000426332054084,1.0215184073273145,0.5043445775310157,9.120832934745925,4.600042633205408,10.215184073273145,0.008569625065092014,8569625.065092014,8569625065.092014,-2.0670381787446717,30697.304212139097,1.618033988749895,0.38196601125010515
0.479,0.912543741619562,0.4608919498769675,1.0223294331234052,0.5050628576543487,9.12543741619562,4.608919498769675,10.223294331234051,0.008939305856090632,8939305.856090631,8939305856.090631,-2.04869620319218,32021.539941995612,1.618033988749895,0.38196601125010515
0.4800000000000001,0.9130050772207159,0.46177917554148296,1.0231413773250386,0.5057794168540526,9.130050772207158,4.617791755414829,10.231413773250386,0.00932568144683243,9325681.44683243,9325681446.83243,-2.0303194235636735,33405.57821193812,1.618033988749895,0.38196601125010515
0.481,0.9134672998167186,0.46266593942686113,1.0239542369364887,0.5064942549335834,9.134672998167185,4.626659394268611,10.239542369364885,0.00972953624678127,9729536.24678127,9729536246.78127,-2.0119078596559774,34852.2288597082,1.618033988749895,0.38196601125010515
0.4820000000000001,0.9139304089453476,0.46355224064633865,1.0247680089675182,0.5072073717092597,9.139304089453475,4.635522406463386,10.247680089675182,0.010151692837176238,10151692.83717624,10151692837.176239,-1.9934615312933293,36364.438458387376,1.618033988749895,0.38196601125010515
0.483,0.9143944041434938,0.46443807831361394,1.0255826904333836,0.5079187670102263,9.143944041434938,4.644380783136139,10.255826904333835,0.010593013888157452,10593013.888157452,10593013888.157452,-1.9749804583274366,37945.29718374467,1.618033988749895,0.38196601125010515
0.4840000000000001,0.9148592849471622,0.4653234515428498,1.026398278354842,0.5086284406784204,9.14859284947162,4.6532345154284975,10.26398278354842,0.011054404174986848,11054404.174986849,11054404174.986849,-1.9564646606374028,39598.046036552965,1.618033988749895,0.38196601125010515
0.485,0.9153250508914718,0.4662083594486727,1.0272147697581544,0.5093363925685348,9.153250508914716,4.662083594486727,10.272147697581543,0.0115368126986165,11536812.698616501,11536812698.6165,-1.9379141581297874,41326.08443868921,1.618033988749895,0.38196601125010515
0.4860000000000001,0.9157917015106568,0.46709280114617524,1.028032161675093,0.5100426225479832,9.157917015106568,4.670928011461752,10.280321616750928,0.012041234916155488,12041234.916155487,12041234916.155487,-1.9193289707385444,43132.97822290285,1.618033988749895,0.38196601125010515
0.487,0.9162592363380665,0.46797677575091534,1.028850451142944,0.5107471304968639,9.162592363380664,4.679767757509153,10.288504511429439,0.012568715087076293,12568715.087076293,12568715087.076294,-1.9007091184250642,45022.46803717551,1.618033988749895,0.38196601125010515
0.4880000000000001,0.9167276549061664,0.46886028237891886,1.029669635204515,0.5114499163079247,9.167276549061663,4.688602823789188,10.29669635204515,0.013120348741331576,13120348.741331577,13120348741.331577,-1.8820546211781157,46998.478185776636,1.618033988749895,0.38196601125010515
0.489,0.9171969567465376,0.4697433201466789,1.0304897109081368,0.5121509798865261,9.171969567465375,4.697433201466789,10.304897109081367,0.013697285275877212,13697285.275877211,13697285275.877213,-1.863365499013902,49065.12593028382,1.618033988749895,0.38196601125010515
0.4900000000000001,0.9176671413898786,0.47062588817115814,1.0313106753076702,0.5128503211506064,9.176671413898786,4.706258881711581,10.3131067530767,0.01430073068646568,14300730.68646568,14300730686.465681,-1.8446417719759909,51226.731275155995,1.618033988749895,0.38196601125010515
0.491,0.9181382083660046,0.4715079855697882,1.0321325254625089,0.5135479400306444,9.181382083660045,4.715079855697882,10.321325254625089,0.014931950441935175,14931950.441935176,14931950441.935175,-1.8258834601353529,53487.82726374124,1.618033988749895,0.38196601125010515
0.4920000000000001,0.9186101572038489,0.4723896114604722,1.0329552584375838,0.5142438364696246,9.186101572038488,4.723896114604722,10.329552584375838,0.015592272508627401,15592272.508627402,15592272508.627401,-1.8070905835903488,55853.17081206158,1.618033988749895,0.38196601125010515
0.493,0.9190829874314623,0.47327076496158393,1.0337788713033673,0.5149380104229996,9.190829874314623,4.732707649615839,10.337788713033673,0.0162830905329796,16283090.532979602,16283090532.9796,-1.7882631624667127,58327.75410919451,1.618033988749895,0.38196601125010515
0.4940000000000001,0.9195566985760151,0.4741514451919703,1.0346033611358771,0.5156304618586546,9.19556698576015,4.741514451919702,10.34603361135877,0.017005867190778658,17005867.190778658,17005867190.778658,-1.7694012169175424,60916.81661465577,1.618033988749895,0.38196601125010515
0.495,0.9200312901637958,0.4750316512709508,1.0354287250166787,0.5163211907568704,9.200312901637957,4.7503165127095075,10.354287250166786,0.017762137712031237,17762137.712031238,17762137712.03124,-1.7505047671233216,63625.85768485739,1.618033988749895,0.38196601125010515
0.4960000000000001,0.9205067617202132,0.4759113823183198,1.0362549600328905,0.5170101971102874,9.20506761720213,4.759113823183198,10.362549600328904,0.01855351359090111,18553513.59090111,18553513590.90111,-1.7315738332918835,66460.64986249586,1.618033988749895,0.38196601125010515
0.497,0.9209831127697954,0.47679063745434597,1.037082063277185,0.5176974809238682,9.209831127697953,4.767906374543459,10.370820632771851,0.019381686490677123,19381686.490677122,19381686490.677124,-1.712608435658437,69427.25286456088,1.618033988749895,0.38196601125010515
0.4980000000000001,0.9214603428361916,0.4776694157997746,1.0379100318477945,0.5183830422148619,9.214603428361915,4.7766941579977455,10.379100318477944,0.02024843235429489,20248432.35429489,20248432354.294888,-1.6936085944855284,72532.0283066592,1.618033988749895,0.38196601125010515
0.499,0.9219384514421718,0.47854771647582706,1.0387388628485112,0.5190668810127654,9.219384514421717,4.78547716475827,10.387388628485112,0.021155615731506344,21155615.731506344,21155615731.506344,-1.6745743300630551,75781.655203394,1.618033988749895,0.38196601125010515
0.5000000000000001,0.9224174381096274,0.4794255386042031,1.0395685533886925,0.5197489973592893,9.224174381096274,4.794255386042031,10.395685533886924,0.022105194334412274,22105194.334412273,22105194334.412273,-1.6555056627082585,79183.1462867648,1.618033988749895,0.38196601125010515
0.501,0.9228973023595717,0.4803028813070803,1.0403991005832607,0.5204293913083177,9.228973023595715,4.803028813070803,10.403991005832607,0.023099223833716813,23099223.833716813,23099223833.716812,-1.6364026127657354,82743.86518685872,1.618033988749895,0.38196601125010515
0.5020000000000001,0.9233780437121406,0.4811797437071164,1.041230501552709,0.5211080629258737,9.233780437121405,4.811797437071164,10.412305015527089,0.02413986290875342,24139862.90875342,24139862908.75342,-1.6172652006073922,86471.54452157822,1.618033988749895,0.38196601125010515
0.503,0.9238596616865926,0.4820561249274487,1.0420627534231004,0.5217850122900809,9.238596616865925,4.820561249274487,10.420627534231004,0.02522937856504442,25229378.56504442,25229378565.044422,-1.5980934466324799,90374.3049447023,1.618033988749895,0.38196601125010515
0.5040000000000001,0.9243421558013101,0.48293202409169644,1.0428958533260722,0.5224602394911263,9.2434215580131,4.829320240916964,10.42895853326072,0.02637015173393516,26370151.733935162,26370151733.93516,-1.5788873712675755,94460.67520436885,1.618033988749895,0.38196601125010515
0.505,0.9248255255737987,0.48380744032396017,1.043729798398836,0.523133744631223,9.248255255737986,4.8380744032396015,10.43729798398836,0.027564683169641623,27564683.16964162,27564683169.641624,-1.5596469949665774,98739.6132669235,1.618033988749895,0.38196601125010515
0.5060000000000001,0.9253097705206889,0.48468237274882403,1.044564585784182,0.5238055278245731,9.253097705206889,4.84682372748824,10.44564585784182,0.028815599659909208,28815599.659909207,28815599659.909206,-1.5403723382106913,103220.52856415686,1.618033988749895,0.38196601125010515
0.507,0.9257948901577355,0.4855568204913554,1.0454002126304776,0.5244755891973296,9.257948901577354,4.855568204913554,10.454002126304776,0.030125660567378563,30125660.567378562,30125660567.378563,-1.5210634215084549,107913.30542516951,1.618033988749895,0.38196601125010515
0.5080000000000001,0.9262808839998193,0.4864307826771069,1.0462366760916717,0.5251439288875595,9.262808839998193,4.864307826771069,10.462366760916716,0.03149776471971867,31497764.719718672,31497764719.71867,-1.5017202653956965,112828.32775755801,1.618033988749895,0.38196601125010515
0.509,0.9267677515609462,0.48730425843211606,1.0470739733272936,0.5258105470452054,9.267677515609462,4.87304258432116,10.470739733272936,0.03293495766757947,32934957.667579472,32934957667.57947,-1.4823428904355676,117976.50504616968,1.618033988749895,0.38196601125010515
0.5100000000000001,0.9272554923542489,0.4881772468829076,1.047912101502457,0.5264754438320483,9.272554923542488,4.881772468829076,10.47912101502457,0.03444043933050262,34440439.33050262,34440439330.502625,-1.4629313172184968,123369.2997415643,1.618033988749895,0.38196601125010515
0.511,0.9277441058919863,0.48904974715649274,1.0487510577878578,0.5271386194216694,9.277441058919862,4.890497471564927,10.487510577878577,0.03601757205203237,36017572.05203237,36017572052.03237,-1.4434855663622377,129018.75611427407,1.618033988749895,0.38196601125010515
0.5120000000000001,0.9282335916855452,0.48992175838037166,1.0495908393597777,0.527800073999413,9.282335916855452,4.899217583803717,10.495908393597777,0.037669889086487864,37669889.08648787,37669889086.48786,-1.424005658511816,134937.5306553205,1.618033988749895,0.38196601125010515
0.513,0.9287239492454398,0.4907932796825329,1.0504314434000837,0.5284598077623471,9.287239492454397,4.907932796825329,10.504314434000836,0.039401103541088583,39401103.54108858,39401103541.088585,-1.40449161433956,141138.92410785425,1.618033988749895,0.38196601125010515
0.5140000000000001,0.9292151780813126,0.49166431019145546,1.0512728670962288,0.5291178209192269,9.292151780813125,4.916643101914555,10.512728670962288,0.04121511779848208,41215117.79848208,41215117798.48208,-1.384943454545072,147636.91521964717,1.618033988749895,0.38196601125010515
0.515,0.9297072777019346,0.49253484903610867,1.0521151076412525,0.5297741136904556,9.297072777019345,4.9253484903610865,10.521151076412524,0.043116033446110855,43116033.44611085,43116033446.110855,-1.3653611998552553,154446.19631113554,1.618033988749895,0.38196601125010515
0.5160000000000001,0.9302002476152065,0.49340489534595405,1.0529581622337818,0.5304286863080471,9.302002476152063,4.93404895345954,10.529581622337817,0.045108161740365846,45108161.74036585,45108161740.365845,-1.345744871024267,161582.2107591257,1.618033988749895,0.38196601125010515
0.517,0.9306940873281582,0.494274448250945,1.05380202807803,0.5310815390155866,9.306940873281581,4.9427444825094495,10.5380202807803,0.047196034635021415,47196034.63502142,47196034635.021416,-1.3260944888335606,169061.19250181568,1.618033988749895,0.38196601125010515
0.5180000000000001,0.9311887963469503,0.4951435068815291,1.0546467023837987,0.5317326720681939,9.311887963469502,4.95143506881529,10.546467023837986,0.04938441640514541,49384416.405145414,49384416405.14541,-1.3064100740918447,176900.20767687156,1.618033988749895,0.38196601125010515
0.519,0.9316843741768734,0.49601207036864736,1.0554921823664751,0.5323820857324834,9.316843741768734,4.960120703686473,10.55492182366475,0.05167831589940587,51678315.899405874,51678315899.40587,-1.286691647635114,185117.1985104874,1.618033988749895,0.38196601125010515
0.5200000000000001,0.9321808203223502,0.4968801378437368,1.0563384652470347,0.533029780286527,9.321808203223501,4.968801378437368,10.563384652470345,0.05408299945559076,54082999.45559076,54082999455.59076,-1.2669392303266171,193731.02958214388,1.618033988749895,0.38196601125010515
0.521,0.9326781342869342,0.4977477084387296,1.0571855482520385,0.5336757560198144,9.326781342869342,4.977477084387296,10.571855482520384,0.056604004516101265,56604004.51610126,56604004516.101265,-1.2471528430568646,202761.53659674712,1.618033988749895,0.38196601125010515
0.5220000000000001,0.9331763155733118,0.4986147812860557,1.0580334286136344,0.534320013233216,9.331763155733118,4.9861478128605565,10.580334286136344,0.05924715398228249,59247153.98228249,59247153982.282486,-1.2273325067436196,212229.5778033605,1.618033988749895,0.38196601125010515
0.523,0.9336753636833014,0.4994813555186418,1.0588821035695546,0.5349625522389425,9.336753636833013,4.9948135551864175,10.588821035695545,0.062018571348647675,62018571.34864768,62018571348.647675,-1.2074782423319266,222157.08820759825,1.618033988749895,0.38196601125010515
0.5240000000000001,0.9341752781178553,0.5003474302699142,1.0597315703631174,0.5356033733605082,9.341752781178553,5.003474302699142,10.597315703631173,0.06492469666041022,64924696.66041022,64924696660.41022,-1.1875900707940428,232567.13673319432,1.618033988749895,0.38196601125010515
0.525,0.9346760583770588,0.5012130046737979,1.0605818262432236,0.5362424769326903,9.346760583770587,5.012130046737979,10.605818262432235,0.0679723033401575,67972303.3401575,67972303340.15749,-1.1676680131295056,243483.98649692957,1.618033988749895,0.38196601125010515
0.5260000000000001,0.9351777039601319,0.5020780778647188,1.0614328684643577,0.5368798633014921,9.351777039601318,5.020780778647188,10.614328684643576,0.0711685159321801,71168515.93218009,71168515932.1801,-1.1477120903650793,254933.1583706974,1.618033988749895,0.38196601125010515
0.527,0.9356802143654288,0.5029426489776035,1.0622846942865851,0.5375155328241021,9.356802143654287,5.029426489776035,10.62284694286585,0.07452082881566871,74520828.81566872,74520828815.66872,-1.1277223235547837,266941.4980141563,1.618033988749895,0.38196601125010515
0.5280000000000001,0.9361835890904395,0.5038067171478814,1.0631373009755525,0.538149485868857,9.361835890904395,5.038067171478813,10.631373009755524,0.07803712594096854,78037125.94096854,78037125940.96854,-1.1076987337798612,279537.2465720822,1.618033988749895,0.38196601125010515
0.529,0.936687827631789,0.5046702815114839,1.0639906858024841,0.5387817228152015,9.36687827631789,5.0467028151148385,10.63990685802484,0.08172570164613004,81725701.64613004,81725701646.13004,-1.0876413421488238,292750.1152414576,1.618033988749895,0.38196601125010515
0.5300000000000001,0.9371929294852391,0.505533341204847,1.0648448460441835,0.5394122440536501,9.371929294852391,5.05533341204847,10.648448460441834,0.08559528261433168,85595282.61433168,85595282614.33168,-1.067550169797372,306611.36392528366,1.618033988749895,0.38196601125010515
0.531,0.9376988941456876,0.506395895364911,1.0656997789830283,0.5400410499857471,9.376988941456876,5.06395895364911,10.656997789830282,0.08965505103612763,89655051.03612763,89655051036.12762,-1.0474252378884823,321153.88420220406,1.618033988749895,0.38196601125010515
0.5320000000000001,0.9382057211071703,0.507257943129122,1.0665554819069718,0.5406681410240286,9.382057211071702,5.07257943129122,10.665554819069717,0.09391466904426192,93914669.04426192,93914669044.26192,-1.0272665676123147,336412.286854596,1.618033988749895,0.38196601125010515
0.533,0.9387134098628599,0.5081194836354319,1.0674119521095384,0.5412935175919826,9.387134098628598,5.081194836354319,10.674119521095383,0.0983843044925434,98384304.4925434,98384304492.5434,-1.0070741801862912,352422.99421122926,1.618033988749895,0.38196601125010515
0.5340000000000001,0.939221959905068,0.5089805160223008,1.0682691868898235,0.5419171801240104,9.392219599050678,5.089805160223007,10.682691868898235,0.10307465815451854,103074658.15451853,103074658154.51854,-0.9868480968550293,369224.33757579164,1.618033988749895,0.38196601125010515
0.535,0.9397313707252444,0.5098410394286959,1.06912718355249,0.5425391290653864,9.397313707252444,5.098410394286958,10.6912718355249,0.10799699242191682,107996992.42191683,107996992421.91682,-0.9665883388903919,386856.66002775874,1.618033988749895,0.38196601125010515
0.5360000000000001,0.9402416418139784,0.5107010529940941,1.0699859394077673,0.5431593648722202,9.402416418139783,5.107010529940941,10.699859394077672,0.11316316158755452,113163161.58755451,113163161587.55452,-0.9462949275914314,405362.4248989609,1.618033988749895,0.38196601125010515
0.537,0.9407527726609989,0.5115605558584818,1.0708454517714476,0.543777888011416,9.407527726609988,5.115605558584818,10.708454517714475,0.11858564380216736,118585643.80216737,118585643802.16736,-0.9259678842844364,424786.3302463411,1.618033988749895,0.38196601125010515
0.5380000000000001,0.9412647627551752,0.5124195471623564,1.0717057179648855,0.5443946989606342,9.412647627551753,5.124195471623564,10.717057179648855,0.12427757479990553,124277574.79990554,124277574799.90553,-0.9056072303228826,445175.42966024845,1.618033988749895,0.38196601125010515
0.539,0.9417776115845171,0.5132780260467263,1.0725667353149926,0.5450097982082511,9.41777611584517,5.132780260467263,10.725667353149925,0.13025278349259747,130252783.49259748,130252783492.59747,-0.8852129870874872,466579.2597668592,1.618033988749895,0.38196601125010515
0.5400000000000001,0.942291318636176,0.5141359916531132,1.0734285011542377,0.5456231862533205,9.42291318636176,5.1413599165311314,10.734285011542376,0.13652582953879647,136525829.53879645,136525829538.79646,-0.8647851759861394,489049.974804479,1.618033988749895,0.38196601125010515
0.541,0.9428058833964447,0.5149934431235511,1.074291012820642,0.5462348636055331,9.428058833964446,5.14993443123551,10.74291012820642,0.14311204299963212,143112042.99963212,143112042999.6321,-0.8443238184539456,512642.48867500114,1.618033988749895,0.38196601125010515
0.5420000000000001,0.9433213053507586,0.515850379600589,1.0751542676577772,0.5468448307851782,9.433213053507586,5.158503796005889,10.751542676577772,0.15002756620010402,150027566.20010403,150027566200.104,-0.8238289359532139,537414.6248954919,1.618033988749895,0.38196601125010515
0.543,0.9438375839836957,0.5167068002272901,1.0760182630147614,0.5474530883231028,9.438375839836956,5.1670680022729005,10.760182630147614,0.1572893979212622,157289397.9212622,157289397921.2622,-0.8033005499734676,563427.2748992597,1.618033988749895,0.38196601125010515
0.5440000000000002,0.9443547187789776,0.5175627041472342,1.0768829962462585,0.5480596367606733,9.443547187789775,5.1756270414723415,10.768829962462585,0.16491544005607559,164915440.05607557,164915440056.0756,-0.7827386820313786,590744.5651621148,1.618033988749895,0.38196601125010515
0.545,0.9448727092194693,0.518418090504517,1.0777484647124715,0.5486644766497346,9.448727092194693,5.18418090504517,10.777484647124714,0.17292454686939104,172924546.86939105,172924546869.39105,-0.7621433536708566,619434.0336567579,1.618033988749895,0.38196601125010515
0.5460000000000002,0.9453915547871806,0.5192729584437528,1.078614665779142,0.5492676085525722,9.453915547871805,5.192729584437528,10.78614665779142,0.18133657701076392,181336577.0107639,181336577010.76392,-0.7415145864629722,649566.816168245,1.618033988749895,0.38196601125010515
0.547,0.9459112549632658,0.5201273071100732,1.079481596817545,0.5498690330418705,9.459112549632657,5.201273071100731,10.79481596817545,0.19017244843738948,190172448.4373895,190172448437.38947,-0.7208524020060095,681217.843033743,1.618033988749895,0.38196601125010515
0.5480000000000002,0.946431809228025,0.5209811356491301,1.080349255204487,0.5504687507006746,9.46431809228025,5.209811356491301,10.80349255204487,0.19945419641374404,199454196.41374403,199454196413.74405,-0.7001568219254093,714466.0469033837,1.618033988749895,0.38196601125010515
0.549,0.9469532170609037,0.5218344432070944,1.0812176383223007,0.5510667621223493,9.469532170609037,5.218344432070944,10.812176383223006,0.20920503476409735,209205034.76409736,209205034764.09735,-0.679427867873818,749394.5821532481,1.618033988749895,0.38196601125010515
0.5500000000000002,0.9474754779404944,0.5226872289306593,1.0820867435588424,0.5516630679105411,9.474754779404943,5.226872289306593,10.820867435588424,0.21944942056453895,219449420.56453896,219449420564.53894,-0.6586655615310406,786091.0566190534,1.618033988749895,0.38196601125010515
0.551,0.947998591344536,0.5235394919670386,1.0829565683074873,0.5522576686791363,9.47998591344536,5.235394919670386,10.829565683074872,0.23021312247191383,230213122.47191384,230213122471.91382,-0.6378699246040896,824647.7763576341,1.618033988749895,0.38196601125010515
0.5520000000000002,0.9485225567499153,0.5243912314639698,1.083827109967127,0.5528505650522229,9.485225567499151,5.243912314639698,10.83827109967127,0.24152329289883034,241523292.89883035,241523292898.83035,-0.6170409788271141,865162.0041854611,1.618033988749895,0.38196601125010515
0.553,0.9490473736326668,0.525242446569713,1.0846983659421638,0.5534417576640495,9.490473736326667,5.252424465697129,10.846983659421637,0.2534085442559404,253408544.2559404,253408544255.9404,-0.5961787459614631,907736.2327865614,1.618033988749895,0.38196601125010515
0.5539999999999999,0.9495730414679738,0.5260931364330534,1.0855703336425078,0.5540312471589864,9.495730414679738,5.260931364330534,10.855703336425076,0.265899029495944,265899029.49594402,265899029495.94403,-0.5752832477956438,952478.4732296686,1.618033988749895,0.38196601125010515
0.555,0.9500995597301686,0.5269433002033014,1.086443010483572,0.5546190341914852,9.500995597301685,5.269433002033013,10.86443010483572,0.2790265272073528,279026527.2073528,279026527207.35284,-0.5543545061453257,999502.5597830922,1.618033988749895,0.38196601125010515
0.5559999999999999,0.9506269278927326,0.527792937030293,1.0873163938862678,0.5552051194260388,9.506269278927325,5.277929370302929,10.873163938862676,0.29282453152073795,292824531.52073795,292824531520.738,-0.5333925428533702,1048928.4719684164,1.618033988749895,0.38196601125010515
0.557,0.9511551454282982,0.5286420460643916,1.088190481277002,0.5557895035371416,9.511551454282982,5.286420460643916,10.881904812770019,0.3073283471057475,307328347.1057475,307328347105.7475,-0.5123973797897626,1100882.6748498727,1.618033988749895,0.38196601125010515
0.5579999999999999,0.9516842118086475,0.529490626456488,1.0890652700876704,0.5563721872092496,9.516842118086474,5.29490626456488,10.890652700876704,0.32257518955336867,322575189.5533687,322575189553.36865,-0.4913690388516727,1155498.4786142297,1.618033988749895,0.38196601125010515
0.559,0.9522141265047143,0.5303386773580023,1.089940757755655,0.5569531711367408,9.522141265047143,5.303386773580023,10.89940757755655,0.3386042914556063,338604291.4556063,338604291455.60626,-0.470307541963414,1212916.4185594334,1.618033988749895,0.38196601125010515
0.5599999999999999,0.9527448889865839,0.5311861979208834,1.0908169417238174,0.557532456023874,9.52744888986584,5.3118619792088335,10.908169417238174,0.3554570145129342,355457014.5129342,355457014512.9342,-0.4492129110764746,1273284.6566753646,1.618033988749895,0.38196601125010515
0.561,0.953276498723494,0.5320331872976108,1.091693819440496,0.5581100425847503,9.53276498723494,5.320331872976108,10.916938194404958,0.3731769680196619,373176968.0196619,373176968019.66187,-0.4280851681694745,1336759.406070966,1.618033988749895,0.38196601125010515
0.5619999999999999,0.9538089551838347,0.5328796446411952,1.0925713883594999,0.5586859315432715,9.538089551838347,5.3287964464119515,10.925713883594998,0.39181013409789794,391810134.09789795,391810134097.89795,-0.40692433524817945,1403505.3795755585,1.618033988749895,0.38196601125010515
0.5630000000000001,0.9543422578351498,0.5337255691051795,1.0934496459401042,0.559260123633102,9.543422578351498,5.337255691051795,10.934496459401041,0.4114050000729114,411405000.07291144,411405000072.91144,-0.38573043434552756,1473696.2639213982,1.618033988749895,0.38196601125010515
0.564,0.9548764061441366,0.534570959843639,1.0943285896470454,0.5598326195976263,9.548764061441366,5.34570959843639,10.943285896470453,0.4320126984060767,432012698.4060767,432012698406.0767,-0.3645034875215771,1547515.2209982995,1.618033988749895,0.38196601125010515
0.5650000000000001,0.9554113995766468,0.5354158160111834,1.095208216950516,0.5604034201899118,9.554113995766468,5.354158160111833,10.95208216950516,0.45368715462610154,453687154.62610155,453687154626.10156,-0.34324351686353294,1625155.4177589556,1.618033988749895,0.38196601125010515
0.566,0.955947237597687,0.5362601367629563,1.0960885253261587,0.560972526172666,9.559472375976869,5.362601367629562,10.960885253261587,0.476485243725696,476485243.725696,476485243725.696,-0.3219505444857516,1706820.5864483619,1.618033988749895,0.38196601125010515
0.5670000000000001,0.9564839196714193,0.5371039212546371,1.0969695122550625,0.561539938318198,9.564839196714193,5.371039212546371,10.969695122550624,0.5004669555186005,500466955.5186005,500466955518.6005,-0.3006245925297151,1792725.6169301977,1.618033988749895,0.38196601125010515
0.568,0.9570214452611616,0.5379471686424414,1.0978511752237559,0.5621056574083781,9.570214452611616,5.379471686424414,10.978511752237559,0.5256955694813229,525695569.4813229,525695569481.3229,-0.2792656831640395,1883097.1829884374,1.618033988749895,0.38196601125010515
0.5690000000000001,0.9575598138293886,0.538789878083122,1.0987335117242027,0.5626696842345974,9.575598138293886,5.387898780831219,10.987335117242027,0.5522378396353557,552237839.6353557,552237839635.3557,-0.2578738385844745,1978174.4045950251,1.618033988749895,0.38196601125010515
0.57,0.9580990248377312,0.5396320487339692,1.0996165192537952,0.5632320195977281,9.580990248377312,5.3963204873396915,10.996165192537951,0.5801641900587954,580164190.0587953,580164190058.7954,-0.2364490810139109,2078209.5482531944,1.618033988749895,0.38196601125010515
0.5710000000000001,0.9586390777469791,0.5404736797528129,1.1005001953153506,0.5637926643080831,9.58639077746979,5.404736797528129,11.005001953153505,0.6095489216516352,609548921.6516352,609548921651.6353,-0.21499143270232976,2183468.7676526345,1.618033988749895,0.38196601125010515
0.572,0.959179972017079,0.5413147702980217,1.1013845374171023,0.5643516191853755,9.59179972017079,5.413147702980217,11.013845374171023,0.6404704308160561,640470430.8160561,640470430816.0562,-0.19350091592687438,2294232.887005443,1.618033988749895,0.38196601125010515
0.5730000000000001,0.9597217071071369,0.5421553195285054,1.1022695430726972,0.5649088850586796,9.597217071071368,5.421553195285053,11.022695430726971,0.6730114407532752,673011440.7532753,673011440753.2753,-0.1719775529917972,2410798.2295759274,1.618033988749895,0.38196601125010515
0.574,0.9602642824754176,0.5429953266037146,1.103155209801188,0.5654644627663896,9.602642824754176,5.429953266037146,11.03155209801188,0.7072592461200544,707259246.1200544,707259246120.0544,-0.1504213662284539,2533477.494066113,1.618033988749895,0.38196601125010515
0.5750000000000001,0.9608076975793459,0.5438347906836426,1.1040415351270283,0.5660183531561802,9.608076975793459,5.438347906836426,11.040415351270282,0.7433059718328471,743305971.8328471,743305971832.847,-0.12883237799533678,2662600.6816796022,1.618033988749895,0.38196601125010515
0.576,0.9613519518755066,0.5446737109288251,1.1049285165800653,0.566570557084966,9.613519518755066,5.446737109288251,11.049285165800653,0.781248846855137,781248846.855137,781248846855.137,-0.10721061067803855,2798516.076856801,1.618033988749895,0.38196601125010515
0.5770000000000001,0.9618970448196457,0.5455120865003423,1.1058161516955358,0.5671210754188616,9.618970448196457,5.455120865003423,11.058161516955357,0.8211904938534806,821190493.8534807,821190493853.4806,-0.08555608668926004,2941591.2848535306,1.618033988749895,0.38196601125010515
0.578,0.9624429758666699,0.5463499165598182,1.1067044380140578,0.5676699090331412,9.624429758666698,5.463499165598182,11.067044380140578,0.8632392356613775,863239235.6613775,863239235661.3774,-0.06386882846882061,3092214.329527054,1.618033988749895,0.38196601125010515
0.5790000000000001,0.9629897444706487,0.5471872002694232,1.1075933730816265,0.5682170588121992,9.629897444706486,5.471872002694232,11.075933730816265,0.9075094195467874,907509419.5467874,907509419546.7875,-0.04214885848362828,3250794.814896652,1.618033988749895,0.38196601125010515
0.58,0.9635373500848131,0.5480239367918736,1.108482954449606,0.5687625256495091,9.63537350084813,5.480239367918736,11.08482954449606,0.9541217603389797,954121760.3389797,954121760338.9796,-0.020396199227711083,3417765.154260322,1.618033988749895,0.38196601125010515
0.5810000000000001,0.9640857921615578,0.5488601252904328,1.1093731796747242,0.5693063104475841,9.640857921615577,5.488601252904328,11.09373179674724,1.003203703534675,1003203703.534675,1003203703534.675,0.001389126777813451,3593581.8708794187,1.618033988749895,0.38196601125010515
0.582,0.9646350701524405,0.5496957649289124,1.1102640463190665,0.5698484141179362,9.646350701524405,5.496957649289123,11.102640463190664,1.0548898095708106,1054889809.5708106,1054889809570.8105,0.02320709698474094,3778726.97448438,1.618033988749895,0.38196601125010515
0.5830000000000001,0.9651851835081837,0.550530854871673,1.1111555519500684,0.5703888375810372,9.651851835081837,5.505308548716729,11.111555519500683,1.1093221605233687,1109322160.5233688,1109322160523.3687,0.0450576888177585,3973709.4181129863,1.618033988749895,0.38196601125010515
0.584,0.9657361316786737,0.5513653942836244,1.11204769414051,0.5709275817662774,9.657361316786735,5.513653942836243,11.1204769414051,1.1666507905682986,1166650790.5682986,1166650790568.2986,0.06694087967447401,4179066.6400669543,1.618033988749895,0.38196601125010515
0.5850000000000001,0.9662879141129626,0.5521993823302277,1.1129404704685086,0.5714646476119265,9.662879141129626,5.521993823302276,11.129404704685086,1.227034141621274,1227034141.621274,1227034141621.274,0.08885664692540393,4395366.196061785,1.618033988749895,0.38196601125010515
0.586,0.9668405302592676,0.5530328181774945,1.113833878517512,0.5720000360650928,9.668405302592676,5.530328181774944,11.138338785175119,1.2906395456594733,1290639545.6594732,1290639545659.4731,0.11080496791396525,4623207.486954441,1.618033988749895,0.38196601125010515
0.5870000000000001,0.9673939795649732,0.5538657009919893,1.1147279158762928,0.5725337480816831,9.673939795649732,5.538657009919892,11.147279158762927,1.357643735320107,1357643735.320107,1357643735320.107,0.13278581995652985,4863223.587761327,1.618033988749895,0.38196601125010515
0.588,0.9679482614766297,0.5546980299408292,1.1156225801389408,0.5730657846263634,9.679482614766297,5.5469802994082915,11.156225801389407,1.4282333844668589,1428233384.4668589,1428233384466.859,0.15479918034236695,5116083.184024508,1.618033988749895,0.38196601125010515
0.5890000000000001,0.9685033754399556,0.5555298041916855,1.1165178689048554,0.573596146672518,9.685033754399555,5.5552980419168545,11.165178689048552,1.5026056805195738,1502605680.5195737,1502605680519.5737,0.17684502633366161,5382492.621957245,1.618033988749895,0.38196601125010515
0.59,0.9690593208998365,0.5563610229127838,1.1174137797787405,0.5741248352022096,9.690593208998365,5.563610229127837,11.174137797787404,1.5809689304514425,1580968930.4514425,1580968930451.4424,0.1989233351655551,5663198.079190062,1.618033988749895,0.38196601125010515
0.5910000000000001,0.9696160973003275,0.5571916852729056,1.118310310370596,0.5746518512061397,9.696160973003275,5.571916852729056,11.18310310370596,1.6635432024740093,1663543202.4740093,1663543202474.0093,0.22103408404609826,5958987.8633543765,1.618033988749895,0.38196601125010515
0.592,0.9701737040846518,0.5580217904413884,1.1192074582957112,0.5751771956836079,9.701737040846517,5.580217904413884,11.192074582957112,1.7505610055548204,1750561005.5548203,1750561005554.8203,0.243177250156273,6270694.846186652,1.618033988749895,0.38196601125010515
0.5930000000000001,0.970732140695203,0.5588513375881276,1.1201052211746585,0.5757008696424727,9.70732140695203,5.588513375881275,11.201052211746584,1.8422680090431414,1842268009.0431414,1842268009043.1414,0.26535281065002353,6599199.041303905,1.618033988749895,0.38196601125010515
0.594,0.9712914065735443,0.5596803258835754,1.1210035966332843,0.5762228740991105,9.712914065735442,5.596803258835754,11.210035966332843,1.9389238048184376,1938923804.8184376,1938923804818.4377,0.2875607426542113,6945430.334300245,1.618033988749895,0.38196601125010515
0.5950000000000001,0.9718515011604101,0.5605087544987443,1.1219025823027042,0.5767432100783768,9.7185150116041,5.605087544987442,11.219025823027042,2.040802714525487,2040802714.525487,2040802714525.487,0.3098010232686564,7310371.374348509,1.618033988749895,0.38196601125010515
0.596,0.9724124238957055,0.5613366226052051,1.1228021758192934,0.5772618786135648,9.724124238957055,5.613366226052051,11.228021758192934,2.148194644616107,2148194644.616107,2148194644616.107,0.3320736295661052,7695060.637050241,1.618033988749895,0.38196601125010515
0.5970000000000001,0.9729741742185083,0.5621639293750904,1.1237023748246817,0.577778880746367,9.729741742185082,5.621639293750904,11.237023748246816,2.2614059920861096,2261405992.0861096,2261405992086.1094,0.3543785385922849,8100595.668881361,1.618033988749895,0.38196601125010515
0.598,0.9735367515670678,0.5629906739810929,1.1246031769657436,0.5782942175268336,9.735367515670678,5.629906739810929,11.246031769657435,2.3807606039721962,2380760603.972196,2380760603972.1963,0.37671572736585013,8528136.524211612,1.618033988749895,0.38196601125010515
0.5990000000000001,0.9741001553788069,0.5638168555964685,1.1255045798945933,0.5788078900133345,9.741001553788069,5.638168555964685,11.255045798945932,2.506600793864302,2506600793.864302,2506600793864.3022,0.39908517287843764,8978909.406559395,1.618033988749895,0.38196601125010515
0.6,0.9746643850903217,0.5646424733950354,1.1264065812685746,0.5793198992725175,9.746643850903217,5.6464247339503535,11.264065812685745,2.639288418887409,2639288418.8874087,2639288418887.4087,0.4214868520946054,9454210.526454633,1.618033988749895,0.38196601125010515
